date,fold_id,y_true,y_pred,model,model_type
2023-02-01,1,0.072786845266819,-0.0007394627900794,CNN_LSTM,DL
2023-02-01,1,0.072786845266819,-0.0034307977184653,LSTM,DL
2023-02-01,1,0.0727868454946316,-0.0009823020950583,LightGBM,ML
2023-02-01,1,0.0727868454946316,-0.0051445602021229,RandomForest,ML
2023-02-01,1,0.072786845266819,-0.0014739814214408,TCN,DL
2023-02-01,1,0.072786845266819,0.0015090557280927,TFT,DL
2023-02-01,1,0.072786845266819,-0.0042188549414277,Transformer,DL
2023-02-01,1,0.0727868454946316,-0.0012949554948136,XGBoost,ML
2023-02-02,1,-0.0274734310805797,-0.0008606490446254,CNN_LSTM,DL
2023-02-02,1,-0.0274734310805797,-0.0043762680143117,LSTM,DL
2023-02-02,1,-0.0274734306920563,-0.0016417255643912,LightGBM,ML
2023-02-02,1,-0.0274734306920563,-0.0039316246444758,RandomForest,ML
2023-02-02,1,-0.0274734310805797,-0.0022012407425791,TCN,DL
2023-02-02,1,-0.0274734310805797,0.0015689509455114,TFT,DL
2023-02-02,1,-0.0274734310805797,-0.005275116302073,Transformer,DL
2023-02-02,1,-0.0274734306920563,-0.0015511295059695,XGBoost,ML
2023-02-03,1,-0.0179423931986093,-0.0006084103952161,CNN_LSTM,DL
2023-02-03,1,-0.0179423931986093,-0.0037956072483211,LSTM,DL
2023-02-03,1,-0.0179423940046076,-0.0016417255643912,LightGBM,ML
2023-02-03,1,-0.0179423940046076,-0.0039224810899386,RandomForest,ML
2023-02-03,1,-0.0179423931986093,-0.003372119506821,TCN,DL
2023-02-03,1,-0.0179423931986093,0.0014646302442997,TFT,DL
2023-02-03,1,-0.0179423931986093,-0.0034271483309566,Transformer,DL
2023-02-03,1,-0.0179423940046076,-0.0018899663118645,XGBoost,ML
2023-02-06,1,0.0460641235113143,-0.0003416334511712,CNN_LSTM,DL
2023-02-06,1,0.0460641235113143,-0.0032474440522491,LSTM,DL
2023-02-06,1,0.046064123214967,-0.0016417255643912,LightGBM,ML
2023-02-06,1,0.046064123214967,-0.0018138416898637,RandomForest,ML
2023-02-06,1,0.0460641235113143,-0.0029145390726625,TCN,DL
2023-02-06,1,0.0460641235113143,0.001511116977781,TFT,DL
2023-02-06,1,0.0460641235113143,-0.0030119600705802,Transformer,DL
2023-02-06,1,0.046064123214967,-0.0016417255392298,XGBoost,ML
2023-02-07,1,-0.0768301263451576,-0.000112494919449,CNN_LSTM,DL
2023-02-07,1,-0.0768301263451576,-0.00202372437343,LSTM,DL
2023-02-07,1,-0.0768301284001444,-0.0017945396241673,LightGBM,ML
2023-02-07,1,-0.0768301284001444,-0.002998360356275,RandomForest,ML
2023-02-07,1,-0.0768301263451576,-0.0009436715045012,TCN,DL
2023-02-07,1,-0.0768301263451576,0.0015142175834625,TFT,DL
2023-02-07,1,-0.0768301263451576,-0.0020397724583745,Transformer,DL
2023-02-07,1,-0.0768301284001444,-0.0015511295059695,XGBoost,ML
2023-02-08,1,-0.0438763126730918,-0.0001708016498014,CNN_LSTM,DL
2023-02-08,1,-0.0438763126730918,-0.0027015735395252,LSTM,DL
2023-02-08,1,-0.0438763136120562,-0.0017945396241673,LightGBM,ML
2023-02-08,1,-0.0438763136120562,-0.0044041515611482,RandomForest,ML
2023-02-08,1,-0.0438763126730918,-0.0011688692029565,TCN,DL
2023-02-08,1,-0.0438763126730918,0.0015127351507544,TFT,DL
2023-02-08,1,-0.0438763126730918,-0.0060059465467929,Transformer,DL
2023-02-08,1,-0.0438763136120562,-0.0018899663118645,XGBoost,ML
2023-02-09,1,-0.0046311561018228,-0.0002512590726837,CNN_LSTM,DL
2023-02-09,1,-0.0046311561018228,-0.0013424280332401,LSTM,DL
2023-02-09,1,-0.0046311560130795,-0.0016417255643912,LightGBM,ML
2023-02-09,1,-0.0046311560130795,0.0003637547129191,RandomForest,ML
2023-02-09,1,-0.0046311561018228,-0.0034221203532069,TCN,DL
2023-02-09,1,-0.0046311561018228,0.001657988410443,TFT,DL
2023-02-09,1,-0.0046311561018228,-0.0009181919740512,Transformer,DL
2023-02-09,1,-0.0046311560130795,-0.0018899663118645,XGBoost,ML
2023-02-10,1,0.0004229213227517,-1.3138866052031515e-05,CNN_LSTM,DL
2023-02-10,1,0.0004229213227517,0.0018842611461877,LSTM,DL
2023-02-10,1,0.000422921310869,-0.0016417255643912,LightGBM,ML
2023-02-10,1,0.000422921310869,0.0060197564006036,RandomForest,ML
2023-02-10,1,0.0004229213227517,-0.0046192957088351,TCN,DL
2023-02-10,1,0.0004229213227517,0.0016824412159621,TFT,DL
2023-02-10,1,0.0004229213227517,0.0003506925422698,Transformer,DL
2023-02-10,1,0.000422921310869,-0.0016417255392298,XGBoost,ML
2023-02-13,1,0.0007400228641927,0.0004362461622804,CNN_LSTM,DL
2023-02-13,1,0.0007400228641927,0.0032205986790359,LSTM,DL
2023-02-13,1,0.0007400228539338,-0.0017945396241673,LightGBM,ML
2023-02-13,1,0.0007400228539338,-5.688188430119964e-05,RandomForest,ML
2023-02-13,1,0.0007400228641927,-0.0021026874892413,TCN,DL
2023-02-13,1,0.0007400228641927,0.001750259194523,TFT,DL
2023-02-13,1,0.0007400228641927,0.0004504476673901,Transformer,DL
2023-02-13,1,0.0007400228539338,-0.0016417255392298,XGBoost,ML
2023-02-14,1,0.0238697659224271,0.0006191295105963,CNN_LSTM,DL
2023-02-14,1,0.0238697659224271,0.0034277918748557,LSTM,DL
2023-02-14,1,0.0238697665536831,-0.0016417255643912,LightGBM,ML
2023-02-14,1,0.0238697665536831,-0.0002504694541166,RandomForest,ML
2023-02-14,1,0.0238697659224271,-0.0034852945245802,TCN,DL
2023-02-14,1,0.0238697659224271,0.0017912462353706,TFT,DL
2023-02-14,1,0.0238697659224271,0.0033459640108048,Transformer,DL
2023-02-14,1,0.0238697665536831,-0.0018899663118645,XGBoost,ML
2023-02-15,1,-0.014751361683011,0.0008094746153801,CNN_LSTM,DL
2023-02-15,1,-0.014751361683011,0.004065434448421,LSTM,DL
2023-02-15,1,-0.0147513614482022,-0.0016417255643912,LightGBM,ML
2023-02-15,1,-0.0147513614482022,0.0019675132037918,RandomForest,ML
2023-02-15,1,-0.014751361683011,-0.005477936938405,TCN,DL
2023-02-15,1,-0.014751361683011,0.0017774319276213,TFT,DL
2023-02-15,1,-0.014751361683011,0.0006123022176325,Transformer,DL
2023-02-15,1,-0.0147513614482022,-0.0016417255392298,XGBoost,ML
2023-02-16,1,-0.0121454587206244,0.0007992463652044,CNN_LSTM,DL
2023-02-16,1,-0.0121454587206244,0.0048400429077446,LSTM,DL
2023-02-16,1,-0.0121454583325989,-0.0016417255643912,LightGBM,ML
2023-02-16,1,-0.0121454583325989,0.0053736671917562,RandomForest,ML
2023-02-16,1,-0.0121454587206244,-0.0052977134473621,TCN,DL
2023-02-16,1,-0.0121454587206244,0.0018244069069623,TFT,DL
2023-02-16,1,-0.0121454587206244,0.0008796821348369,Transformer,DL
2023-02-16,1,-0.0121454583325989,-0.0008593135280534,XGBoost,ML
2023-02-17,1,-0.0271330140531063,0.001125571783632,CNN_LSTM,DL
2023-02-17,1,-0.0271330140531063,0.0052419556304812,LSTM,DL
2023-02-17,1,-0.0271330132613062,-0.0017945396241673,LightGBM,ML
2023-02-17,1,-0.0271330132613062,0.0016005520326526,RandomForest,ML
2023-02-17,1,-0.0271330140531063,-0.0057614143006503,TCN,DL
2023-02-17,1,-0.0271330140531063,0.0019181214738637,TFT,DL
2023-02-17,1,-0.0271330140531063,-0.001400165609084,Transformer,DL
2023-02-17,1,-0.0271330132613062,-0.0008593135280534,XGBoost,ML
2023-02-21,1,-0.0015251812292262,0.0015232355799525,CNN_LSTM,DL
2023-02-21,1,-0.0015251812292262,0.0054941200651228,LSTM,DL
2023-02-21,1,-0.0015251812346097,-0.0009823020950583,LightGBM,ML
2023-02-21,1,-0.0015251812346097,0.0038173325478883,RandomForest,ML
2023-02-21,1,-0.0015251812292262,0.0003787579480558,TCN,DL
2023-02-21,1,-0.0015251812292262,0.0018611699342727,TFT,DL
2023-02-21,1,-0.0015251812292262,0.0053158001974225,Transformer,DL
2023-02-21,1,-0.0015251812346097,-0.0005204767221584,XGBoost,ML
2023-02-22,1,-0.0082923583686351,0.001654848922044,CNN_LSTM,DL
2023-02-22,1,-0.0082923583686351,0.0055031073279678,LSTM,DL
2023-02-22,1,-0.0082923581508291,-0.0016417255643912,LightGBM,ML
2023-02-22,1,-0.0082923581508291,0.0043981704326836,RandomForest,ML
2023-02-22,1,-0.0082923583686351,-0.0004706920590251,TCN,DL
2023-02-22,1,-0.0082923583686351,0.0018358752131462,TFT,DL
2023-02-22,1,-0.0082923583686351,0.0053434125147759,Transformer,DL
2023-02-22,1,-0.0082923581508291,-0.0005204767221584,XGBoost,ML
2023-02-23,1,-0.0193640850484371,0.0014860795345157,CNN_LSTM,DL
2023-02-23,1,-0.0193640850484371,0.0049187093973159,LSTM,DL
2023-02-23,1,-0.0193640841431902,-0.0017945396241673,LightGBM,ML
2023-02-23,1,-0.0193640841431902,-0.000518501634527,RandomForest,ML
2023-02-23,1,-0.0193640850484371,-0.0018904140451923,TCN,DL
2023-02-23,1,-0.0193640850484371,0.0018041417934,TFT,DL
2023-02-23,1,-0.0193640850484371,0.0020011358428746,Transformer,DL
2023-02-23,1,-0.0193640841431902,-0.0015633614966645,XGBoost,ML
2023-02-24,1,0.0083024865016341,0.001664800569415,CNN_LSTM,DL
2023-02-24,1,0.0083024865016341,0.0046491608954966,LSTM,DL
2023-02-24,1,0.0083024862783789,-0.0017945396241673,LightGBM,ML
2023-02-24,1,0.0083024862783789,0.0021107756379929,RandomForest,ML
2023-02-24,1,0.0083024865016341,-0.0026264742482453,TCN,DL
2023-02-24,1,0.0083024865016341,0.0017883372493088,TFT,DL
2023-02-24,1,0.0083024865016341,0.0031443792395293,Transformer,DL
2023-02-24,1,0.0083024862783789,-0.0008593135280534,XGBoost,ML
2023-02-27,1,0.0021141711622476,0.0018185337539762,CNN_LSTM,DL
2023-02-27,1,0.0021141711622476,0.0045652375556528,LSTM,DL
2023-02-27,1,0.0021141712340988,-0.0009823020950583,LightGBM,ML
2023-02-27,1,0.0021141712340988,0.0036652133297771,RandomForest,ML
2023-02-27,1,0.0021141711622476,-0.0009430227219127,TCN,DL
2023-02-27,1,0.0021141711622476,0.0017416740301996,TFT,DL
2023-02-27,1,0.0021141711622476,0.0079468442127108,Transformer,DL
2023-02-27,1,0.0021141712340988,-0.0009126340737566,XGBoost,ML
2023-02-28,1,0.0033311359584331,0.0016844295896589,CNN_LSTM,DL
2023-02-28,1,0.0033311359584331,0.0040420009754598,LSTM,DL
2023-02-28,1,0.0033311360200645,-0.0020978272185264,LightGBM,ML
2023-02-28,1,0.0033311360200645,-0.0025114950648458,RandomForest,ML
2023-02-28,1,0.0033311359584331,0.00034244148992,TCN,DL
2023-02-28,1,0.0033311359584331,0.001746960915625,TFT,DL
2023-02-28,1,0.0033311359584331,0.0061596389859914,Transformer,DL
2023-02-28,1,0.0033311360200645,-0.0023407959379255,XGBoost,ML
2023-03-01,2,0.0181496143341064,-0.0081890663132071,CNN_LSTM,DL
2023-03-01,2,0.0181496143341064,0.0019330186769366,LSTM,DL
2023-03-01,2,0.0181496148398321,-0.0003995533584215,LightGBM,ML
2023-03-01,2,0.0181496148398321,-0.0043191156466283,RandomForest,ML
2023-03-01,2,0.0181496143341064,0.0020749843679368,TCN,DL
2023-03-01,2,0.0181496143341064,-0.0018150706309825,TFT,DL
2023-03-01,2,0.0181496143341064,-0.0014913761988282,Transformer,DL
2023-03-01,2,0.0181496148398321,-0.0014094020007178,XGBoost,ML
2023-03-02,2,0.0179347824305295,-0.0091991797089576,CNN_LSTM,DL
2023-03-02,2,0.0179347824305295,0.0007683549192734,LSTM,DL
2023-03-02,2,0.017934783153618,-0.0009548539374407,LightGBM,ML
2023-03-02,2,0.017934783153618,-0.0032946518584564,RandomForest,ML
2023-03-02,2,0.0179347824305295,0.002405870007351,TCN,DL
2023-03-02,2,0.0179347824305295,-0.001835765549913,TFT,DL
2023-03-02,2,0.0179347824305295,-0.003106176154688,Transformer,DL
2023-03-02,2,0.017934783153618,-0.0017173753585666,XGBoost,ML
2023-03-03,2,0.0158035364001989,-0.0091176256537437,CNN_LSTM,DL
2023-03-03,2,0.0158035364001989,-0.0001129385200329,LSTM,DL
2023-03-03,2,0.0158035361696771,-0.0003995533584215,LightGBM,ML
2023-03-03,2,0.0158035361696771,-0.0014858761221966,RandomForest,ML
2023-03-03,2,0.0158035364001989,0.001295348862186,TCN,DL
2023-03-03,2,0.0158035364001989,-0.0018504925537854,TFT,DL
2023-03-03,2,0.0158035364001989,-0.0035269109066575,Transformer,DL
2023-03-03,2,0.0158035361696771,-0.0017173753585666,XGBoost,ML
2023-03-06,2,-0.0133502213284373,-0.0055382940918207,CNN_LSTM,DL
2023-03-06,2,-0.0133502213284373,-0.0005282786441966,LSTM,DL
2023-03-06,2,-0.0133502217104529,-0.0003995533584215,LightGBM,ML
2023-03-06,2,-0.0133502217104529,0.0001130334107584,RandomForest,ML
2023-03-06,2,-0.0133502213284373,0.0012976117432117,TCN,DL
2023-03-06,2,-0.0133502213284373,-0.0018345988355576,TFT,DL
2023-03-06,2,-0.0133502213284373,-0.0017437429632991,Transformer,DL
2023-03-06,2,-0.0133502217104529,-0.0009496872080489,XGBoost,ML
2023-03-07,2,0.0041551459580659,-0.0068666809238493,CNN_LSTM,DL
2023-03-07,2,0.0041551459580659,-0.0011998710688203,LSTM,DL
2023-03-07,2,0.0041551458658077,-0.0009672259604011,LightGBM,ML
2023-03-07,2,0.0041551458658077,-0.0008080871157073,RandomForest,ML
2023-03-07,2,0.0041551459580659,0.0016678278334438,TCN,DL
2023-03-07,2,0.0041551459580659,-0.0018191905692219,TFT,DL
2023-03-07,2,0.0041551459580659,-0.0027740579098463,Transformer,DL
2023-03-07,2,0.0041551458658077,-0.0025980959180742,XGBoost,ML
2023-03-08,2,-0.0204774588346481,-0.0049274857155978,CNN_LSTM,DL
2023-03-08,2,-0.0204774588346481,-0.0016894685104489,LSTM,DL
2023-03-08,2,-0.0204774593961158,-0.0009548539374407,LightGBM,ML
2023-03-08,2,-0.0204774593961158,0.0013806055848865,RandomForest,ML
2023-03-08,2,-0.0204774588346481,0.0011031110771,TCN,DL
2023-03-08,2,-0.0204774588346481,-0.0018134429119527,TFT,DL
2023-03-08,2,-0.0204774588346481,-0.0014418866485357,Transformer,DL
2023-03-08,2,-0.0204774593961158,-0.0002576113329268,XGBoost,ML
2023-03-09,2,-0.018305929377675,-0.0030901220161467,CNN_LSTM,DL
2023-03-09,2,-0.018305929377675,-0.0016078690532594,LSTM,DL
2023-03-09,2,-0.0183059302117999,-0.0003995533584215,LightGBM,ML
2023-03-09,2,-0.0183059302117999,0.0021341757178596,RandomForest,ML
2023-03-09,2,-0.018305929377675,0.0014862830284982,TCN,DL
2023-03-09,2,-0.018305929377675,-0.0017981540877372,TFT,DL
2023-03-09,2,-0.018305929377675,-0.002756337635219,Transformer,DL
2023-03-09,2,-0.0183059302117999,-0.0012036146363243,XGBoost,ML
2023-03-10,2,0.0052962801419198,0.0070565566420555,CNN_LSTM,DL
2023-03-10,2,0.0052962801419198,-0.0006838896078988,LSTM,DL
2023-03-10,2,0.0052962801526348,-0.0009672259604011,LightGBM,ML
2023-03-10,2,0.0052962801526348,0.0015542068947577,RandomForest,ML
2023-03-10,2,0.0052962801419198,0.0012279103975743,TCN,DL
2023-03-10,2,0.0052962801419198,-0.0017596097895875,TFT,DL
2023-03-10,2,0.0052962801419198,0.0003384864539839,Transformer,DL
2023-03-10,2,0.0052962801526348,-0.0011643854668363,XGBoost,ML
2023-03-13,2,0.0313906446099281,0.013737604022026,CNN_LSTM,DL
2023-03-13,2,0.0313906446099281,0.0014302465133368,LSTM,DL
2023-03-13,2,0.0313906464302298,-0.0003995533584215,LightGBM,ML
2023-03-13,2,0.0313906464302298,0.0037655451499235,RandomForest,ML
2023-03-13,2,0.0313906446099281,0.0023304612841457,TCN,DL
2023-03-13,2,0.0313906446099281,-0.0017154574161395,TFT,DL
2023-03-13,2,0.0313906446099281,0.0023762572091072,Transformer,DL
2023-03-13,2,0.0313906464302298,0.0018276143819093,XGBoost,ML
2023-03-14,2,0.0227734185755252,0.0150466570630669,CNN_LSTM,DL
2023-03-14,2,0.0227734185755252,0.0036608579102903,LSTM,DL
2023-03-14,2,0.0227734189888462,-0.0003995533584215,LightGBM,ML
2023-03-14,2,0.0227734189888462,-0.0020608516973308,RandomForest,ML
2023-03-14,2,0.0227734185755252,0.0011913075577467,TCN,DL
2023-03-14,2,0.0227734185755252,-0.0016856251750141,TFT,DL
2023-03-14,2,0.0227734185755252,0.0006277880747802,Transformer,DL
2023-03-14,2,0.0227734189888462,-0.0009496872080489,XGBoost,ML
2023-03-15,2,0.0438038036227226,0.0133506078273057,CNN_LSTM,DL
2023-03-15,2,0.0438038036227226,0.0044751912355422,LSTM,DL
2023-03-15,2,0.0438038036725025,-0.0003995533584215,LightGBM,ML
2023-03-15,2,0.0438038036725025,-0.0001360208491828,RandomForest,ML
2023-03-15,2,0.0438038036227226,0.0010816603899002,TCN,DL
2023-03-15,2,0.0438038036227226,-0.001671431120485,TFT,DL
2023-03-15,2,0.0438038036227226,0.0008514074725098,Transformer,DL
2023-03-15,2,0.0438038036725025,-0.0003494622651487,XGBoost,ML
2023-03-16,2,0.0129586234688758,0.0005876226932741,CNN_LSTM,DL
2023-03-16,2,0.0129586234688758,0.002258930588141,LSTM,DL
2023-03-16,2,0.0129586238481989,-0.0009548539374407,LightGBM,ML
2023-03-16,2,0.0129586238481989,-0.0011626144891685,RandomForest,ML
2023-03-16,2,0.0129586234688758,0.0002712543937377,TCN,DL
2023-03-16,2,0.0129586234688758,-0.0016658054664731,TFT,DL
2023-03-16,2,0.0129586234688758,-0.0049943006597459,Transformer,DL
2023-03-16,2,0.0129586238481989,-0.0016719526611268,XGBoost,ML
2023-03-17,2,-0.0039362604729831,-0.0130450744181871,CNN_LSTM,DL
2023-03-17,2,-0.0039362604729831,-0.0028465513605624,LSTM,DL
2023-03-17,2,-0.003936260359008,-0.0009548539374407,LightGBM,ML
2023-03-17,2,-0.003936260359008,-0.000427894340262,RandomForest,ML
2023-03-17,2,-0.0039362604729831,0.0001459009363315,TCN,DL
2023-03-17,2,-0.0039362604729831,-0.001684833667241,TFT,DL
2023-03-17,2,-0.0039362604729831,-0.0068631819449365,Transformer,DL
2023-03-17,2,-0.003936260359008,-0.0016157135833054,XGBoost,ML
2023-03-20,2,0.0365538410842418,-0.0149416914209723,CNN_LSTM,DL
2023-03-20,2,0.0365538410842418,-0.0086874738335609,LSTM,DL
2023-03-20,2,0.0365538398820501,-0.0009548539374407,LightGBM,ML
2023-03-20,2,0.0365538398820501,-0.0040773166765153,RandomForest,ML
2023-03-20,2,0.0365538410842418,-0.0008793635643087,TCN,DL
2023-03-20,2,0.0365538410842418,-0.0017202969174832,TFT,DL
2023-03-20,2,0.0365538410842418,-0.009153994731605,Transformer,DL
2023-03-20,2,0.0365538398820501,-0.0025110300630331,XGBoost,ML
2023-03-21,2,-0.0147730829194188,-0.0093387002125382,CNN_LSTM,DL
2023-03-21,2,-0.0147730829194188,-0.0093873394653201,LSTM,DL
2023-03-21,2,-0.0147730831943422,-0.0003995533584215,LightGBM,ML
2023-03-21,2,-0.0147730831943422,-0.000402471520566,RandomForest,ML
2023-03-21,2,-0.0147730829194188,0.0005086311721242,TCN,DL
2023-03-21,2,-0.0147730829194188,-0.0017338383477181,TFT,DL
2023-03-21,2,-0.0147730829194188,-0.007352796383202,Transformer,DL
2023-03-21,2,-0.0147730831943422,0.0024634189903736,XGBoost,ML
2023-03-22,2,0.0215730164200067,-0.0035415003076195,CNN_LSTM,DL
2023-03-22,2,0.0215730164200067,-0.0083350474014878,LSTM,DL
2023-03-22,2,0.0215730166959813,-0.0009548539374407,LightGBM,ML
2023-03-22,2,0.0215730166959813,-0.0022803972307422,RandomForest,ML
2023-03-22,2,0.0215730164200067,0.0008475219947285,TCN,DL
2023-03-22,2,0.0215730164200067,-0.0017551030032336,TFT,DL
2023-03-22,2,0.0215730164200067,-0.0093376878648996,Transformer,DL
2023-03-22,2,0.0215730166959813,-0.0013175439089536,XGBoost,ML
2023-03-23,2,-0.0015149875544011,-0.0057160896249115,CNN_LSTM,DL
2023-03-23,2,-0.0015149875544011,-0.0078875264152884,LSTM,DL
2023-03-23,2,-0.0015149875081957,-0.0009672259604011,LightGBM,ML
2023-03-23,2,-0.0015149875081957,0.0004498804582676,RandomForest,ML
2023-03-23,2,-0.0015149875544011,0.0005595432012341,TCN,DL
2023-03-23,2,-0.0015149875544011,-0.0017685866914689,TFT,DL
2023-03-23,2,-0.0015149875544011,-0.0113685261458158,Transformer,DL
2023-03-23,2,-0.0015149875081957,-0.0006682003149762,XGBoost,ML
2023-03-24,2,-0.0282626990228891,0.0009305006242357,CNN_LSTM,DL
2023-03-24,2,-0.0282626990228891,-0.0077747083269059,LSTM,DL
2023-03-24,2,-0.0282626993069342,-0.0009548539374407,LightGBM,ML
2023-03-24,2,-0.0282626993069342,-0.0036723939529713,RandomForest,ML
2023-03-24,2,-0.0282626990228891,-0.0002657854929566,TCN,DL
2023-03-24,2,-0.0282626990228891,-0.0017956969095394,TFT,DL
2023-03-24,2,-0.0282626990228891,-0.0137231443077325,Transformer,DL
2023-03-24,2,-0.0282626993069342,-0.0022338535636663,XGBoost,ML
2023-03-27,2,-0.0139567125588655,0.0093622151762247,CNN_LSTM,DL
2023-03-27,2,-0.0139567125588655,-0.0075315264984965,LSTM,DL
2023-03-27,2,-0.0139567123445122,-0.0003995533584215,LightGBM,ML
2023-03-27,2,-0.0139567123445122,-0.0033103423153723,RandomForest,ML
2023-03-27,2,-0.0139567125588655,0.0006404911982826,TCN,DL
2023-03-27,2,-0.0139567125588655,-0.0018071492668241,TFT,DL
2023-03-27,2,-0.0139567125588655,-0.0115917641669511,Transformer,DL
2023-03-27,2,-0.0139567123445122,-0.0011623668251559,XGBoost,ML
2023-03-28,2,0.0035632930230349,0.017756724730134,CNN_LSTM,DL
2023-03-28,2,0.0035632930230349,-0.0048057278618216,LSTM,DL
2023-03-28,2,0.0035632929995124,-0.0009548539374407,LightGBM,ML
2023-03-28,2,0.0035632929995124,0.0006139758950821,RandomForest,ML
2023-03-28,2,0.0035632930230349,0.001532330410555,TCN,DL
2023-03-28,2,0.0035632930230349,-0.0018265884136781,TFT,DL
2023-03-28,2,0.0035632930230349,-0.0055529559031128,Transformer,DL
2023-03-28,2,0.0035632929995124,0.0012558813905343,XGBoost,ML
2023-03-29,2,-0.0049314121715724,0.0195948053151369,CNN_LSTM,DL
2023-03-29,2,-0.0049314121715724,-0.0021855633240193,LSTM,DL
2023-03-29,2,-0.0049314121720906,-0.0009548539374407,LightGBM,ML
2023-03-29,2,-0.0049314121720906,0.001190276359307,RandomForest,ML
2023-03-29,2,-0.0049314121715724,0.0003262130194343,TCN,DL
2023-03-29,2,-0.0049314121715724,-0.0018487421330064,TFT,DL
2023-03-29,2,-0.0049314121715724,-0.0061589032411575,Transformer,DL
2023-03-29,2,-0.0049314121720906,0.0005660309689119,XGBoost,ML
2023-03-30,2,0.0281495470553636,0.0189808886498212,CNN_LSTM,DL
2023-03-30,2,0.0281495470553636,-0.0026318356394767,LSTM,DL
2023-03-30,2,0.0281495474901611,-0.0009548539374407,LightGBM,ML
2023-03-30,2,0.0281495474901611,-0.0005456546582227,RandomForest,ML
2023-03-30,2,0.0281495470553636,0.0005396155756898,TCN,DL
2023-03-30,2,0.0281495470553636,-0.0018472978845238,TFT,DL
2023-03-30,2,0.0281495470553636,-0.0052646459080278,Transformer,DL
2023-03-30,2,0.0281495474901611,-0.0010765502229332,XGBoost,ML
2023-03-31,2,0.0060735247097909,0.0149098085239529,CNN_LSTM,DL
2023-03-31,2,0.0060735247097909,-0.0041950866580009,LSTM,DL
2023-03-31,2,0.0060735247986514,-0.0003995533584215,LightGBM,ML
2023-03-31,2,0.0060735247986514,0.0013665569570725,RandomForest,ML
2023-03-31,2,0.0060735247097909,0.0003305154968984,TCN,DL
2023-03-31,2,0.0060735247097909,-0.00186432688497,TFT,DL
2023-03-31,2,0.0060735247097909,-0.0052090808749198,Transformer,DL
2023-03-31,2,0.0060735247986514,0.0020815418101847,XGBoost,ML
2023-04-03,3,0.0034495184663683,0.0070016705431044,CNN_LSTM,DL
2023-04-03,3,0.0034495184663683,-0.0010874834842979,LSTM,DL
2023-04-03,3,0.0034495184109604,-5.757440396353061e-05,LightGBM,ML
2023-04-03,3,0.0034495184109604,0.0041454875447723,RandomForest,ML
2023-04-03,3,0.0034495184663683,-0.0061096302233636,TCN,DL
2023-04-03,3,0.0034495184663683,2.6992405764758587e-05,TFT,DL
2023-04-03,3,0.0034495184663683,0.0027860072441399,Transformer,DL
2023-04-03,3,0.0034495184109604,0.0012827168684452,XGBoost,ML
2023-04-04,3,-0.0023872987367212,0.0005922330310568,CNN_LSTM,DL
2023-04-04,3,-0.0023872987367212,-0.0008838849607855,LSTM,DL
2023-04-04,3,-0.0023872986492112,-0.0018756786084092,LightGBM,ML
2023-04-04,3,-0.0023872986492112,-0.0088329507374374,RandomForest,ML
2023-04-04,3,-0.0023872987367212,-0.0073204585351049,TCN,DL
2023-04-04,3,-0.0023872987367212,2.5098910555243492e-05,TFT,DL
2023-04-04,3,-0.0023872987367212,0.0043565714731812,Transformer,DL
2023-04-04,3,-0.0023872986492112,-0.0021211714483797,XGBoost,ML
2023-04-05,3,0.0378098301589489,-0.0060306885279715,CNN_LSTM,DL
2023-04-05,3,0.0378098301589489,-0.0006398728000931,LSTM,DL
2023-04-05,3,0.0378098315966548,-0.0018756786084092,LightGBM,ML
2023-04-05,3,0.0378098315966548,-0.010079140716966,RandomForest,ML
2023-04-05,3,0.0378098301589489,-0.004561205394566,TCN,DL
2023-04-05,3,0.0378098301589489,1.9246828742325303e-05,TFT,DL
2023-04-05,3,0.0378098301589489,0.0014709838433191,Transformer,DL
2023-04-05,3,0.0378098315966548,-0.0026715567801147,XGBoost,ML
2023-04-06,3,-0.0182622149586677,-0.0075601944699883,CNN_LSTM,DL
2023-04-06,3,-0.0182622149586677,-0.0004951662267558,LSTM,DL
2023-04-06,3,-0.0182622155663914,-0.0015661773998961,LightGBM,ML
2023-04-06,3,-0.0182622155663914,-0.0046065371082157,RandomForest,ML
2023-04-06,3,-0.0182622149586677,-0.0055110268294811,TCN,DL
2023-04-06,3,-0.0182622149586677,8.754665032029152e-06,TFT,DL
2023-04-06,3,-0.0182622149586677,0.0035740910097956,Transformer,DL
2023-04-06,3,-0.0182622155663914,-0.0016845798818394,XGBoost,ML
2023-04-10,3,-0.0102406479418277,-0.0136700738221406,CNN_LSTM,DL
2023-04-10,3,-0.0102406479418277,-0.0002918163081631,LSTM,DL
2023-04-10,3,-0.0102406475254759,-0.0005363601445025,LightGBM,ML
2023-04-10,3,-0.0102406475254759,-0.0023829265027839,RandomForest,ML
2023-04-10,3,-0.0102406479418277,-0.0051313820295035,TCN,DL
2023-04-10,3,-0.0102406479418277,8.5409265011549e-06,TFT,DL
2023-04-10,3,-0.0102406479418277,0.0007209909381344,Transformer,DL
2023-04-10,3,-0.0102406475254759,-0.0017747159581631,XGBoost,ML
2023-04-11,3,-0.0067394222132861,-0.0137880546972155,CNN_LSTM,DL
2023-04-11,3,-0.0067394222132861,-0.0004672889481298,LSTM,DL
2023-04-11,3,-0.0067394222380867,-0.0012597045324329,LightGBM,ML
2023-04-11,3,-0.0067394222380867,-0.0074544260805394,RandomForest,ML
2023-04-11,3,-0.0067394222132861,-0.004008543677628,TCN,DL
2023-04-11,3,-0.0067394222132861,1.7496058717370031e-06,TFT,DL
2023-04-11,3,-0.0067394222132861,0.0047316122800111,Transformer,DL
2023-04-11,3,-0.0067394222380867,-0.0022352102678269,XGBoost,ML
2023-04-12,3,0.026662953197956,-0.012431445531547,CNN_LSTM,DL
2023-04-12,3,0.026662953197956,-0.0002543665468692,LSTM,DL
2023-04-12,3,0.026662952439155,-0.0015661773998961,LightGBM,ML
2023-04-12,3,0.026662952439155,-0.0062405836439226,RandomForest,ML
2023-04-12,3,0.026662953197956,-0.0028373417444527,TCN,DL
2023-04-12,3,0.026662953197956,-3.10409814119339e-06,TFT,DL
2023-04-12,3,0.026662953197956,0.0023781773634254,Transformer,DL
2023-04-12,3,0.026662952439155,-0.0016845798818394,XGBoost,ML
2023-04-13,3,0.0134040564298629,-0.0101173911243677,CNN_LSTM,DL
2023-04-13,3,0.0134040564298629,-0.0003081634640693,LSTM,DL
2023-04-13,3,0.0134040562926287,-0.0018756786084092,LightGBM,ML
2023-04-13,3,0.0134040562926287,-0.0073037046572654,RandomForest,ML
2023-04-13,3,0.0134040564298629,-0.0046937535516917,TCN,DL
2023-04-13,3,0.0134040564298629,-1.957826316356659e-05,TFT,DL
2023-04-13,3,0.0134040564298629,0.0025761155411601,Transformer,DL
2023-04-13,3,0.0134040562926287,-0.0017729795072227,XGBoost,ML
2023-04-14,3,-0.0266373194754123,-0.0095803961157798,CNN_LSTM,DL
2023-04-14,3,-0.0266373194754123,-0.0003044148324988,LSTM,DL
2023-04-14,3,-0.026637319360389,-0.001569205740946,LightGBM,ML
2023-04-14,3,-0.026637319360389,-0.0059494417066761,RandomForest,ML
2023-04-14,3,-0.0266373194754123,-0.004081527236849,TCN,DL
2023-04-14,3,-0.0266373194754123,-2.3205182515084743e-05,TFT,DL
2023-04-14,3,-0.0266373194754123,0.0012885582400485,Transformer,DL
2023-04-14,3,-0.026637319360389,-0.0020704218186438,XGBoost,ML
2023-04-17,3,-0.0138719268143177,-0.0078246630728244,CNN_LSTM,DL
2023-04-17,3,-0.0138719268143177,-0.0008556185057386,LSTM,DL
2023-04-17,3,-0.01387192667099,-0.0012597045324329,LightGBM,ML
2023-04-17,3,-0.01387192667099,-0.0020116675997099,RandomForest,ML
2023-04-17,3,-0.0138719268143177,-0.0046687587164342,TCN,DL
2023-04-17,3,-0.0138719268143177,-2.815108746290207e-05,TFT,DL
2023-04-17,3,-0.0138719268143177,0.0044472161680459,Transformer,DL
2023-04-17,3,-0.01387192667099,-0.0006415704265236,XGBoost,ML
2023-04-18,3,-0.003062090370804,-0.0025511835701763,CNN_LSTM,DL
2023-04-18,3,-0.003062090370804,-0.0005726583185605,LSTM,DL
2023-04-18,3,-0.0030620903984226,-0.0012597045324329,LightGBM,ML
2023-04-18,3,-0.0030620903984226,0.0038486174020121,RandomForest,ML
2023-04-18,3,-0.003062090370804,-0.0030169687233865,TCN,DL
2023-04-18,3,-0.003062090370804,-1.3249577023088932e-05,TFT,DL
2023-04-18,3,-0.003062090370804,0.0035301218740642,Transformer,DL
2023-04-18,3,-0.0030620903984226,0.0005804457468912,XGBoost,ML
2023-04-19,3,0.0106544969603419,0.0004740406293421,CNN_LSTM,DL
2023-04-19,3,0.0106544969603419,0.0001493580639362,LSTM,DL
2023-04-19,3,0.0106544970696202,-0.0015661773998961,LightGBM,ML
2023-04-19,3,0.0106544970696202,0.0002608075097385,RandomForest,ML
2023-04-19,3,0.0106544969603419,-0.0025054372381418,TCN,DL
2023-04-19,3,0.0106544969603419,-2.9621878638863564e-06,TFT,DL
2023-04-19,3,0.0106544969603419,0.0018487478373572,Transformer,DL
2023-04-19,3,0.0106544970696202,-0.0015554104465991,XGBoost,ML
2023-04-20,3,0.0011398051865398,-0.0001713302917778,CNN_LSTM,DL
2023-04-20,3,0.0011398051865398,0.0005932860076427,LSTM,DL
2023-04-20,3,0.0011398051467621,-0.0018756786084092,LightGBM,ML
2023-04-20,3,0.0011398051467621,-0.0021345296621007,RandomForest,ML
2023-04-20,3,0.0011398051865398,-0.0041388976387679,TCN,DL
2023-04-20,3,0.0011398051865398,7.703318260610104e-06,TFT,DL
2023-04-20,3,0.0011398051865398,0.0024773934856057,Transformer,DL
2023-04-20,3,0.0011398051467621,-0.0016438100719824,XGBoost,ML
2023-04-21,3,0.0053125973790884,-0.0036616106517612,CNN_LSTM,DL
2023-04-21,3,0.0053125973790884,0.0001548402942717,LSTM,DL
2023-04-21,3,0.0053125973094994,-0.0020141540462689,LightGBM,ML
2023-04-21,3,0.0053125973094994,-0.0040360530906339,RandomForest,ML
2023-04-21,3,0.0053125973790884,-0.0040653841570019,TCN,DL
2023-04-21,3,0.0053125973790884,1.2550270184874536e-05,TFT,DL
2023-04-21,3,0.0053125973790884,0.0010612671030685,Transformer,DL
2023-04-21,3,0.0053125973094994,-0.0025423874612897,XGBoost,ML
2023-04-24,3,-0.0200057458132505,-0.0045912507921457,CNN_LSTM,DL
2023-04-24,3,-0.0200057458132505,0.0003138250904157,LSTM,DL
2023-04-24,3,-0.0200057451503533,-0.0018756786084092,LightGBM,ML
2023-04-24,3,-0.0200057451503533,-0.0018204812965702,RandomForest,ML
2023-04-24,3,-0.0200057458132505,-0.0038145459257066,TCN,DL
2023-04-24,3,-0.0200057458132505,2.4863402359187603e-05,TFT,DL
2023-04-24,3,-0.0200057458132505,0.0022702347487211,Transformer,DL
2023-04-24,3,-0.0200057451503533,-0.0015810423064976,XGBoost,ML
2023-04-25,3,-0.0013481375062838,-0.0055109718814492,CNN_LSTM,DL
2023-04-25,3,-0.0013481375062838,0.000747921760194,LSTM,DL
2023-04-25,3,-0.0013481374562812,-0.001569205740946,LightGBM,ML
2023-04-25,3,-0.0013481374562812,-0.0050817044091988,RandomForest,ML
2023-04-25,3,-0.0013481375062838,-0.0018109946977347,TCN,DL
2023-04-25,3,-0.0013481375062838,3.520725294947624e-05,TFT,DL
2023-04-25,3,-0.0013481375062838,0.003353654872626,Transformer,DL
2023-04-25,3,-0.0013481374562812,-0.0020960536785423,XGBoost,ML
2023-04-26,3,0.037412192672491,-0.0055563100613653,CNN_LSTM,DL
2023-04-26,3,0.037412192672491,0.0010711309732869,LSTM,DL
2023-04-26,3,0.0374121940294867,-0.0012597045324329,LightGBM,ML
2023-04-26,3,0.0374121940294867,0.0052561128093538,RandomForest,ML
2023-04-26,3,0.037412192672491,-0.0019323574379086,TCN,DL
2023-04-26,3,0.037412192672491,4.128587897866964e-05,TFT,DL
2023-04-26,3,0.037412192672491,0.0040849107317626,Transformer,DL
2023-04-26,3,0.0374121940294867,-0.0007433061255142,XGBoost,ML
2023-04-27,3,-0.0023237594868987,-0.0053363936021924,CNN_LSTM,DL
2023-04-27,3,-0.0023237594868987,0.0012406938476487,LSTM,DL
2023-04-27,3,-0.0023237594833198,-0.0015457413973402,LightGBM,ML
2023-04-27,3,-0.0023237594833198,-0.0015541352259015,RandomForest,ML
2023-04-27,3,-0.0023237594868987,-0.0016261234413832,TCN,DL
2023-04-27,3,-0.0023237594868987,4.917557816952467e-05,TFT,DL
2023-04-27,3,-0.0023237594868987,0.0029039168730378,Transformer,DL
2023-04-27,3,-0.0023237594833198,-0.001731670112349,XGBoost,ML
2023-04-28,3,-0.0013043048093095,-0.0064507178030908,CNN_LSTM,DL
2023-04-28,3,-0.0013043048093095,0.0013876407174393,LSTM,DL
2023-04-28,3,-0.001304304764311,-0.0007912918835041,LightGBM,ML
2023-04-28,3,-0.001304304764311,-0.0016077387032544,RandomForest,ML
2023-04-28,3,-0.0013043048093095,-0.0032401029020547,TCN,DL
2023-04-28,3,-0.0013043048093095,5.712045822292566e-05,TFT,DL
2023-04-28,3,-0.0013043048093095,0.0023905830457806,Transformer,DL
2023-04-28,3,-0.001304304764311,-0.002246681600809,XGBoost,ML
2023-05-01,4,-0.0175371374934911,0.0031663051340729,CNN_LSTM,DL
2023-05-01,4,-0.0175371374934911,0.0034739703405648,LSTM,DL
2023-05-01,4,-0.0175371380170933,-0.0014620202930239,LightGBM,ML
2023-05-01,4,-0.0175371380170933,-0.0006498256063275,RandomForest,ML
2023-05-01,4,-0.0175371374934911,0.0013256990350782,TCN,DL
2023-05-01,4,-0.0175371374934911,0.0013945316895842,TFT,DL
2023-05-01,4,-0.0175371374934911,-0.0007805264904163,Transformer,DL
2023-05-01,4,-0.0175371380170933,-0.0025753474328666,XGBoost,ML
2023-05-02,4,0.0008544642478227,0.0031229120213538,CNN_LSTM,DL
2023-05-02,4,0.0008544642478227,0.0039446586742997,LSTM,DL
2023-05-02,4,0.000854464238077,-0.0004496554744169,LightGBM,ML
2023-05-02,4,0.000854464238077,0.0027782472537388,RandomForest,ML
2023-05-02,4,0.0008544642478227,0.0010461715282872,TCN,DL
2023-05-02,4,0.0008544642478227,0.0013915034942328,TFT,DL
2023-05-02,4,0.0008544642478227,-0.0014827562263235,Transformer,DL
2023-05-02,4,0.000854464238077,-0.0007112632738426,XGBoost,ML
2023-05-03,4,-0.0068303886801004,0.0029876583721488,CNN_LSTM,DL
2023-05-03,4,-0.0068303886801004,0.0037249822635203,LSTM,DL
2023-05-03,4,-0.0068303884941612,0.001753508270701,LightGBM,ML
2023-05-03,4,-0.0068303884941612,0.006259484816722,RandomForest,ML
2023-05-03,4,-0.0068303886801004,0.001082255039364,TCN,DL
2023-05-03,4,-0.0068303886801004,0.0013883074279874,TFT,DL
2023-05-03,4,-0.0068303886801004,-0.0008240186143666,Transformer,DL
2023-05-03,4,-0.0068303884941612,0.0004780811723321,XGBoost,ML
2023-05-04,4,0.0084055932238698,0.0029751607216894,CNN_LSTM,DL
2023-05-04,4,0.0084055932238698,0.003549249144271,LSTM,DL
2023-05-04,4,0.0084055931455309,-0.0022576396946244,LightGBM,ML
2023-05-04,4,0.0084055931455309,-0.0005930379829964,RandomForest,ML
2023-05-04,4,0.0084055932238698,0.0011649713851511,TCN,DL
2023-05-04,4,0.0084055932238698,0.0013974735047668,TFT,DL
2023-05-04,4,0.0084055932238698,-0.0029129805043339,Transformer,DL
2023-05-04,4,0.0084055931455309,-0.0017899418016895,XGBoost,ML
2023-05-05,4,0.020839475095272,0.0032180759590119,CNN_LSTM,DL
2023-05-05,4,0.020839475095272,0.0034962242934852,LSTM,DL
2023-05-05,4,0.0208394755511391,-0.0018210320598869,LightGBM,ML
2023-05-05,4,0.0208394755511391,-0.0028134979607005,RandomForest,ML
2023-05-05,4,0.020839475095272,0.0003309330204501,TCN,DL
2023-05-05,4,0.020839475095272,0.0014037226792424,TFT,DL
2023-05-05,4,0.020839475095272,-0.00355806783773,Transformer,DL
2023-05-05,4,0.0208394755511391,-0.0032882718369364,XGBoost,ML
2023-05-08,4,-0.0038973011542111,0.0033858346287161,CNN_LSTM,DL
2023-05-08,4,-0.0038973011542111,0.0031674841884523,LSTM,DL
2023-05-08,4,-0.0038973010981259,-0.002752420244566,LightGBM,ML
2023-05-08,4,-0.0038973010981259,0.0006688626415602,RandomForest,ML
2023-05-08,4,-0.0038973011542111,0.0010152966715395,TCN,DL
2023-05-08,4,-0.0038973011542111,0.00141128199175,TFT,DL
2023-05-08,4,-0.0038973011542111,0.0005878292722627,Transformer,DL
2023-05-08,4,-0.0038973010981259,-0.0032457860652357,XGBoost,ML
2023-05-09,4,0.0409874990582466,0.003337838454172,CNN_LSTM,DL
2023-05-09,4,0.0409874990582466,0.0030783514957875,LSTM,DL
2023-05-09,4,0.0409874985884417,-0.0013144685180298,LightGBM,ML
2023-05-09,4,0.0409874985884417,-0.0003805854034033,RandomForest,ML
2023-05-09,4,0.0409874990582466,0.0012132278643548,TCN,DL
2023-05-09,4,0.0409874990582466,0.0014194089453667,TFT,DL
2023-05-09,4,0.0409874990582466,-0.0009534590644761,Transformer,DL
2023-05-09,4,0.0409874985884417,-0.0029112724587321,XGBoost,ML
2023-05-10,4,0.0431319624185562,0.0032564990688115,CNN_LSTM,DL
2023-05-10,4,0.0431319624185562,0.0027142665348947,LSTM,DL
2023-05-10,4,0.0431319620159125,0.0003552907795444,LightGBM,ML
2023-05-10,4,0.0431319620159125,0.0003018838241174,RandomForest,ML
2023-05-10,4,0.0431319624185562,0.0012881990987807,TCN,DL
2023-05-10,4,0.0431319624185562,0.0014205814804881,TFT,DL
2023-05-10,4,0.0431319624185562,0.000238356180489,Transformer,DL
2023-05-10,4,0.0431319620159125,-0.0001367851073155,XGBoost,ML
2023-05-11,4,0.0080637754872441,0.0032225002069026,CNN_LSTM,DL
2023-05-11,4,0.0080637754872441,0.0035795632284134,LSTM,DL
2023-05-11,4,0.0080637753276817,-4.8522953970381186e-05,LightGBM,ML
2023-05-11,4,0.0080637753276817,-0.0010510986341698,RandomForest,ML
2023-05-11,4,0.0080637754872441,0.0016384015325456,TCN,DL
2023-05-11,4,0.0080637754872441,0.0014011787716299,TFT,DL
2023-05-11,4,0.0080637754872441,-0.0030361430253833,Transformer,DL
2023-05-11,4,0.0080637753276817,-0.001805261708796,XGBoost,ML
2023-05-12,4,-0.0085099088028073,0.003335804445669,CNN_LSTM,DL
2023-05-12,4,-0.0085099088028073,0.0035578722599893,LSTM,DL
2023-05-12,4,-0.0085099087001254,0.0003552907795444,LightGBM,ML
2023-05-12,4,-0.0085099087001254,-0.0003852751502524,RandomForest,ML
2023-05-12,4,-0.0085099088028073,0.0012581187766045,TCN,DL
2023-05-12,4,-0.0085099088028073,0.0013854466378688,TFT,DL
2023-05-12,4,-0.0085099088028073,-0.0039485786110162,Transformer,DL
2023-05-12,4,-0.0085099087001254,-0.0011463949922472,XGBoost,ML
2023-05-15,4,0.0257489122450351,0.0034551683347672,CNN_LSTM,DL
2023-05-15,4,0.0257489122450351,0.0037807498592883,LSTM,DL
2023-05-15,4,0.0257489124101657,0.0003552907795444,LightGBM,ML
2023-05-15,4,0.0257489124101657,-0.0018199602759073,RandomForest,ML
2023-05-15,4,0.0257489122450351,0.001066041062586,TCN,DL
2023-05-15,4,0.0257489122450351,0.0013669945765286,TFT,DL
2023-05-15,4,0.0257489122450351,-0.0051790466532111,Transformer,DL
2023-05-15,4,0.0257489124101657,-0.0003134464204777,XGBoost,ML
2023-05-16,4,0.011128744110465,0.0032482740934938,CNN_LSTM,DL
2023-05-16,4,0.011128744110465,0.0038092045579105,LSTM,DL
2023-05-16,4,0.0111287444409504,-0.0005105166480205,LightGBM,ML
2023-05-16,4,0.0111287444409504,-0.0027139996650911,RandomForest,ML
2023-05-16,4,0.011128744110465,0.0008913287892937,TCN,DL
2023-05-16,4,0.011128744110465,0.0013706278987228,TFT,DL
2023-05-16,4,0.011128744110465,-0.0066824425011873,Transformer,DL
2023-05-16,4,0.0111287444409504,-0.0022389851510524,XGBoost,ML
2023-05-17,4,0.0164681021124124,0.0031338243279606,CNN_LSTM,DL
2023-05-17,4,0.0164681021124124,0.0041239978745579,LSTM,DL
2023-05-17,4,0.0164681028233841,0.0022615819070432,LightGBM,ML
2023-05-17,4,0.0164681028233841,0.0018487105401955,RandomForest,ML
2023-05-17,4,0.0164681021124124,0.002028256189078,TCN,DL
2023-05-17,4,0.0164681021124124,0.0013575737830251,TFT,DL
2023-05-17,4,0.0164681021124124,-0.0083654038608074,Transformer,DL
2023-05-17,4,0.0164681028233841,0.000174727931153,XGBoost,ML
2023-05-18,4,-0.0005698785535059,0.0029971755575388,CNN_LSTM,DL
2023-05-18,4,-0.0005698785535059,0.0040296502411365,LSTM,DL
2023-05-18,4,-0.00056987855754,0.0012003674176909,LightGBM,ML
2023-05-18,4,-0.00056987855754,0.0014506885392029,RandomForest,ML
2023-05-18,4,-0.0005698785535059,0.0008670298848301,TCN,DL
2023-05-18,4,-0.0005698785535059,0.0013510657008737,TFT,DL
2023-05-18,4,-0.0005698785535059,-0.0090354708954691,Transformer,DL
2023-05-18,4,-0.00056987855754,0.0012392351636663,XGBoost,ML
2023-05-19,4,0.0186541583389043,0.0032323400955647,CNN_LSTM,DL
2023-05-19,4,0.0186541583389043,0.0038542237598448,LSTM,DL
2023-05-19,4,0.0186541581743018,0.0010671802921524,LightGBM,ML
2023-05-19,4,0.0186541581743018,-0.0012853365141132,RandomForest,ML
2023-05-19,4,0.0186541583389043,-0.0003779929247684,TCN,DL
2023-05-19,4,0.0186541583389043,0.0013421790208667,TFT,DL
2023-05-19,4,0.0186541583389043,-0.0101928347721695,Transformer,DL
2023-05-19,4,0.0186541581743018,0.0003706795687321,XGBoost,ML
2023-05-22,4,-0.0199119858443737,0.0035763948690146,CNN_LSTM,DL
2023-05-22,4,-0.0199119858443737,0.0038977407384663,LSTM,DL
2023-05-22,4,-0.0199119859987056,-0.0016853665862141,LightGBM,ML
2023-05-22,4,-0.0199119859987056,-0.0011737615244714,RandomForest,ML
2023-05-22,4,-0.0199119858443737,0.0007077449699863,TCN,DL
2023-05-22,4,-0.0199119858443737,0.0013466863892972,TFT,DL
2023-05-22,4,-0.0199119858443737,-0.0042597451247274,Transformer,DL
2023-05-22,4,-0.0199119859987056,0.0003310460306238,XGBoost,ML
2023-05-23,4,-0.0135443937033414,0.0037631134036928,CNN_LSTM,DL
2023-05-23,4,-0.0135443937033414,0.003553336719051,LSTM,DL
2023-05-23,4,-0.0135443940992937,0.0019954343259324,LightGBM,ML
2023-05-23,4,-0.0135443940992937,-0.0019085242494529,RandomForest,ML
2023-05-23,4,-0.0135443937033414,0.0017502857372164,TCN,DL
2023-05-23,4,-0.0135443937033414,0.0013341491576284,TFT,DL
2023-05-23,4,-0.0135443937033414,-0.0043501206673681,Transformer,DL
2023-05-23,4,-0.0135443940992937,0.0005521923303604,XGBoost,ML
2023-05-24,4,0.0213399603962898,0.0037921371404081,CNN_LSTM,DL
2023-05-24,4,0.0213399603962898,0.0037115521263331,LSTM,DL
2023-05-24,4,0.0213399611006519,-0.0008305106538455,LightGBM,ML
2023-05-24,4,0.0213399611006519,-0.0019654591673419,RandomForest,ML
2023-05-24,4,0.0213399603962898,0.0006423882441595,TCN,DL
2023-05-24,4,0.0213399603962898,0.0013451424892991,TFT,DL
2023-05-24,4,0.0213399603962898,-0.0032769294921308,Transformer,DL
2023-05-24,4,0.0213399611006519,-0.0007717350381426,XGBoost,ML
2023-05-25,4,0.0091512380167841,0.0038376080337911,CNN_LSTM,DL
2023-05-25,4,0.0091512380167841,0.0036710815038532,LSTM,DL
2023-05-25,4,0.009151238218559,0.0002307038355068,LightGBM,ML
2023-05-25,4,0.009151238218559,-2.5696923686436365e-05,RandomForest,ML
2023-05-25,4,0.0091512380167841,0.0013437236193567,TCN,DL
2023-05-25,4,0.0091512380167841,0.0013433503918349,TFT,DL
2023-05-25,4,0.0091512380167841,-0.0036853447090834,Transformer,DL
2023-05-25,4,0.009151238218559,-0.0006556911394,XGBoost,ML
2023-05-26,4,-0.0075434288010001,0.0038195305969566,CNN_LSTM,DL
2023-05-26,4,-0.0075434288010001,0.0038573790807276,LSTM,DL
2023-05-26,4,-0.0075434289098357,0.0015292663288175,LightGBM,ML
2023-05-26,4,-0.0075434289098357,3.1237264861780456e-05,RandomForest,ML
2023-05-26,4,-0.0075434288010001,0.0007139676017686,TCN,DL
2023-05-26,4,-0.0075434288010001,0.0013485245872288,TFT,DL
2023-05-26,4,-0.0075434288010001,-0.0044938148930668,Transformer,DL
2023-05-26,4,-0.0075434289098357,-4.437693860381842e-06,XGBoost,ML
2023-05-30,4,-0.0064689358696341,0.0036642008926719,CNN_LSTM,DL
2023-05-30,4,-0.0064689358696341,0.0037741700652986,LSTM,DL
2023-05-30,4,-0.0064689356455489,-0.0002203383633469,LightGBM,ML
2023-05-30,4,-0.0064689356455489,-0.0022413610695782,RandomForest,ML
2023-05-30,4,-0.0064689358696341,0.0012345460709184,TCN,DL
2023-05-30,4,-0.0064689358696341,0.0013511341530829,TFT,DL
2023-05-30,4,-0.0064689358696341,-0.0040986696258187,Transformer,DL
2023-05-30,4,-0.0064689356455489,-0.0014078252715989,XGBoost,ML
2023-05-31,4,0.006917898543179,0.0035456817131489,CNN_LSTM,DL
2023-05-31,4,0.006917898543179,0.0038917607162147,LSTM,DL
2023-05-31,4,0.0069178984418525,0.0002774823504825,LightGBM,ML
2023-05-31,4,0.0069178984418525,0.002876906662875,RandomForest,ML
2023-05-31,4,0.006917898543179,0.0006182658253237,TCN,DL
2023-05-31,4,0.006917898543179,0.001352648017928,TFT,DL
2023-05-31,4,0.006917898543179,-0.0034546500537544,Transformer,DL
2023-05-31,4,0.0069178984418525,0.0017189609352499,XGBoost,ML
2023-06-01,5,0.0076785902492702,0.0016969463322311,CNN_LSTM,DL
2023-06-01,5,0.0076785902492702,0.0035120942629873,LSTM,DL
2023-06-01,5,0.007678590256956,0.0020714667142044,LightGBM,ML
2023-06-01,5,0.007678590256956,0.0043399960195491,RandomForest,ML
2023-06-01,5,0.0076785902492702,0.0008122663130052,TCN,DL
2023-06-01,5,0.0076785902492702,0.0018159073079004,TFT,DL
2023-06-01,5,0.0076785902492702,0.0027273190207779,Transformer,DL
2023-06-01,5,0.007678590256956,0.0015340992249548,XGBoost,ML
2023-06-02,5,0.0107484767213463,0.001604005577974,CNN_LSTM,DL
2023-06-02,5,0.0107484767213463,0.0026369951665401,LSTM,DL
2023-06-02,5,0.0107484767888925,0.0016398592842906,LightGBM,ML
2023-06-02,5,0.0107484767888925,0.0040287275838538,RandomForest,ML
2023-06-02,5,0.0107484767213463,0.001098692882806,TCN,DL
2023-06-02,5,0.0107484767213463,0.0018222250510007,TFT,DL
2023-06-02,5,0.0107484767213463,0.0021091599483042,Transformer,DL
2023-06-02,5,0.0107484767888925,0.0006267321878112,XGBoost,ML
2023-06-05,5,0.0103165311738848,0.0015376186929643,CNN_LSTM,DL
2023-06-05,5,0.0103165311738848,0.0025822487659752,LSTM,DL
2023-06-05,5,0.0103165308385051,-0.0031506828458673,LightGBM,ML
2023-06-05,5,0.0103165308385051,0.0016888805914444,RandomForest,ML
2023-06-05,5,0.0103165311738848,0.0006464468315243,TCN,DL
2023-06-05,5,0.0103165311738848,0.0018376044463366,TFT,DL
2023-06-05,5,0.0103165311738848,5.976082684355788e-05,Transformer,DL
2023-06-05,5,0.0103165308385051,-0.0006123404600657,XGBoost,ML
2023-06-06,5,-0.0377817042171955,0.001442669192329,CNN_LSTM,DL
2023-06-06,5,-0.0377817042171955,0.0024276035837829,LSTM,DL
2023-06-06,5,-0.0377817051934469,0.0005281923889014,LightGBM,ML
2023-06-06,5,-0.0377817051934469,0.0035877531201729,RandomForest,ML
2023-06-06,5,-0.0377817042171955,0.0005425924318842,TCN,DL
2023-06-06,5,-0.0377817042171955,0.001859190291725,TFT,DL
2023-06-06,5,-0.0377817042171955,-0.0003918770235031,Transformer,DL
2023-06-06,5,-0.0377817051934469,0.0006267321878112,XGBoost,ML
2023-06-07,5,-0.0029387711547315,0.001265040365979,CNN_LSTM,DL
2023-06-07,5,-0.0029387711547315,0.0017082110280171,LSTM,DL
2023-06-07,5,-0.0029387710638228,-0.001940108664929,LightGBM,ML
2023-06-07,5,-0.0029387710638228,-0.0061928654973202,RandomForest,ML
2023-06-07,5,-0.0029387711547315,0.0006703670951537,TCN,DL
2023-06-07,5,-0.0029387711547315,0.001869115512818,TFT,DL
2023-06-07,5,-0.0029387711547315,0.00072261801688,Transformer,DL
2023-06-07,5,-0.0029387710638228,-0.0007755401311442,XGBoost,ML
2023-06-08,5,0.0007368582300841,0.0016134533798322,CNN_LSTM,DL
2023-06-08,5,0.0007368582300841,0.0029857358895242,LSTM,DL
2023-06-08,5,0.0007368582235813,-0.00052918965034,LightGBM,ML
2023-06-08,5,0.0007368582235813,0.0070976084686706,RandomForest,ML
2023-06-08,5,0.0007368582300841,0.0002767312107607,TCN,DL
2023-06-08,5,0.0007368582300841,0.0018773219780996,TFT,DL
2023-06-08,5,0.0007368582300841,0.0041433339938521,Transformer,DL
2023-06-08,5,0.0007368582235813,0.001138694351539,XGBoost,ML
2023-06-09,5,0.0115355281159281,0.0017121760174632,CNN_LSTM,DL
2023-06-09,5,0.0115355281159281,0.0028839171864092,LSTM,DL
2023-06-09,5,0.01153552820555,0.0011270810722013,LightGBM,ML
2023-06-09,5,0.01153552820555,0.0088527181665076,RandomForest,ML
2023-06-09,5,0.0115355281159281,-0.0002546002797316,TCN,DL
2023-06-09,5,0.0115355281159281,0.0018597262678667,TFT,DL
2023-06-09,5,0.0115355281159281,0.0031733820214867,Transformer,DL
2023-06-09,5,0.01153552820555,0.0015340992249548,XGBoost,ML
2023-06-12,5,0.0015367864398285,0.0016763880848884,CNN_LSTM,DL
2023-06-12,5,0.0015367864398285,0.0026010940782725,LSTM,DL
2023-06-12,5,0.0015367864128632,-0.0021910629468898,LightGBM,ML
2023-06-12,5,0.0015367864128632,-0.0011672883528184,RandomForest,ML
2023-06-12,5,0.0015367864398285,-2.8715230655507185e-05,TCN,DL
2023-06-12,5,0.0015367864398285,0.0018443933222442,TFT,DL
2023-06-12,5,0.0015367864398285,-0.0011846992420032,Transformer,DL
2023-06-12,5,0.0015367864128632,-0.0007072876323945,XGBoost,ML
2023-06-13,5,-0.0012920162407681,0.0016803042963147,CNN_LSTM,DL
2023-06-13,5,-0.0012920162407681,0.0018782356055453,LSTM,DL
2023-06-13,5,-0.0012920162113799,-0.0015291535141936,LightGBM,ML
2023-06-13,5,-0.0012920162113799,0.0020126261435251,RandomForest,ML
2023-06-13,5,-0.0012920162407681,-0.000103018945083,TCN,DL
2023-06-13,5,-0.0012920162407681,0.001799410674721,TFT,DL
2023-06-13,5,-0.0012920162407681,-0.001367954770103,Transformer,DL
2023-06-13,5,-0.0012920162113799,-0.0014149670023471,XGBoost,ML
2023-06-14,5,0.0114820767194032,0.0016099166823551,CNN_LSTM,DL
2023-06-14,5,0.0114820767194032,0.0016374605474993,LSTM,DL
2023-06-14,5,0.0114820763994893,-0.0013505092807266,LightGBM,ML
2023-06-14,5,0.0114820763994893,-0.0003107048985678,RandomForest,ML
2023-06-14,5,0.0114820767194032,-0.0001298481947742,TCN,DL
2023-06-14,5,0.0114820767194032,0.0017748199170455,TFT,DL
2023-06-14,5,0.0114820767194032,0.0007734117680229,Transformer,DL
2023-06-14,5,0.0114820763994893,-0.0007072876323945,XGBoost,ML
2023-06-15,5,-0.012470961548388,0.0017761661438271,CNN_LSTM,DL
2023-06-15,5,-0.012470961548388,0.0015361401019617,LSTM,DL
2023-06-15,5,-0.0124709615891948,0.0027309167757439,LightGBM,ML
2023-06-15,5,-0.0124709615891948,0.0025284330404158,RandomForest,ML
2023-06-15,5,-0.012470961548388,0.000290744297672,TCN,DL
2023-06-15,5,-0.012470961548388,0.0017722209449857,TFT,DL
2023-06-15,5,-0.012470961548388,0.0026300214231014,Transformer,DL
2023-06-15,5,-0.0124709615891948,0.0006267321878112,XGBoost,ML
2023-06-16,5,-0.0034809787757694,0.0018003818113356,CNN_LSTM,DL
2023-06-16,5,-0.0034809787757694,0.0011735634179785,LSTM,DL
2023-06-16,5,-0.0034809788856873,0.0026314772979643,LightGBM,ML
2023-06-16,5,-0.0034809788856873,0.0013740276015977,RandomForest,ML
2023-06-16,5,-0.0034809787757694,0.0001040900242514,TCN,DL
2023-06-16,5,-0.0034809787757694,0.0017175660468637,TFT,DL
2023-06-16,5,-0.0034809787757694,0.0010075389873236,Transformer,DL
2023-06-16,5,-0.0034809788856873,0.0006267321878112,XGBoost,ML
2023-06-20,5,-0.0207148566842079,0.0018585420912131,CNN_LSTM,DL
2023-06-20,5,-0.0207148566842079,0.0012681821826845,LSTM,DL
2023-06-20,5,-0.0207148560200514,0.0011827070258323,LightGBM,ML
2023-06-20,5,-0.0207148560200514,0.005690741285488,RandomForest,ML
2023-06-20,5,-0.0207148566842079,5.858805161551573e-05,TCN,DL
2023-06-20,5,-0.0207148566842079,0.0016737347468733,TFT,DL
2023-06-20,5,-0.0207148566842079,0.00264752516523,Transformer,DL
2023-06-20,5,-0.0207148560200514,0.001138694351539,XGBoost,ML
2023-06-21,5,0.0215677749365568,0.0019497537286952,CNN_LSTM,DL
2023-06-21,5,0.0215677749365568,0.0014104220317676,LSTM,DL
2023-06-21,5,0.0215677748566385,0.0003534386160445,LightGBM,ML
2023-06-21,5,0.0215677748566385,0.0031835263329604,RandomForest,ML
2023-06-21,5,0.0215677749365568,-0.0001375749125145,TCN,DL
2023-06-21,5,0.0215677749365568,0.0016155539778992,TFT,DL
2023-06-21,5,0.0215677749365568,0.0024961857125163,Transformer,DL
2023-06-21,5,0.0215677748566385,0.0010683026630431,XGBoost,ML
2023-06-22,5,-0.0065772728994488,0.0021803523413836,CNN_LSTM,DL
2023-06-22,5,-0.0065772728994488,0.0019910656847059,LSTM,DL
2023-06-22,5,-0.0065772727017371,-0.0011299764035951,LightGBM,ML
2023-06-22,5,-0.0065772727017371,-4.79431571762768e-05,RandomForest,ML
2023-06-22,5,-0.0065772728994488,-5.9081768995383754e-05,TCN,DL
2023-06-22,5,-0.0065772728994488,0.001576462527737,TFT,DL
2023-06-22,5,-0.0065772728994488,0.002090613823384,Transformer,DL
2023-06-22,5,-0.0065772727017371,0.0008283046190626,XGBoost,ML
2023-06-23,5,-0.0326958708465099,0.0024048537015914,CNN_LSTM,DL
2023-06-23,5,-0.0326958708465099,0.002607601461932,LSTM,DL
2023-06-23,5,-0.0326958695010316,-0.000561779484924,LightGBM,ML
2023-06-23,5,-0.0326958695010316,0.0008889320197983,RandomForest,ML
2023-06-23,5,-0.0326958708465099,-7.790523522999138e-05,TCN,DL
2023-06-23,5,-0.0326958708465099,0.0015354171628132,TFT,DL
2023-06-23,5,-0.0326958708465099,0.0025106396060436,Transformer,DL
2023-06-23,5,-0.0326958695010316,-0.0001111460733227,XGBoost,ML
2023-06-26,5,-8.444442210020497e-05,0.0024251190479844,CNN_LSTM,DL
2023-06-26,5,-8.444442210020497e-05,0.0032274331897497,LSTM,DL
2023-06-26,5,-8.4444421637353e-05,0.0002882960790347,LightGBM,ML
2023-06-26,5,-8.4444421637353e-05,-0.0014900265290209,RandomForest,ML
2023-06-26,5,-8.444442210020497e-05,-0.0001026434765662,TCN,DL
2023-06-26,5,-8.444442210020497e-05,0.0015295539051294,TFT,DL
2023-06-26,5,-8.444442210020497e-05,-0.0001981341629289,Transformer,DL
2023-06-26,5,-8.4444421637353e-05,0.001138694351539,XGBoost,ML
2023-06-27,5,0.0156342554837465,0.0027137510478496,CNN_LSTM,DL
2023-06-27,5,0.0156342554837465,0.0043221917003393,LSTM,DL
2023-06-27,5,0.0156342561744315,0.0021477924708393,LightGBM,ML
2023-06-27,5,0.0156342561744315,0.0050304663656879,RandomForest,ML
2023-06-27,5,0.0156342554837465,-0.0001010143460007,TCN,DL
2023-06-27,5,0.0156342554837465,0.0015098432777449,TFT,DL
2023-06-27,5,0.0156342554837465,0.0054953405633568,Transformer,DL
2023-06-27,5,0.0156342561744315,0.001138694351539,XGBoost,ML
2023-06-28,5,-0.0089865708723664,0.0030521876178681,CNN_LSTM,DL
2023-06-28,5,-0.0089865708723664,0.004875467158854,LSTM,DL
2023-06-28,5,-0.00898657077034,0.0034391026917122,LightGBM,ML
2023-06-28,5,-0.00898657077034,0.0051356290501456,RandomForest,ML
2023-06-28,5,-0.0089865708723664,-8.808555139694363e-05,TCN,DL
2023-06-28,5,-0.0089865708723664,0.0014511899789795,TFT,DL
2023-06-28,5,-0.0089865708723664,0.0039680735208094,Transformer,DL
2023-06-28,5,-0.00898657077034,0.0010953464079648,XGBoost,ML
2023-06-29,5,0.0050378190353512,0.0032613612711429,CNN_LSTM,DL
2023-06-29,5,0.0050378190353512,0.005005856975913,LSTM,DL
2023-06-29,5,0.0050378191420732,0.0005802076693066,LightGBM,ML
2023-06-29,5,0.0050378191420732,4.80349579285525e-05,RandomForest,ML
2023-06-29,5,0.0050378190353512,7.383007323369384e-05,TCN,DL
2023-06-29,5,0.0050378190353512,0.0014207116328179,TFT,DL
2023-06-29,5,0.0050378190353512,0.0037627778947353,Transformer,DL
2023-06-29,5,0.0050378191420732,-3.9801059756428e-05,XGBoost,ML
2023-06-30,5,0.0016709198243916,0.0033704820089042,CNN_LSTM,DL
2023-06-30,5,0.0016709198243916,0.0047353208065032,LSTM,DL
2023-06-30,5,0.0016709197983544,0.0004638944000272,LightGBM,ML
2023-06-30,5,0.0016709197983544,0.0029464502913853,RandomForest,ML
2023-06-30,5,0.0016709198243916,-0.0003846657928079,TCN,DL
2023-06-30,5,0.0016709198243916,0.0014056474901735,TFT,DL
2023-06-30,5,0.0016709198243916,0.0015291563468053,Transformer,DL
2023-06-30,5,0.0016709197983544,0.0004721611039713,XGBoost,ML
2023-07-03,6,0.0154295358806848,-0.0004299129359424,CNN_LSTM,DL
2023-07-03,6,0.0154295358806848,-4.518055357038975e-05,LSTM,DL
2023-07-03,6,0.0154295362605803,-0.001013349133415,LightGBM,ML
2023-07-03,6,0.0154295362605803,0.0064804263913015,RandomForest,ML
2023-07-03,6,0.0154295358806848,0.0003449617361184,TCN,DL
2023-07-03,6,0.0154295358806848,-0.0014029690064489,TFT,DL
2023-07-03,6,0.0154295358806848,0.0005661915638484,Transformer,DL
2023-07-03,6,0.0154295362605803,0.0053530931472778,XGBoost,ML
2023-07-05,6,-0.0134702818468213,-0.0006136056035757,CNN_LSTM,DL
2023-07-05,6,-0.0134702818468213,-0.0002577743143774,LSTM,DL
2023-07-05,6,-0.0134702819681877,-0.0024008633935453,LightGBM,ML
2023-07-05,6,-0.0134702819681877,-0.0020904340252865,RandomForest,ML
2023-07-05,6,-0.0134702818468213,0.000455588044133,TCN,DL
2023-07-05,6,-0.0134702818468213,-0.0013918154872953,TFT,DL
2023-07-05,6,-0.0134702818468213,0.0008814455941319,Transformer,DL
2023-07-05,6,-0.0134702819681877,-0.0018186925444751,XGBoost,ML
2023-07-06,6,-0.0052451840601861,-0.0020115103106945,CNN_LSTM,DL
2023-07-06,6,-0.0052451840601861,-0.0008370986906811,LSTM,DL
2023-07-06,6,-0.0052451839999998,-0.0010983424033534,LightGBM,ML
2023-07-06,6,-0.0052451839999998,-0.0005240203906479,RandomForest,ML
2023-07-06,6,-0.0052451840601861,0.0005064147990196,TCN,DL
2023-07-06,6,-0.0052451840601861,-0.0013952031731605,TFT,DL
2023-07-06,6,-0.0052451840601861,-0.0006411453941836,Transformer,DL
2023-07-06,6,-0.0052451839999998,-0.00039452558849,XGBoost,ML
2023-07-07,6,-0.0253598969429731,-0.0024820596445351,CNN_LSTM,DL
2023-07-07,6,-0.0253598969429731,-0.0019302798900753,LSTM,DL
2023-07-07,6,-0.0253598973277048,0.0014480215636254,LightGBM,ML
2023-07-07,6,-0.0253598973277048,0.0044373024794476,RandomForest,ML
2023-07-07,6,-0.0253598969429731,0.0004870857228524,TCN,DL
2023-07-07,6,-0.0253598969429731,-0.0013952611479908,TFT,DL
2023-07-07,6,-0.0253598969429731,-0.0007599162636324,Transformer,DL
2023-07-07,6,-0.0253598973277048,0.0021381785627454,XGBoost,ML
2023-07-10,6,0.0059253247454762,-0.0020591877400875,CNN_LSTM,DL
2023-07-10,6,0.0059253247454762,-0.0025185113772749,LSTM,DL
2023-07-10,6,0.0059253248789314,0.0005277334180809,LightGBM,ML
2023-07-10,6,0.0059253248789314,0.0020798293552424,RandomForest,ML
2023-07-10,6,0.0059253247454762,0.0010161050595343,TCN,DL
2023-07-10,6,0.0059253247454762,-0.0013717352412641,TFT,DL
2023-07-10,6,0.0059253247454762,0.0009478040738031,Transformer,DL
2023-07-10,6,0.0059253248789314,0.0030524453613907,XGBoost,ML
2023-07-11,6,0.0152808297425508,-0.00049509271048,CNN_LSTM,DL
2023-07-11,6,0.0152808297425508,-0.0022392775863409,LSTM,DL
2023-07-11,6,0.0152808295965596,-0.0001530423508477,LightGBM,ML
2023-07-11,6,0.0152808295965596,0.0030198427249524,RandomForest,ML
2023-07-11,6,0.0152808297425508,0.0008812414016574,TCN,DL
2023-07-11,6,0.0152808297425508,-0.0013526403345167,TFT,DL
2023-07-11,6,0.0152808297425508,0.0013006520457565,Transformer,DL
2023-07-11,6,0.0152808295965596,0.0019418275915086,XGBoost,ML
2023-07-12,6,0.0471706204116344,-6.967829540371895e-05,CNN_LSTM,DL
2023-07-12,6,0.0471706204116344,-0.002914807992056,LSTM,DL
2023-07-12,6,0.0471706192581904,0.0012575698023301,LightGBM,ML
2023-07-12,6,0.0471706192581904,0.0011215334839119,RandomForest,ML
2023-07-12,6,0.0471706204116344,0.0006723319529555,TCN,DL
2023-07-12,6,0.0471706204116344,-0.0013417286099866,TFT,DL
2023-07-12,6,0.0471706204116344,0.0002285538066644,Transformer,DL
2023-07-12,6,0.0471706192581904,-0.00127370422706,XGBoost,ML
2023-07-13,6,0.0070659783668816,-0.0001940411166287,CNN_LSTM,DL
2023-07-13,6,0.0070659783668816,-0.0033290083520114,LSTM,DL
2023-07-13,6,0.0070659783677786,0.0002372563345006,LightGBM,ML
2023-07-13,6,0.0070659783677786,0.000531006966411,RandomForest,ML
2023-07-13,6,0.0070659783668816,0.0002671428665053,TCN,DL
2023-07-13,6,0.0070659783668816,-0.0013419478200376,TFT,DL
2023-07-13,6,0.0070659783668816,-0.0004912426229566,Transformer,DL
2023-07-13,6,0.0070659783677786,0.0017047489527612,XGBoost,ML
2023-07-14,6,-0.0061394576914608,-0.0015784313436597,CNN_LSTM,DL
2023-07-14,6,-0.0061394576914608,-0.0044426219537854,LSTM,DL
2023-07-14,6,-0.0061394578117751,0.0007969466555366,LightGBM,ML
2023-07-14,6,-0.0061394578117751,-0.0025790007313377,RandomForest,ML
2023-07-14,6,-0.0061394576914608,8.333608275279403e-05,TCN,DL
2023-07-14,6,-0.0061394576914608,-0.0013514556922018,TFT,DL
2023-07-14,6,-0.0061394576914608,-0.0019541257061064,Transformer,DL
2023-07-14,6,-0.0061394578117751,0.0014484738931059,XGBoost,ML
2023-07-17,6,-0.0071400366723537,-0.0043225516565144,CNN_LSTM,DL
2023-07-17,6,-0.0071400366723537,-0.0043306723237037,LSTM,DL
2023-07-17,6,-0.0071400366671533,-0.0009096937655012,LightGBM,ML
2023-07-17,6,-0.0071400366671533,0.0020130227566931,RandomForest,ML
2023-07-17,6,-0.0071400366723537,0.0006821564747951,TCN,DL
2023-07-17,6,-0.0071400366723537,-0.001362903509289,TFT,DL
2023-07-17,6,-0.0071400366723537,-0.0012818855466321,Transformer,DL
2023-07-17,6,-0.0071400366671533,0.0031295386143028,XGBoost,ML
2023-07-18,6,-0.0139786005020141,-0.0049701938405632,CNN_LSTM,DL
2023-07-18,6,-0.0139786005020141,-0.0030230674892663,LSTM,DL
2023-07-18,6,-0.0139786008827549,0.0005298870939448,LightGBM,ML
2023-07-18,6,-0.0139786008827549,0.0025100574827954,RandomForest,ML
2023-07-18,6,-0.0139786005020141,0.0010346230119466,TCN,DL
2023-07-18,6,-0.0139786005020141,-0.001362235052511,TFT,DL
2023-07-18,6,-0.0139786005020141,-0.0002378245699219,Transformer,DL
2023-07-18,6,-0.0139786008827549,0.0008479086100123,XGBoost,ML
2023-07-19,6,-0.0231910124421119,-0.0050323205068707,CNN_LSTM,DL
2023-07-19,6,-0.0231910124421119,-0.0022353720851242,LSTM,DL
2023-07-19,6,-0.0231910131611357,0.0018498992672692,LightGBM,ML
2023-07-19,6,-0.0231910131611357,0.0028543988473782,RandomForest,ML
2023-07-19,6,-0.0231910124421119,0.0012521083699539,TCN,DL
2023-07-19,6,-0.0231910124421119,-0.0013611514586955,TFT,DL
2023-07-19,6,-0.0231910124421119,-0.0003946764627471,Transformer,DL
2023-07-19,6,-0.0231910131611357,0.0021714628674089,XGBoost,ML
2023-07-20,6,0.006879256106913,-0.0035259881988167,CNN_LSTM,DL
2023-07-20,6,0.006879256106913,-0.0012456504628062,LSTM,DL
2023-07-20,6,0.0068792563278468,0.0013060902059723,LightGBM,ML
2023-07-20,6,0.0068792563278468,0.0039045375417113,RandomForest,ML
2023-07-20,6,0.006879256106913,0.000768853817135,TCN,DL
2023-07-20,6,0.006879256106913,-0.0013710234779864,TFT,DL
2023-07-20,6,0.006879256106913,-0.000234582228586,Transformer,DL
2023-07-20,6,0.0068792563278468,0.0042854202911257,XGBoost,ML
2023-07-21,6,0.0125812673941254,-0.0015505875926464,CNN_LSTM,DL
2023-07-21,6,0.0125812673941254,-3.979954635724425e-05,LSTM,DL
2023-07-21,6,0.0125812672945591,-5.4647666039295446e-05,LightGBM,ML
2023-07-21,6,0.0125812672945591,0.0020701236934537,RandomForest,ML
2023-07-21,6,0.0125812673941254,0.0003669887955766,TCN,DL
2023-07-21,6,0.0125812673941254,-0.0013789259828627,TFT,DL
2023-07-21,6,0.0125812673941254,-0.0011483251582831,Transformer,DL
2023-07-21,6,0.0125812672945591,0.0036196941509842,XGBoost,ML
2023-07-24,6,0.0055952896364033,0.0005860414239577,CNN_LSTM,DL
2023-07-24,6,0.0055952896364033,0.0005296114250086,LSTM,DL
2023-07-24,6,0.0055952895328299,-0.0003812631504148,LightGBM,ML
2023-07-24,6,0.0055952895328299,-0.0006678129841374,RandomForest,ML
2023-07-24,6,0.0055952896364033,0.0006600020569749,TCN,DL
2023-07-24,6,0.0055952896364033,-0.0013872475828975,TFT,DL
2023-07-24,6,0.0055952896364033,-0.0007680223789066,Transformer,DL
2023-07-24,6,0.0055952895328299,-0.0014099406544119,XGBoost,ML
2023-07-25,6,0.0577694177627563,0.0001033326843753,CNN_LSTM,DL
2023-07-25,6,0.0577694177627563,0.0006667670095339,LSTM,DL
2023-07-25,6,0.0577694173555765,0.0005862884021159,LightGBM,ML
2023-07-25,6,0.0577694173555765,0.0013029702708263,RandomForest,ML
2023-07-25,6,0.0577694177627563,0.0011470820754766,TCN,DL
2023-07-25,6,0.0577694177627563,-0.0013956241309642,TFT,DL
2023-07-25,6,0.0577694177627563,-0.0011715544387698,Transformer,DL
2023-07-25,6,0.0577694173555765,-0.0012340809917077,XGBoost,ML
2023-07-26,6,0.001005434198305,-0.0009285237174481,CNN_LSTM,DL
2023-07-26,6,0.001005434198305,2.1504296455532312e-05,LSTM,DL
2023-07-26,6,0.0010054341491771,0.0025221529862539,LightGBM,ML
2023-07-26,6,0.0010054341491771,0.0048593263836174,RandomForest,ML
2023-07-26,6,0.001005434198305,0.0007098444039002,TCN,DL
2023-07-26,6,0.001005434198305,-0.0014090244658291,TFT,DL
2023-07-26,6,0.001005434198305,-0.0009320308454334,Transformer,DL
2023-07-26,6,0.0010054341491771,0.0018584586214274,XGBoost,ML
2023-07-27,6,0.0245751272886991,-0.0036280741915106,CNN_LSTM,DL
2023-07-27,6,0.0245751272886991,-0.0007234634831547,LSTM,DL
2023-07-27,6,0.0245751275846934,0.0027520877376113,LightGBM,ML
2023-07-27,6,0.0245751275846934,0.0048560015712197,RandomForest,ML
2023-07-27,6,0.0245751272886991,0.0010972700547426,TCN,DL
2023-07-27,6,0.0245751272886991,-0.0014169374480843,TFT,DL
2023-07-27,6,0.0245751272886991,-0.0034892875701189,Transformer,DL
2023-07-27,6,0.0245751275846934,0.0013616492506116,XGBoost,ML
2023-07-28,6,0.0010560548398643,-0.0047819321043789,CNN_LSTM,DL
2023-07-28,6,0.0010560548398643,-0.0011853039031848,LSTM,DL
2023-07-28,6,0.0010560548633662,0.0032048633086862,LightGBM,ML
2023-07-28,6,0.0010560548633662,0.0023706830655512,RandomForest,ML
2023-07-28,6,0.0010560548398643,0.0010263927979394,TCN,DL
2023-07-28,6,0.0010560548398643,-0.0014178440906107,TFT,DL
2023-07-28,6,0.0010560548398643,-0.0026893238537013,Transformer,DL
2023-07-28,6,0.0010560548633662,0.0017482775729149,XGBoost,ML
2023-07-31,6,-0.0088154217228293,-0.0071509154513478,CNN_LSTM,DL
2023-07-31,6,-0.0088154217228293,-0.0015396629460155,LSTM,DL
2023-07-31,6,-0.0088154220828865,-0.0015867059795546,LightGBM,ML
2023-07-31,6,-0.0088154220828865,-9.421467675807986e-05,RandomForest,ML
2023-07-31,6,-0.0088154217228293,0.0013693640939891,TCN,DL
2023-07-31,6,-0.0088154217228293,-0.001418400555849,TFT,DL
2023-07-31,6,-0.0088154217228293,-0.0033708680421113,Transformer,DL
2023-07-31,6,-0.0088154220828865,-7.855052535887808e-05,XGBoost,ML
2023-08-01,7,-0.0240973904728889,-0.0011800912907347,CNN_LSTM,DL
2023-08-01,7,-0.0240973904728889,0.0001992217439692,LSTM,DL
2023-08-01,7,-0.0240973908945959,0.0006428252191515,LightGBM,ML
2023-08-01,7,-0.0240973908945959,0.0004525072172641,RandomForest,ML
2023-08-01,7,-0.0240973904728889,-0.0074956724420189,TCN,DL
2023-08-01,7,-0.0240973904728889,0.0051039159297943,TFT,DL
2023-08-01,7,-0.0240973904728889,0.0020482251420617,Transformer,DL
2023-08-01,7,-0.0240973908945959,-0.0022118526976555,XGBoost,ML
2023-08-02,7,0.0005452421028167,0.0028106309473514,CNN_LSTM,DL
2023-08-02,7,0.0005452421028167,0.0033058752305805,LSTM,DL
2023-08-02,7,0.000545242101025,0.0004523339940835,LightGBM,ML
2023-08-02,7,0.000545242101025,0.0007167826832182,RandomForest,ML
2023-08-02,7,0.0005452421028167,0.0077559491619467,TCN,DL
2023-08-02,7,0.0005452421028167,0.0052391765639185,TFT,DL
2023-08-02,7,0.0005452421028167,0.0018671641591936,Transformer,DL
2023-08-02,7,0.000545242101025,-0.0016289874911308,XGBoost,ML
2023-08-03,7,-0.0026470464654266,0.0089055029675364,CNN_LSTM,DL
2023-08-03,7,-0.0026470464654266,0.0089641502127051,LSTM,DL
2023-08-03,7,-0.0026470465729868,0.0004523339940835,LightGBM,ML
2023-08-03,7,-0.0026470465729868,0.0014232976078522,RandomForest,ML
2023-08-03,7,-0.0026470464654266,0.0010328020434826,TCN,DL
2023-08-03,7,-0.0026470464654266,0.0051564611494541,TFT,DL
2023-08-03,7,-0.0026470464654266,0.0009759640088304,Transformer,DL
2023-08-03,7,-0.0026470465729868,0.0025491509586572,XGBoost,ML
2023-08-04,7,0.0266956482082605,0.0139184789732098,CNN_LSTM,DL
2023-08-04,7,0.0266956482082605,0.0128413196653127,LSTM,DL
2023-08-04,7,0.026695649126782,0.0011004341488492,LightGBM,ML
2023-08-04,7,0.026695649126782,0.0024643480107547,RandomForest,ML
2023-08-04,7,0.0266956482082605,0.0107072191312909,TCN,DL
2023-08-04,7,0.0266956482082605,0.005130092613399,TFT,DL
2023-08-04,7,0.0266956482082605,0.0013986867852509,Transformer,DL
2023-08-04,7,0.026695649126782,0.0051799220964312,XGBoost,ML
2023-08-07,7,-0.000988041749224,0.0154154878109693,CNN_LSTM,DL
2023-08-07,7,-0.000988041749224,0.0148796699941158,LSTM,DL
2023-08-07,7,-0.0009880416915488,0.0009099429237812,LightGBM,ML
2023-08-07,7,-0.0009880416915488,0.003762595975975,RandomForest,ML
2023-08-07,7,-0.000988041749224,0.0100531736388802,TCN,DL
2023-08-07,7,-0.000988041749224,0.0050718812271952,TFT,DL
2023-08-07,7,-0.000988041749224,0.0005846197600476,Transformer,DL
2023-08-07,7,-0.0009880416915488,0.0041266530752182,XGBoost,ML
2023-08-08,7,-0.0132420659065246,0.014887386932969,CNN_LSTM,DL
2023-08-08,7,-0.0132420659065246,0.0144255654886364,LSTM,DL
2023-08-08,7,-0.0132420654430273,-2.1453428582391147e-05,LightGBM,ML
2023-08-08,7,-0.0132420654430273,-0.0009905275803942,RandomForest,ML
2023-08-08,7,-0.0132420659065246,0.0079706544056534,TCN,DL
2023-08-08,7,-0.0132420659065246,0.0051446994766592,TFT,DL
2023-08-08,7,-0.0132420659065246,0.0007884671795181,Transformer,DL
2023-08-08,7,-0.0132420654430273,-0.0009079064475372,XGBoost,ML
2023-08-09,7,0.000231453042943,0.0131529839709401,CNN_LSTM,DL
2023-08-09,7,0.000231453042943,0.0120495576411485,LSTM,DL
2023-08-09,7,0.0002314530460976,0.0005979278591819,LightGBM,ML
2023-08-09,7,0.0002314530460976,0.0011635517488333,RandomForest,ML
2023-08-09,7,0.000231453042943,0.0080699864774942,TCN,DL
2023-08-09,7,0.000231453042943,0.0052458979189395,TFT,DL
2023-08-09,7,0.000231453042943,0.0011676142457872,Transformer,DL
2023-08-09,7,0.0002314530460976,0.0022926721721887,XGBoost,ML
2023-08-10,7,-0.0010026521049439,0.0112279802560806,CNN_LSTM,DL
2023-08-10,7,-0.0010026521049439,0.0087250834330916,LSTM,DL
2023-08-10,7,-0.0010026520847055,0.0008189917233214,LightGBM,ML
2023-08-10,7,-0.0010026520847055,0.0040128904451606,RandomForest,ML
2023-08-10,7,-0.0010026521049439,0.0025007859803736,TCN,DL
2023-08-10,7,-0.0010026521049439,0.0053774090483784,TFT,DL
2023-08-10,7,-0.0010026521049439,0.0038401554338634,Transformer,DL
2023-08-10,7,-0.0010026520847055,0.0076575255952775,XGBoost,ML
2023-08-11,7,0.0136617626994848,0.0092223035171628,CNN_LSTM,DL
2023-08-11,7,0.0136617626994848,0.0061235688626766,LSTM,DL
2023-08-11,7,0.0136617630829805,0.0005979278591819,LightGBM,ML
2023-08-11,7,0.0136617630829805,0.0025101203432998,RandomForest,ML
2023-08-11,7,0.0136617626994848,-0.0051215384155511,TCN,DL
2023-08-11,7,0.0136617626994848,0.0052821962162852,TFT,DL
2023-08-11,7,0.0136617626994848,0.0016946750693023,Transformer,DL
2023-08-11,7,0.0136617630829805,0.003834256902337,XGBoost,ML
2023-08-14,7,-0.0118022076785564,0.0069923065602779,CNN_LSTM,DL
2023-08-14,7,-0.0118022076785564,0.003815789707005,LSTM,DL
2023-08-14,7,-0.011802207836297,0.0004486750717519,LightGBM,ML
2023-08-14,7,-0.011802207836297,-0.0006416156562207,RandomForest,ML
2023-08-14,7,-0.0118022076785564,-0.0008600822184234,TCN,DL
2023-08-14,7,-0.0118022076785564,0.0052865510806441,TFT,DL
2023-08-14,7,-0.0118022076785564,0.0015474436804652,Transformer,DL
2023-08-14,7,-0.011802207836297,-0.0009951088577508,XGBoost,ML
2023-08-15,7,-0.0083218803629279,0.00542570091784,CNN_LSTM,DL
2023-08-15,7,-0.0083218803629279,0.0031364993192255,LSTM,DL
2023-08-15,7,-0.0083218799732085,0.0004486750717519,LightGBM,ML
2023-08-15,7,-0.0083218799732085,0.0017430360959063,RandomForest,ML
2023-08-15,7,-0.0083218803629279,-0.0010586871067062,TCN,DL
2023-08-15,7,-0.0083218803629279,0.0052560055628418,TFT,DL
2023-08-15,7,-0.0083218803629279,0.0008272536797448,Transformer,DL
2023-08-15,7,-0.0083218799732085,0.0038040587678551,XGBoost,ML
2023-08-16,7,0.0094792488962411,0.005492984317243,CNN_LSTM,DL
2023-08-16,7,0.0094792488962411,0.002924517262727,LSTM,DL
2023-08-16,7,0.0094792487558283,0.0015251427218557,LightGBM,ML
2023-08-16,7,0.0094792487558283,0.0036437033202019,RandomForest,ML
2023-08-16,7,0.0094792488962411,0.0094333300366997,TCN,DL
2023-08-16,7,0.0094792488962411,0.0052280863747,TFT,DL
2023-08-16,7,0.0094792488962411,0.0014026010176166,Transformer,DL
2023-08-16,7,0.0094792487558283,0.0048592970706522,XGBoost,ML
2023-08-17,7,-0.018934603780508,0.0055100955069065,CNN_LSTM,DL
2023-08-17,7,-0.018934603780508,0.0041750082746148,LSTM,DL
2023-08-17,7,-0.0189346040617774,0.0008189917233214,LightGBM,ML
2023-08-17,7,-0.0189346040617774,0.0044256271232767,RandomForest,ML
2023-08-17,7,-0.018934603780508,0.0039215208962559,TCN,DL
2023-08-17,7,-0.018934603780508,0.0051860744133591,TFT,DL
2023-08-17,7,-0.018934603780508,0.0017511531477794,Transformer,DL
2023-08-17,7,-0.0189346040617774,0.0021300106309354,XGBoost,ML
2023-08-18,7,0.0071394303813576,0.0052066165953874,CNN_LSTM,DL
2023-08-18,7,0.0071394303813576,0.0042132278904318,LSTM,DL
2023-08-18,7,0.0071394302749114,0.0003942831503149,LightGBM,ML
2023-08-18,7,0.0071394302749114,0.0032593575279124,RandomForest,ML
2023-08-18,7,0.0071394303813576,0.0084554310888051,TCN,DL
2023-08-18,7,0.0071394303813576,0.0051802890375256,TFT,DL
2023-08-18,7,0.0071394303813576,0.0007440558401867,Transformer,DL
2023-08-18,7,0.0071394302749114,0.0064245420508086,XGBoost,ML
2023-08-21,7,0.0055308723822236,0.0053165135905146,CNN_LSTM,DL
2023-08-21,7,0.0055308723822236,0.0039319843053817,LSTM,DL
2023-08-21,7,0.0055308725662122,0.0010226364321884,LightGBM,ML
2023-08-21,7,0.0055308725662122,0.0061154911745732,RandomForest,ML
2023-08-21,7,0.0055308723822236,-0.0005967279430478,TCN,DL
2023-08-21,7,0.0055308723822236,0.0051527200266718,TFT,DL
2023-08-21,7,0.0055308723822236,0.0015939676668494,Transformer,DL
2023-08-21,7,0.0055308725662122,0.0092523442581295,XGBoost,ML
2023-08-22,7,0.0254880059510469,0.0066675161942839,CNN_LSTM,DL
2023-08-22,7,0.0254880059510469,0.0046553537249565,LSTM,DL
2023-08-22,7,0.0254880061801232,0.0004486750717519,LightGBM,ML
2023-08-22,7,0.0254880061801232,0.0028275401101036,RandomForest,ML
2023-08-22,7,0.0254880059510469,-0.0009535962017253,TCN,DL
2023-08-22,7,0.0254880059510469,0.0051890555769205,TFT,DL
2023-08-22,7,0.0254880059510469,0.0015948116779327,Transformer,DL
2023-08-22,7,0.0254880061801232,0.0028185716364532,XGBoost,ML
2023-08-23,7,-0.0195660945028066,0.007973208092153,CNN_LSTM,DL
2023-08-23,7,-0.0195660945028066,0.0029816566966474,LSTM,DL
2023-08-23,7,-0.0195660947892234,0.0011548260702861,LightGBM,ML
2023-08-23,7,-0.0195660947892234,0.001616594953329,RandomForest,ML
2023-08-23,7,-0.0195660945028066,-0.0031417987775057,TCN,DL
2023-08-23,7,-0.0195660945028066,0.0052206832915544,TFT,DL
2023-08-23,7,-0.0195660945028066,0.0014588171616196,Transformer,DL
2023-08-23,7,-0.0195660947892234,-0.0018412211211398,XGBoost,ML
2023-08-24,7,0.0007702438742853,0.0036761970259249,CNN_LSTM,DL
2023-08-24,7,0.0007702438742853,0.0015270186122506,LSTM,DL
2023-08-24,7,0.0007702438979315,0.0006846975699518,LightGBM,ML
2023-08-24,7,0.0007702438979315,-0.0006209115764019,RandomForest,ML
2023-08-24,7,0.0007702438742853,-0.0032772121485322,TCN,DL
2023-08-24,7,0.0007702438742853,0.0051919259130954,TFT,DL
2023-08-24,7,0.0007702438742853,0.001949634286575,Transformer,DL
2023-08-24,7,0.0007702438979315,0.0001390125544276,XGBoost,ML
2023-08-25,7,0.0087001826614141,0.0012702202657237,CNN_LSTM,DL
2023-08-25,7,0.0087001826614141,0.0022150138393044,LSTM,DL
2023-08-25,7,0.0087001821973147,0.0009099429237812,LightGBM,ML
2023-08-25,7,0.0087001821973147,0.0054880409381368,RandomForest,ML
2023-08-25,7,0.0087001826614141,-0.0022109728306531,TCN,DL
2023-08-25,7,0.0087001826614141,0.0049980692565441,TFT,DL
2023-08-25,7,0.0087001826614141,0.0026079246308654,Transformer,DL
2023-08-25,7,0.0087001821973147,0.005742987152189,XGBoost,ML
2023-08-28,7,0.0271739084273576,0.0037526874803006,CNN_LSTM,DL
2023-08-28,7,0.0271739084273576,0.0038049486465752,LSTM,DL
2023-08-28,7,0.0271739085790583,0.0011004341488492,LightGBM,ML
2023-08-28,7,0.0271739085790583,0.001084897301883,RandomForest,ML
2023-08-28,7,0.0271739084273576,0.002940317383036,TCN,DL
2023-08-28,7,0.0271739084273576,0.0048984214663505,TFT,DL
2023-08-28,7,0.0271739084273576,0.0040537612512707,Transformer,DL
2023-08-28,7,0.0271739085790583,0.0007328261854127,XGBoost,ML
2023-08-29,7,0.0097345551475882,0.0061346907168626,CNN_LSTM,DL
2023-08-29,7,0.0097345551475882,0.0036627468653023,LSTM,DL
2023-08-29,7,0.0097345552319221,0.0003942831503149,LightGBM,ML
2023-08-29,7,0.0097345552319221,-0.0046287266133056,RandomForest,ML
2023-08-29,7,0.0097345551475882,0.0106584383174777,TCN,DL
2023-08-29,7,0.0097345551475882,0.0048312172293663,TFT,DL
2023-08-29,7,0.0097345551475882,0.0028502547647804,Transformer,DL
2023-08-29,7,0.0097345552319221,-0.007981764152646,XGBoost,ML
2023-08-30,7,0.0021342455875128,0.0050993980839848,CNN_LSTM,DL
2023-08-30,7,0.0021342455875128,0.0027448018081486,LSTM,DL
2023-08-30,7,0.0021342455499118,0.0011548260702861,LightGBM,ML
2023-08-30,7,0.0021342455499118,0.0026523421372211,RandomForest,ML
2023-08-30,7,0.0021342455875128,0.0131726833060383,TCN,DL
2023-08-30,7,0.0021342455875128,0.0047830054536461,TFT,DL
2023-08-30,7,0.0021342455875128,0.0021701208315789,Transformer,DL
2023-08-30,7,0.0021342455499118,0.0015205574454739,XGBoost,ML
2023-08-31,7,-0.0037451246753335,0.0007968951249495,CNN_LSTM,DL
2023-08-31,7,-0.0037451246753335,0.002571799326688,LSTM,DL
2023-08-31,7,-0.0037451246822469,0.0011004341488492,LightGBM,ML
2023-08-31,7,-0.0037451246822469,0.0042912951845264,RandomForest,ML
2023-08-31,7,-0.0037451246753335,0.0101383887231349,TCN,DL
2023-08-31,7,-0.0037451246753335,0.0046712541952729,TFT,DL
2023-08-31,7,-0.0037451246753335,0.0020178612321615,Transformer,DL
2023-08-31,7,-0.0037451246822469,0.001011794549413,XGBoost,ML
2023-09-01,8,0.0008107485482469,0.0006738118827342,CNN_LSTM,DL
2023-09-01,8,0.0008107485482469,0.0017661703750491,LSTM,DL
2023-09-01,8,0.0008107485722936,0.0087872972749604,LightGBM,ML
2023-09-01,8,0.0008107485722936,0.0091775199649409,RandomForest,ML
2023-09-01,8,0.0008107485482469,-0.0009678357164375,TCN,DL
2023-09-01,8,0.0008107485482469,0.0012042459566146,TFT,DL
2023-09-01,8,0.0008107485482469,-0.0020888363942503,Transformer,DL
2023-09-01,8,0.0008107485722936,0.0009300431702286,XGBoost,ML
2023-09-05,8,-0.0096487440168857,0.0007197738741524,CNN_LSTM,DL
2023-09-05,8,-0.0096487440168857,0.001876650378108,LSTM,DL
2023-09-05,8,-0.0096487435650697,0.0014863054361509,LightGBM,ML
2023-09-05,8,-0.0096487435650697,0.0044459565810074,RandomForest,ML
2023-09-05,8,-0.0096487440168857,0.0008050844771787,TCN,DL
2023-09-05,8,-0.0096487440168857,0.001201705657877,TFT,DL
2023-09-05,8,-0.0096487440168857,-0.0007675497909076,Transformer,DL
2023-09-05,8,-0.0096487435650697,0.0008784183883108,XGBoost,ML
2023-09-06,8,0.005949652288109,0.0007261503487825,CNN_LSTM,DL
2023-09-06,8,0.005949652288109,0.0019999935757368,LSTM,DL
2023-09-06,8,0.0059496524595727,0.0031596949030795,LightGBM,ML
2023-09-06,8,0.0059496524595727,0.0031752067773283,RandomForest,ML
2023-09-06,8,0.005949652288109,-0.0001633877982385,TCN,DL
2023-09-06,8,0.005949652288109,0.0012036712141707,TFT,DL
2023-09-06,8,0.005949652288109,-0.0018502234015613,Transformer,DL
2023-09-06,8,0.0059496524595727,0.0008784183883108,XGBoost,ML
2023-09-07,8,0.0082803629338741,0.0008556694956496,CNN_LSTM,DL
2023-09-07,8,0.0082803629338741,0.002719952724874,LSTM,DL
2023-09-07,8,0.0082803625036997,0.0048933201498918,LightGBM,ML
2023-09-07,8,0.0082803625036997,0.0043269624701122,RandomForest,ML
2023-09-07,8,0.0082803629338741,1.943320967257023e-05,TCN,DL
2023-09-07,8,0.0082803629338741,0.0012062226887792,TFT,DL
2023-09-07,8,0.0082803629338741,-0.0008050774340517,Transformer,DL
2023-09-07,8,0.0082803625036997,0.0007850792026147,XGBoost,ML
2023-09-08,8,0.003959632012993,0.0010093592572957,CNN_LSTM,DL
2023-09-08,8,0.003959632012993,0.0028866718057543,LSTM,DL
2023-09-08,8,0.0039596319329069,0.0031667971656627,LightGBM,ML
2023-09-08,8,0.0039596319329069,0.0033832159186532,RandomForest,ML
2023-09-08,8,0.003959632012993,-0.0001945269177667,TCN,DL
2023-09-08,8,0.003959632012993,0.0012106774374842,TFT,DL
2023-09-08,8,0.003959632012993,-2.178142312914133e-05,Transformer,DL
2023-09-08,8,0.0039596319329069,0.000552040815819,XGBoost,ML
2023-09-11,8,-0.0115396548062562,0.0010437176097184,CNN_LSTM,DL
2023-09-11,8,-0.0115396548062562,0.0030004309955984,LSTM,DL
2023-09-11,8,-0.0115396547838685,-8.555299273052894e-05,LightGBM,ML
2023-09-11,8,-0.0115396547838685,0.0054531449284347,RandomForest,ML
2023-09-11,8,-0.0115396548062562,0.0016087347175925,TCN,DL
2023-09-11,8,-0.0115396548062562,0.0012091373791918,TFT,DL
2023-09-11,8,-0.0115396548062562,0.002561537316069,Transformer,DL
2023-09-11,8,-0.0115396547838685,0.0005600252188742,XGBoost,ML
2023-09-12,8,0.0101227657869458,0.0010064105736091,CNN_LSTM,DL
2023-09-12,8,0.0101227657869458,0.0027804551646113,LSTM,DL
2023-09-12,8,0.0101227654533706,-0.000465273478552,LightGBM,ML
2023-09-12,8,0.0101227654533706,0.0026644577990479,RandomForest,ML
2023-09-12,8,0.0101227657869458,0.001545270322822,TCN,DL
2023-09-12,8,0.0101227657869458,0.0012082066386938,TFT,DL
2023-09-12,8,0.0101227657869458,0.0036677946336567,Transformer,DL
2023-09-12,8,0.0101227654533706,0.0008784183883108,XGBoost,ML
2023-09-13,8,0.0101675167679786,0.0008455542265437,CNN_LSTM,DL
2023-09-13,8,0.0101675167679786,0.0023797194007784,LSTM,DL
2023-09-13,8,0.010167516846149,0.0015312180482761,LightGBM,ML
2023-09-13,8,0.010167516846149,0.0018716289954435,RandomForest,ML
2023-09-13,8,0.0101675167679786,0.0012477585114538,TCN,DL
2023-09-13,8,0.0101675167679786,0.0012068707728758,TFT,DL
2023-09-13,8,0.0101675167679786,0.0025133886374533,Transformer,DL
2023-09-13,8,0.010167516846149,0.0007850792026147,XGBoost,ML
2023-09-14,8,-0.0050688814371824,0.0007685029995627,CNN_LSTM,DL
2023-09-14,8,-0.0050688814371824,0.0017136750975623,LSTM,DL
2023-09-14,8,-0.0050688816621193,0.0005901706686733,LightGBM,ML
2023-09-14,8,-0.0050688816621193,0.0013909533420171,RandomForest,ML
2023-09-14,8,-0.0050688814371824,0.0005077220266684,TCN,DL
2023-09-14,8,-0.0050688814371824,0.0012075931299477,TFT,DL
2023-09-14,8,-0.0050688814371824,-0.0010047811083495,Transformer,DL
2023-09-14,8,-0.0050688816621193,0.0008784183883108,XGBoost,ML
2023-09-15,8,0.0058951876126229,0.000652490183711,CNN_LSTM,DL
2023-09-15,8,0.0058951876126229,0.0011761562200263,LSTM,DL
2023-09-15,8,0.0058951877114774,-0.0002433453606916,LightGBM,ML
2023-09-15,8,0.0058951877114774,0.002903755708333,RandomForest,ML
2023-09-15,8,0.0058951876126229,0.001050671795383,TCN,DL
2023-09-15,8,0.0058951876126229,0.0012082501780241,TFT,DL
2023-09-15,8,0.0058951876126229,-0.0008912380435504,Transformer,DL
2023-09-15,8,0.0058951877114774,0.0008784183883108,XGBoost,ML
2023-09-18,8,-0.0012300598900765,0.0005739927873946,CNN_LSTM,DL
2023-09-18,8,-0.0012300598900765,0.0007658371469005,LSTM,DL
2023-09-18,8,-0.0012300599145298,0.0023781605540705,LightGBM,ML
2023-09-18,8,-0.0012300599145298,0.0048124567168022,RandomForest,ML
2023-09-18,8,-0.0012300598900765,0.0006136080482974,TCN,DL
2023-09-18,8,-0.0012300598900765,0.0012093376135453,TFT,DL
2023-09-18,8,-0.0012300598900765,-0.0007892624125815,Transformer,DL
2023-09-18,8,-0.0012300599145298,0.0009300431702286,XGBoost,ML
2023-09-19,8,-0.0311503335833549,0.0006220280192792,CNN_LSTM,DL
2023-09-19,8,-0.0311503335833549,0.0004568971053231,LSTM,DL
2023-09-19,8,-0.0311503341000326,0.0008627908321567,LightGBM,ML
2023-09-19,8,-0.0311503341000326,0.002424400720567,RandomForest,ML
2023-09-19,8,-0.0311503335833549,-0.000329039117787,TCN,DL
2023-09-19,8,-0.0311503335833549,0.0012101428583264,TFT,DL
2023-09-19,8,-0.0311503335833549,0.0015094485133886,Transformer,DL
2023-09-19,8,-0.0311503341000326,0.0005600252188742,XGBoost,ML
2023-09-20,8,-0.0246746279299259,0.0006132604321464,CNN_LSTM,DL
2023-09-20,8,-0.0246746279299259,0.0005841733072884,LSTM,DL
2023-09-20,8,-0.0246746285258275,-0.00465803318924,LightGBM,ML
2023-09-20,8,-0.0246746285258275,-0.0026374727306674,RandomForest,ML
2023-09-20,8,-0.0246746279299259,-0.0002418960793875,TCN,DL
2023-09-20,8,-0.0246746279299259,0.0012109995586797,TFT,DL
2023-09-20,8,-0.0246746279299259,0.0025191181339323,Transformer,DL
2023-09-20,8,-0.0246746285258275,7.939600618556142e-05,XGBoost,ML
2023-09-21,8,-0.001456671510823,0.0005052784108556,CNN_LSTM,DL
2023-09-21,8,-0.001456671510823,0.0008055184734985,LSTM,DL
2023-09-21,8,-0.0014566715355962,0.0072570654573689,LightGBM,ML
2023-09-21,8,-0.0014566715355962,0.0034095915139714,RandomForest,ML
2023-09-21,8,-0.001456671510823,0.000267325725872,TCN,DL
2023-09-21,8,-0.001456671510823,0.001209519454278,TFT,DL
2023-09-21,8,-0.001456671510823,0.0019269410986453,Transformer,DL
2023-09-21,8,-0.0014566715355962,0.0008784183883108,XGBoost,ML
2023-09-22,8,0.0066027687862515,0.0004406611260492,CNN_LSTM,DL
2023-09-22,8,0.0066027687862515,0.0010171855101361,LSTM,DL
2023-09-22,8,0.0066027687271041,0.0070835175250916,LightGBM,ML
2023-09-22,8,0.0066027687271041,0.0079506221480769,RandomForest,ML
2023-09-22,8,0.0066027687862515,2.3470318410545588e-05,TCN,DL
2023-09-22,8,0.0066027687862515,0.0012102735927328,TFT,DL
2023-09-22,8,0.0066027687862515,0.0025468366220593,Transformer,DL
2023-09-22,8,0.0066027687271041,0.0014009613078087,XGBoost,ML
2023-09-25,8,-0.0193730276077985,0.0005356839392334,CNN_LSTM,DL
2023-09-25,8,-0.0193730276077985,0.0015075918054208,LSTM,DL
2023-09-25,8,-0.0193730270118718,0.0041067246804675,LightGBM,ML
2023-09-25,8,-0.0193730270118718,0.0055439255226678,RandomForest,ML
2023-09-25,8,-0.0193730276077985,-4.949921276420355e-05,TCN,DL
2023-09-25,8,-0.0193730276077985,0.0012089351657778,TFT,DL
2023-09-25,8,-0.0193730276077985,0.0046830712817609,Transformer,DL
2023-09-25,8,-0.0193730270118718,0.0008784183883108,XGBoost,ML
2023-09-26,8,0.0153223006054759,0.0004862275382038,CNN_LSTM,DL
2023-09-26,8,0.0153223006054759,0.0015735651832073,LSTM,DL
2023-09-26,8,0.015322300795262,-0.0012511592566742,LightGBM,ML
2023-09-26,8,0.015322300795262,-0.0002607315073867,RandomForest,ML
2023-09-26,8,0.0153223006054759,-0.0005128955817781,TCN,DL
2023-09-26,8,0.0153223006054759,0.00120987650007,TFT,DL
2023-09-26,8,0.0153223006054759,0.0041242563165724,Transformer,DL
2023-09-26,8,0.015322300795262,0.000552040815819,XGBoost,ML
2023-09-27,8,0.0135590806603431,0.0003919675364159,CNN_LSTM,DL
2023-09-27,8,0.0135590806603431,0.0014144888846203,LSTM,DL
2023-09-27,8,0.0135590804995693,0.0036332689373478,LightGBM,ML
2023-09-27,8,0.0135590804995693,0.0058207718147445,RandomForest,ML
2023-09-27,8,0.0135590806603431,0.0006932077230885,TCN,DL
2023-09-27,8,0.0135590806603431,0.0012085689231753,TFT,DL
2023-09-27,8,0.0135590806603431,0.0048659713938832,Transformer,DL
2023-09-27,8,0.0135590804995693,0.0007850792026147,XGBoost,ML
2023-09-28,8,-0.0109591586515307,0.0003881062439177,CNN_LSTM,DL
2023-09-28,8,-0.0109591586515307,0.0012620066991075,LSTM,DL
2023-09-28,8,-0.0109591584704888,-0.0004991734247826,LightGBM,ML
2023-09-28,8,-0.0109591584704888,4.91585181762175e-05,RandomForest,ML
2023-09-28,8,-0.0109591586515307,0.0010571993188932,TCN,DL
2023-09-28,8,-0.0109591586515307,0.0012132924748584,TFT,DL
2023-09-28,8,-0.0109591586515307,0.0032004562672227,Transformer,DL
2023-09-28,8,-0.0109591584704888,0.0007850792026147,XGBoost,ML
2023-09-29,8,0.0252941567450761,0.0002503356081433,CNN_LSTM,DL
2023-09-29,8,0.0252941567450761,0.0014218187425285,LSTM,DL
2023-09-29,8,0.0252941558642199,2.830162599828267e-05,LightGBM,ML
2023-09-29,8,0.0252941558642199,0.0002809529395741,RandomForest,ML
2023-09-29,8,0.0252941567450761,0.0003486784698907,TCN,DL
2023-09-29,8,0.0252941567450761,0.0012151021510362,TFT,DL
2023-09-29,8,0.0252941567450761,0.002807249315083,Transformer,DL
2023-09-29,8,0.0252941558642199,0.000552040815819,XGBoost,ML
2023-10-02,9,-0.0129684498533606,0.0018329170998185,CNN_LSTM,DL
2023-10-02,9,-0.0129684498533606,-0.0033522662706673,LSTM,DL
2023-10-02,9,-0.0129684499622207,0.0010826468120843,LightGBM,ML
2023-10-02,9,-0.0129684499622207,0.0040072647919235,RandomForest,ML
2023-10-02,9,-0.0129684498533606,-0.0001974591286852,TCN,DL
2023-10-02,9,-0.0129684498533606,-0.0009310541208833,TFT,DL
2023-10-02,9,-0.0129684498533606,-0.0005761124193668,Transformer,DL
2023-10-02,9,-0.0129684499622207,0.0010749251814559,XGBoost,ML
2023-10-03,9,0.0212187357246875,0.0018173006828874,CNN_LSTM,DL
2023-10-03,9,0.0212187357246875,-0.0042660082690417,LSTM,DL
2023-10-03,9,0.0212187349443047,0.0010826468120843,LightGBM,ML
2023-10-03,9,0.0212187349443047,-0.0004966597420971,RandomForest,ML
2023-10-03,9,0.0212187357246875,-0.0003679187502712,TCN,DL
2023-10-03,9,0.0212187357246875,-0.0009288834407925,TFT,DL
2023-10-03,9,0.0212187357246875,-0.0018428030889481,Transformer,DL
2023-10-03,9,0.0212187349443047,0.001082646776922,XGBoost,ML
2023-10-04,9,-0.0012570730177685,0.0018414272926747,CNN_LSTM,DL
2023-10-04,9,-0.0012570730177685,-0.0046901330351829,LSTM,DL
2023-10-04,9,-0.0012570730251658,0.001239317069426,LightGBM,ML
2023-10-04,9,-0.0012570730251658,-0.0031239101300827,RandomForest,ML
2023-10-04,9,-0.0012570730177685,-3.647617995738983e-05,TCN,DL
2023-10-04,9,-0.0012570730177685,-0.0009128712117671,TFT,DL
2023-10-04,9,-0.0012570730177685,0.0006849826313555,Transformer,DL
2023-10-04,9,-0.0012570730251658,0.0010749251814559,XGBoost,ML
2023-10-05,9,0.0185828637331724,0.0017520613037049,CNN_LSTM,DL
2023-10-05,9,0.0185828637331724,-0.0051126666367053,LSTM,DL
2023-10-05,9,0.0185828643728971,0.0010591018998988,LightGBM,ML
2023-10-05,9,0.0185828643728971,-0.0053550459164263,RandomForest,ML
2023-10-05,9,0.0185828637331724,-0.000229581608437,TCN,DL
2023-10-05,9,0.0185828637331724,-0.0009210952557623,TFT,DL
2023-10-05,9,0.0185828637331724,-0.0026789549738168,Transformer,DL
2023-10-05,9,0.0185828643728971,0.001082646776922,XGBoost,ML
2023-10-06,9,0.0061054923571646,0.0018638630863279,CNN_LSTM,DL
2023-10-06,9,0.0061054923571646,-0.0041819619946181,LSTM,DL
2023-10-06,9,0.0061054922499348,0.000838726909445,LightGBM,ML
2023-10-06,9,0.0061054922499348,0.001229969965374,RandomForest,ML
2023-10-06,9,0.0061054923571646,-0.0002038623206317,TCN,DL
2023-10-06,9,0.0061054923571646,-0.0009224719833582,TFT,DL
2023-10-06,9,0.0061054923571646,-0.0013499718625098,Transformer,DL
2023-10-06,9,0.0061054922499348,0.0014670963864773,XGBoost,ML
2023-10-09,9,-0.0026008875574916,0.0019065669039264,CNN_LSTM,DL
2023-10-09,9,-0.0026008875574916,-0.00400808500126,LSTM,DL
2023-10-09,9,-0.0026008875471832,0.0014743515947537,LightGBM,ML
2023-10-09,9,-0.0026008875471832,0.0016890487044135,RandomForest,ML
2023-10-09,9,-0.0026008875574916,0.0001231144415214,TCN,DL
2023-10-09,9,-0.0026008875574916,-0.0009155862499028,TFT,DL
2023-10-09,9,-0.0026008875574916,-0.0002142603043466,Transformer,DL
2023-10-09,9,-0.0026008875471832,0.001082646776922,XGBoost,ML
2023-10-10,9,0.0180357601493597,0.0021243542432785,CNN_LSTM,DL
2023-10-10,9,0.0180357601493597,-0.0024336914066225,LSTM,DL
2023-10-10,9,0.0180357610560655,0.001239317069426,LightGBM,ML
2023-10-10,9,0.0180357610560655,0.001482707910841,RandomForest,ML
2023-10-10,9,0.0180357601493597,7.802504114806652e-05,TCN,DL
2023-10-10,9,0.0180357601493597,-0.0009168528486043,TFT,DL
2023-10-10,9,0.0180357601493597,-0.0007296529365703,Transformer,DL
2023-10-10,9,0.0180357610560655,0.001082646776922,XGBoost,ML
2023-10-11,9,-0.0112416194751858,0.002209557686001,CNN_LSTM,DL
2023-10-11,9,-0.0112416194751858,-0.0018886330071836,LSTM,DL
2023-10-11,9,-0.0112416197313282,0.0014743515947537,LightGBM,ML
2023-10-11,9,-0.0112416197313282,0.0055763525096387,RandomForest,ML
2023-10-11,9,-0.0112416194751858,0.0004409537068568,TCN,DL
2023-10-11,9,-0.0112416194751858,-0.0009191534481942,TFT,DL
2023-10-11,9,-0.0112416194751858,0.0005537219694815,Transformer,DL
2023-10-11,9,-0.0112416197313282,0.0014670963864773,XGBoost,ML
2023-10-12,9,-0.0115850456058979,0.0022332309745252,CNN_LSTM,DL
2023-10-12,9,-0.0115850456058979,-0.0009995268192142,LSTM,DL
2023-10-12,9,-0.0115850460420395,0.0014743515947537,LightGBM,ML
2023-10-12,9,-0.0115850460420395,0.0008253355441277,RandomForest,ML
2023-10-12,9,-0.0115850456058979,-8.38978448882699e-05,TCN,DL
2023-10-12,9,-0.0115850456058979,-0.0009320734534412,TFT,DL
2023-10-12,9,-0.0115850456058979,-0.0004497590707615,Transformer,DL
2023-10-12,9,-0.0115850460420395,0.001082646776922,XGBoost,ML
2023-10-13,9,0.0126674976199865,0.0023380117490887,CNN_LSTM,DL
2023-10-13,9,0.0126674976199865,-7.329229265451431e-05,LSTM,DL
2023-10-13,9,0.0126674978250087,0.000838726909445,LightGBM,ML
2023-10-13,9,0.0126674978250087,0.0045381819667999,RandomForest,ML
2023-10-13,9,0.0126674976199865,0.0005572489462792,TCN,DL
2023-10-13,9,0.0126674976199865,-0.0009264787659049,TFT,DL
2023-10-13,9,0.0126674976199865,0.0008672800613567,Transformer,DL
2023-10-13,9,0.0126674978250087,0.001082646776922,XGBoost,ML
2023-10-16,9,0.0044570458121597,0.0023148357868194,CNN_LSTM,DL
2023-10-16,9,0.0044570458121597,0.0012087834766134,LSTM,DL
2023-10-16,9,0.0044570458095578,0.0014743515947537,LightGBM,ML
2023-10-16,9,0.0044570458095578,0.0061493757090357,RandomForest,ML
2023-10-16,9,0.0044570458121597,0.0002505285665392,TCN,DL
2023-10-16,9,0.0044570458121597,-0.0009413808584213,TFT,DL
2023-10-16,9,0.0044570458121597,3.0016759410500526e-05,Transformer,DL
2023-10-16,9,0.0044570458095578,0.001082646776922,XGBoost,ML
2023-10-17,9,-0.0125964693725109,0.0023136588279157,CNN_LSTM,DL
2023-10-17,9,-0.0125964693725109,0.0014892272884026,LSTM,DL
2023-10-17,9,-0.0125964690010137,0.0010591018998988,LightGBM,ML
2023-10-17,9,-0.0125964690010137,0.0082037668959189,RandomForest,ML
2023-10-17,9,-0.0125964693725109,0.0005147123592905,TCN,DL
2023-10-17,9,-0.0125964693725109,-0.0009413789957761,TFT,DL
2023-10-17,9,-0.0125964693725109,0.0008437161450274,Transformer,DL
2023-10-17,9,-0.0125964690010137,0.001082646776922,XGBoost,ML
2023-10-18,9,-0.0015224750386551,0.0022510169073939,CNN_LSTM,DL
2023-10-18,9,-0.0015224750386551,0.0015893457457423,LSTM,DL
2023-10-18,9,-0.001522475061698,0.0014743515947537,LightGBM,ML
2023-10-18,9,-0.001522475061698,0.0044924525904984,RandomForest,ML
2023-10-18,9,-0.0015224750386551,0.0002592739765532,TCN,DL
2023-10-18,9,-0.0015224750386551,-0.0009340145625174,TFT,DL
2023-10-18,9,-0.0015224750386551,0.0012621859787032,Transformer,DL
2023-10-18,9,-0.001522475061698,0.0010749251814559,XGBoost,ML
2023-10-19,9,-0.0156077910214662,0.0023307076189666,CNN_LSTM,DL
2023-10-19,9,-0.0156077910214662,0.0020090762991458,LSTM,DL
2023-10-19,9,-0.0156077913508702,0.0010826468120843,LightGBM,ML
2023-10-19,9,-0.0156077913508702,0.0056920582822683,RandomForest,ML
2023-10-19,9,-0.0156077910214662,1.3460521586239338e-05,TCN,DL
2023-10-19,9,-0.0156077910214662,-0.0009458183776587,TFT,DL
2023-10-19,9,-0.0156077910214662,6.939400918781757e-06,Transformer,DL
2023-10-19,9,-0.0156077913508702,0.0010749251814559,XGBoost,ML
2023-10-20,9,0.0066371583379805,0.0023126699961721,CNN_LSTM,DL
2023-10-20,9,0.0066371583379805,0.0013820572057738,LSTM,DL
2023-10-20,9,0.0066371581081265,0.0010826468120843,LightGBM,ML
2023-10-20,9,0.0066371581081265,0.0036756581215275,RandomForest,ML
2023-10-20,9,0.0066371583379805,0.0001930521684698,TCN,DL
2023-10-20,9,0.0066371583379805,-0.0009588543325662,TFT,DL
2023-10-20,9,0.0066371583379805,0.0016358369030058,Transformer,DL
2023-10-20,9,0.0066371581081265,0.0004075668985024,XGBoost,ML
2023-10-23,9,0.0169229768216609,0.0023257718421518,CNN_LSTM,DL
2023-10-23,9,0.0169229768216609,0.0011203966569155,LSTM,DL
2023-10-23,9,0.0169229764219052,0.0014743515947537,LightGBM,ML
2023-10-23,9,0.0169229764219052,0.0049756836204271,RandomForest,ML
2023-10-23,9,0.0169229768216609,0.0004763673641718,TCN,DL
2023-10-23,9,0.0169229768216609,-0.0009584906511008,TFT,DL
2023-10-23,9,0.0169229768216609,0.001913056243211,Transformer,DL
2023-10-23,9,0.0169229764219052,0.0015834488440304,XGBoost,ML
2023-10-24,9,-0.0950939133763313,0.0023625441826879,CNN_LSTM,DL
2023-10-24,9,-0.0950939133763313,0.0016012156847864,LSTM,DL
2023-10-24,9,-0.0950939169097396,0.000838726909445,LightGBM,ML
2023-10-24,9,-0.0950939169097396,0.0033665388720738,RandomForest,ML
2023-10-24,9,-0.0950939133763313,4.290370270609856e-06,TCN,DL
2023-10-24,9,-0.0950939133763313,-0.0009652532171458,TFT,DL
2023-10-24,9,-0.0950939133763313,0.0013446270022541,Transformer,DL
2023-10-24,9,-0.0950939169097396,0.0010749251814559,XGBoost,ML
2023-10-25,9,-0.0265106484293937,0.0024509676732122,CNN_LSTM,DL
2023-10-25,9,-0.0265106484293937,0.0016167892608791,LSTM,DL
2023-10-25,9,-0.026510649313454,0.0010826468120843,LightGBM,ML
2023-10-25,9,-0.026510649313454,-0.006233453342351,RandomForest,ML
2023-10-25,9,-0.0265106484293937,-6.878853309899569e-05,TCN,DL
2023-10-25,9,-0.0265106484293937,-0.0009614410810172,TFT,DL
2023-10-25,9,-0.0265106484293937,0.0006315624341368,Transformer,DL
2023-10-25,9,-0.026510649313454,0.0002520894049666,XGBoost,ML
2023-10-26,9,-0.0008996502147056,0.0024021628778427,CNN_LSTM,DL
2023-10-26,9,-0.0008996502147056,0.0014338355977088,LSTM,DL
2023-10-26,9,-0.0008996502421877,0.000838726909445,LightGBM,ML
2023-10-26,9,-0.0008996502421877,0.000710885066244,RandomForest,ML
2023-10-26,9,-0.0008996502147056,-0.0001279030693694,TCN,DL
2023-10-26,9,-0.0008996502147056,-0.0009795429650694,TFT,DL
2023-10-26,9,-0.0008996502147056,-0.0010938530322164,Transformer,DL
2023-10-26,9,-0.0008996502421877,0.001082646776922,XGBoost,ML
2023-10-27,9,0.0187445003539323,0.0017589734634384,CNN_LSTM,DL
2023-10-27,9,0.0187445003539323,-0.0005014919443055,LSTM,DL
2023-10-27,9,0.0187444999308499,0.000838726909445,LightGBM,ML
2023-10-27,9,0.0187444999308499,0.0010981886448607,RandomForest,ML
2023-10-27,9,0.0187445003539323,-0.00084499490913,TCN,DL
2023-10-27,9,0.0187445003539323,-0.001003494253382,TFT,DL
2023-10-27,9,0.0187445003539323,-4.515505861490965e-05,Transformer,DL
2023-10-27,9,0.0187444999308499,0.001082646776922,XGBoost,ML
2023-10-30,9,-0.0030531988013535,0.0008355079917237,CNN_LSTM,DL
2023-10-30,9,-0.0030531988013535,-0.0020351805724203,LSTM,DL
2023-10-30,9,-0.0030531988115783,0.0014743515947537,LightGBM,ML
2023-10-30,9,-0.0030531988115783,0.0019526306819665,RandomForest,ML
2023-10-30,9,-0.0030531988013535,-0.000503652030602,TCN,DL
2023-10-30,9,-0.0030531988013535,-0.0009699545335024,TFT,DL
2023-10-30,9,-0.0030531988013535,-0.0004581867251545,Transformer,DL
2023-10-30,9,-0.0030531988115783,0.0010749251814559,XGBoost,ML
2023-10-31,9,0.01910050958395,0.0004138247459195,CNN_LSTM,DL
2023-10-31,9,0.01910050958395,-0.0032343920320272,LSTM,DL
2023-10-31,9,0.0191005097805934,0.0014743515947537,LightGBM,ML
2023-10-31,9,0.0191005097805934,-0.0025574096578414,RandomForest,ML
2023-10-31,9,0.01910050958395,-0.0011509580072015,TCN,DL
2023-10-31,9,0.01910050958395,-0.0009662206284701,TFT,DL
2023-10-31,9,0.01910050958395,-0.0028490661643445,Transformer,DL
2023-10-31,9,0.0191005097805934,0.001082646776922,XGBoost,ML
2023-11-01,10,0.0082246167585253,0.0025253607891499,CNN_LSTM,DL
2023-11-01,10,0.0082246167585253,0.0047459248453378,LSTM,DL
2023-11-01,10,0.0082246164747408,0.0014048452810148,LightGBM,ML
2023-11-01,10,0.0082246164747408,0.0027814446348827,RandomForest,ML
2023-11-01,10,0.0082246167585253,0.0002484292490407,TCN,DL
2023-11-01,10,0.0082246167585253,-0.0023853764869272,TFT,DL
2023-11-01,10,0.0082246167585253,0.0024791893083602,Transformer,DL
2023-11-01,10,0.0082246164747408,0.0010428655659779,XGBoost,ML
2023-11-02,10,0.0126286568120121,0.0024681414943188,CNN_LSTM,DL
2023-11-02,10,0.0126286568120121,0.0051050134934484,LSTM,DL
2023-11-02,10,0.0126286572304215,0.0018389338280615,LightGBM,ML
2023-11-02,10,0.0126286572304215,0.0023361837687595,RandomForest,ML
2023-11-02,10,0.0126286568120121,-0.0013220225227996,TCN,DL
2023-11-02,10,0.0126286568120121,-0.0023424979299306,TFT,DL
2023-11-02,10,0.0126286568120121,0.0055236178450286,Transformer,DL
2023-11-02,10,0.0126286572304215,0.0014583393931388,XGBoost,ML
2023-11-03,10,0.008907675743103,0.0028620022349059,CNN_LSTM,DL
2023-11-03,10,0.008907675743103,0.0045675635337829,LSTM,DL
2023-11-03,10,0.0089076759873349,0.0014583393897919,LightGBM,ML
2023-11-03,10,0.0089076759873349,-0.0025086118265168,RandomForest,ML
2023-11-03,10,0.008907675743103,0.0006700609228573,TCN,DL
2023-11-03,10,0.008907675743103,-0.0022975159808993,TFT,DL
2023-11-03,10,0.008907675743103,0.0026029520668089,Transformer,DL
2023-11-03,10,0.0089076759873349,0.0010428655659779,XGBoost,ML
2023-11-06,10,0.005527822766453,0.0032117161899805,CNN_LSTM,DL
2023-11-06,10,0.005527822766453,0.0042290785349905,LSTM,DL
2023-11-06,10,0.0055278225393329,0.0009858080462692,LightGBM,ML
2023-11-06,10,0.0055278225393329,0.0018114512005312,RandomForest,ML
2023-11-06,10,0.005527822766453,0.0007490059360861,TCN,DL
2023-11-06,10,0.005527822766453,-0.0022260751575231,TFT,DL
2023-11-06,10,0.005527822766453,0.0018216653261333,Transformer,DL
2023-11-06,10,0.0055278225393329,0.0010428655659779,XGBoost,ML
2023-11-07,10,0.0066427714191377,0.0033460056874901,CNN_LSTM,DL
2023-11-07,10,0.0066427714191377,0.0039841900579631,LSTM,DL
2023-11-07,10,0.0066427715179593,0.0009274741787071,LightGBM,ML
2023-11-07,10,0.0066427715179593,-0.0013550143093847,RandomForest,ML
2023-11-07,10,0.0066427714191377,0.0007742547895759,TCN,DL
2023-11-07,10,0.0066427714191377,-0.0021387306042015,TFT,DL
2023-11-07,10,0.0066427714191377,0.0001799069577828,Transformer,DL
2023-11-07,10,0.0066427715179593,0.0010428655659779,XGBoost,ML
2023-11-08,10,-0.0121360067278146,0.0030892882496118,CNN_LSTM,DL
2023-11-08,10,-0.0121360067278146,0.0038734986446797,LSTM,DL
2023-11-08,10,-0.0121360069584499,0.0005477142909914,LightGBM,ML
2023-11-08,10,-0.0121360069584499,0.0028842362610836,RandomForest,ML
2023-11-08,10,-0.0121360067278146,0.0006532866973429,TCN,DL
2023-11-08,10,-0.0121360067278146,-0.0020133801735937,TFT,DL
2023-11-08,10,-0.0121360067278146,-0.0003447096096351,Transformer,DL
2023-11-08,10,-0.0121360069584499,0.0018752429168671,XGBoost,ML
2023-11-09,10,0.0180436503142118,0.0033304195385426,CNN_LSTM,DL
2023-11-09,10,0.0180436503142118,0.0032653990201652,LSTM,DL
2023-11-09,10,0.0180436506311056,0.0005477142909914,LightGBM,ML
2023-11-09,10,0.0180436506311056,0.0018267967200685,RandomForest,ML
2023-11-09,10,0.0180436503142118,0.0005895253852941,TCN,DL
2023-11-09,10,0.0180436503142118,-0.0020669228397309,TFT,DL
2023-11-09,10,0.0180436503142118,0.0008506025769747,Transformer,DL
2023-11-09,10,0.0180436506311056,0.0010428655659779,XGBoost,ML
2023-11-10,10,-0.0037711078766733,0.0033889771439135,CNN_LSTM,DL
2023-11-10,10,-0.0037711078766733,0.0028614588081836,LSTM,DL
2023-11-10,10,-0.003771107907743,0.0009858080462692,LightGBM,ML
2023-11-10,10,-0.003771107907743,0.0048259801256098,RandomForest,ML
2023-11-10,10,-0.0037711078766733,0.0010242934804409,TCN,DL
2023-11-10,10,-0.0037711078766733,-0.0020624618045985,TFT,DL
2023-11-10,10,-0.0037711078766733,-0.0008959647966548,Transformer,DL
2023-11-10,10,-0.003771107907743,0.0014583393931388,XGBoost,ML
2023-11-13,10,0.0115831112489104,0.0032837418839335,CNN_LSTM,DL
2023-11-13,10,0.0115831112489104,0.0026826886460185,LSTM,DL
2023-11-13,10,0.0115831113466864,0.001419896593316,LightGBM,ML
2023-11-13,10,0.0115831113466864,0.0028483894728982,RandomForest,ML
2023-11-13,10,0.0115831112489104,0.0011429107980802,TCN,DL
2023-11-13,10,0.0115831112489104,-0.0020104851573705,TFT,DL
2023-11-13,10,0.0115831112489104,-0.0011593882227316,Transformer,DL
2023-11-13,10,0.0115831113466864,0.0010428655659779,XGBoost,ML
2023-11-14,10,0.0074837319552898,0.0030067381449043,CNN_LSTM,DL
2023-11-14,10,0.0074837319552898,0.0025742845609784,LSTM,DL
2023-11-14,10,0.0074837319180252,0.0009818028380381,LightGBM,ML
2023-11-14,10,0.0074837319180252,0.0003485929747652,RandomForest,ML
2023-11-14,10,0.0074837319552898,0.0012751967879012,TCN,DL
2023-11-14,10,0.0074837319552898,-0.0020211585797369,TFT,DL
2023-11-14,10,0.0074837319552898,-0.002099419478327,Transformer,DL
2023-11-14,10,0.0074837319180252,0.0010428655659779,XGBoost,ML
2023-11-15,10,0.0171595402061939,0.0027471981011331,CNN_LSTM,DL
2023-11-15,10,0.0171595402061939,0.002760075032711,LSTM,DL
2023-11-15,10,0.0171595406504692,0.0014583393897919,LightGBM,ML
2023-11-15,10,0.0171595406504692,0.0052759699044352,RandomForest,ML
2023-11-15,10,0.0171595402061939,0.0012982613407075,TCN,DL
2023-11-15,10,0.0171595402061939,-0.0019837631843984,TFT,DL
2023-11-15,10,0.0171595402061939,-0.0010157324140891,Transformer,DL
2023-11-15,10,0.0171595406504692,0.0018752429168671,XGBoost,ML
2023-11-16,10,-0.0118308449164032,0.0025968994013965,CNN_LSTM,DL
2023-11-16,10,-0.0118308449164032,0.002670268760994,LSTM,DL
2023-11-16,10,-0.0118308449209677,0.0009274741787071,LightGBM,ML
2023-11-16,10,-0.0118308449209677,0.0022175118226173,RandomForest,ML
2023-11-16,10,-0.0118308449164032,0.0015451776562258,TCN,DL
2023-11-16,10,-0.0118308449164032,-0.0019870423711836,TFT,DL
2023-11-16,10,-0.0118308449164032,-0.0025306027382612,Transformer,DL
2023-11-16,10,-0.0118308449209677,0.0016044467920437,XGBoost,ML
2023-11-17,10,0.006947252433747,0.0021507907658815,CNN_LSTM,DL
2023-11-17,10,0.006947252433747,0.0021032916847616,LSTM,DL
2023-11-17,10,0.0069472526231435,0.0014583393897919,LightGBM,ML
2023-11-17,10,0.0069472526231435,0.0001596304141161,RandomForest,ML
2023-11-17,10,0.006947252433747,0.0010538517963141,TCN,DL
2023-11-17,10,0.006947252433747,-0.0019793645478785,TFT,DL
2023-11-17,10,0.006947252433747,-0.003354615997523,Transformer,DL
2023-11-17,10,0.0069472526231435,0.0016044467920437,XGBoost,ML
2023-11-20,10,0.0052842814475297,0.0019571627490222,CNN_LSTM,DL
2023-11-20,10,0.0052842814475297,0.0020501564722508,LSTM,DL
2023-11-20,10,0.0052842816232903,0.0013510943381272,LightGBM,ML
2023-11-20,10,0.0052842816232903,0.0041327434471874,RandomForest,ML
2023-11-20,10,0.0052842814475297,0.0015684691024944,TCN,DL
2023-11-20,10,0.0052842814475297,-0.0020040147937834,TFT,DL
2023-11-20,10,0.0052842814475297,-0.0021534222178161,Transformer,DL
2023-11-20,10,0.0052842816232903,0.0018752429168671,XGBoost,ML
2023-11-21,10,0.011097127571702,0.0018857480026781,CNN_LSTM,DL
2023-11-21,10,0.011097127571702,0.0018207987304776,LSTM,DL
2023-11-21,10,0.0110971279870406,0.001734555151405,LightGBM,ML
2023-11-21,10,0.0110971279870406,0.0025222292892464,RandomForest,ML
2023-11-21,10,0.011097127571702,0.0011917190859094,TCN,DL
2023-11-21,10,0.011097127571702,-0.0019966424442827,TFT,DL
2023-11-21,10,0.011097127571702,-0.0039695831947028,Transformer,DL
2023-11-21,10,0.0110971279870406,0.0016044467920437,XGBoost,ML
2023-11-22,10,-0.01299708802253,0.0019767051562666,CNN_LSTM,DL
2023-11-22,10,-0.01299708802253,0.0018419590778648,LSTM,DL
2023-11-22,10,-0.0129970877056417,0.0009858080462692,LightGBM,ML
2023-11-22,10,-0.0129970877056417,0.0025839729474232,RandomForest,ML
2023-11-22,10,-0.01299708802253,0.0016119433566927,TCN,DL
2023-11-22,10,-0.01299708802253,-0.0019585164263844,TFT,DL
2023-11-22,10,-0.01299708802253,-0.0018798027886077,Transformer,DL
2023-11-22,10,-0.0129970877056417,0.0016044467920437,XGBoost,ML
2023-11-24,10,-0.0020484898705035,0.0017862685490399,CNN_LSTM,DL
2023-11-24,10,-0.0020484898705035,0.0012430787319317,LSTM,DL
2023-11-24,10,-0.0020484898109761,0.0010202456345141,LightGBM,ML
2023-11-24,10,-0.0020484898109761,5.299678226883361e-05,RandomForest,ML
2023-11-24,10,-0.0020484898705035,0.0014625438489019,TCN,DL
2023-11-24,10,-0.0020484898705035,-0.001996555365622,TFT,DL
2023-11-24,10,-0.0020484898705035,-0.0029227817431092,Transformer,DL
2023-11-24,10,-0.0020484898109761,0.0016044467920437,XGBoost,ML
2023-11-27,10,0.005791229661554,0.0016946459654718,CNN_LSTM,DL
2023-11-27,10,0.005791229661554,0.0009513081167824,LSTM,DL
2023-11-27,10,0.0057912296862059,0.0014000055222298,LightGBM,ML
2023-11-27,10,0.0057912296862059,0.0012674643720079,RandomForest,ML
2023-11-27,10,0.005791229661554,0.0015469524078071,TCN,DL
2023-11-27,10,0.005791229661554,-0.0020976341329514,TFT,DL
2023-11-27,10,0.005791229661554,-0.001933179446496,Transformer,DL
2023-11-27,10,0.0057912296862059,0.0014583393931388,XGBoost,ML
2023-11-28,10,-0.0161079354584217,0.0017104395665228,CNN_LSTM,DL
2023-11-28,10,-0.0161079354584217,0.0009382142452523,LSTM,DL
2023-11-28,10,-0.0161079350088765,0.0010202456345141,LightGBM,ML
2023-11-28,10,-0.0161079350088765,0.0011940888624351,RandomForest,ML
2023-11-28,10,-0.0161079354584217,0.0013843775959685,TCN,DL
2023-11-28,10,-0.0161079354584217,-0.0021897605620324,TFT,DL
2023-11-28,10,-0.0161079354584217,0.0004853292484767,Transformer,DL
2023-11-28,10,-0.0161079350088765,0.0014583393931388,XGBoost,ML
2023-11-29,10,-0.0182236228138208,0.0018659209599718,CNN_LSTM,DL
2023-11-29,10,-0.0182236228138208,0.0005899214302189,LSTM,DL
2023-11-29,10,-0.0182236222151205,0.0017645383056089,LightGBM,ML
2023-11-29,10,-0.0182236222151205,-0.0001912958926356,RandomForest,ML
2023-11-29,10,-0.0182236228138208,0.0017373659648001,TCN,DL
2023-11-29,10,-0.0182236228138208,-0.0023577664978802,TFT,DL
2023-11-29,10,-0.0182236228138208,-0.0025714226067066,Transformer,DL
2023-11-29,10,-0.0182236222151205,0.0016044467920437,XGBoost,ML
2023-11-30,10,-0.005055361893028,0.0019807692151516,CNN_LSTM,DL
2023-11-30,10,-0.005055361893028,0.0005407111602835,LSTM,DL
2023-11-30,10,-0.0050553620084191,0.0017645383056089,LightGBM,ML
2023-11-30,10,-0.0050553620084191,0.0025983614175987,RandomForest,ML
2023-11-30,10,-0.005055361893028,0.0015114680863916,TCN,DL
2023-11-30,10,-0.005055361893028,-0.0025247279554605,TFT,DL
2023-11-30,10,-0.005055361893028,-0.002417589072138,Transformer,DL
2023-11-30,10,-0.0050553620084191,0.0014583393931388,XGBoost,ML
2023-12-01,11,-0.0196420028805732,-0.0004119941731914,CNN_LSTM,DL
2023-12-01,11,-0.0196420028805732,-0.0055346586741507,LSTM,DL
2023-12-01,11,-0.0196420028838352,0.0036686522184444,LightGBM,ML
2023-12-01,11,-0.0196420028838352,0.0028950202365929,RandomForest,ML
2023-12-01,11,-0.0196420028805732,-0.0061504743061959,TCN,DL
2023-12-01,11,-0.0196420028805732,0.0016780048608779,TFT,DL
2023-12-01,11,-0.0196420028805732,0.0006530789542011,Transformer,DL
2023-12-01,11,-0.0196420028838352,0.004672824870795,XGBoost,ML
2023-12-04,11,0.0133055308833718,0.0003519834717735,CNN_LSTM,DL
2023-12-04,11,0.0133055308833718,-0.0067035444080829,LSTM,DL
2023-12-04,11,0.0133055306727585,-0.0007099245113609,LightGBM,ML
2023-12-04,11,0.0133055306727585,0.0018069484406868,RandomForest,ML
2023-12-04,11,0.0133055308833718,0.0086426632478833,TCN,DL
2023-12-04,11,0.0133055308833718,0.0016753625823184,TFT,DL
2023-12-04,11,0.0133055308833718,0.0007827970548532,Transformer,DL
2023-12-04,11,0.0133055306727585,0.0020382301881909,XGBoost,ML
2023-12-05,11,-0.0074051208794116,0.0007362354081124,CNN_LSTM,DL
2023-12-05,11,-0.0074051208794116,-0.006024029571563,LSTM,DL
2023-12-05,11,-0.0074051208981964,0.0065607198869119,LightGBM,ML
2023-12-05,11,-0.0074051208981964,0.0054503660156325,RandomForest,ML
2023-12-05,11,-0.0074051208794116,-0.0157900881022214,TCN,DL
2023-12-05,11,-0.0074051208794116,0.0016718287952244,TFT,DL
2023-12-05,11,-0.0074051208794116,0.0048833317123353,Transformer,DL
2023-12-05,11,-0.0074051208981964,0.0066393287852406,XGBoost,ML
2023-12-06,11,0.0531455725431442,0.0001906075049191,CNN_LSTM,DL
2023-12-06,11,0.0531455725431442,-0.0063818888738751,LSTM,DL
2023-12-06,11,0.0531455729699996,0.0008660391397445,LightGBM,ML
2023-12-06,11,0.0531455729699996,0.0002724470439666,RandomForest,ML
2023-12-06,11,0.0531455725431442,0.0052366233430802,TCN,DL
2023-12-06,11,0.0531455725431442,0.0016866743098944,TFT,DL
2023-12-06,11,0.0531455725431442,-0.0001390894176438,Transformer,DL
2023-12-06,11,0.0531455729699996,0.0002286719973199,XGBoost,ML
2023-12-07,11,-0.014167889021337,5.0163944251835346e-05,CNN_LSTM,DL
2023-12-07,11,-0.014167889021337,-0.0061961510218679,LSTM,DL
2023-12-07,11,-0.0141678892688964,-0.0003204079903002,LightGBM,ML
2023-12-07,11,-0.0141678892688964,0.0028512687757394,RandomForest,ML
2023-12-07,11,-0.014167889021337,-0.0050375084392726,TCN,DL
2023-12-07,11,-0.014167889021337,0.0017078595701605,TFT,DL
2023-12-07,11,-0.014167889021337,0.0028412449173629,Transformer,DL
2023-12-07,11,-0.0141678892688964,0.0023440085351467,XGBoost,ML
2023-12-08,11,-0.0125934444367885,-0.0039974269457161,CNN_LSTM,DL
2023-12-08,11,-0.0125934444367885,-0.0072779832407832,LSTM,DL
2023-12-08,11,-0.0125934443249606,-0.0034331502598107,LightGBM,ML
2023-12-08,11,-0.0125934443249606,-0.0034801807756787,RandomForest,ML
2023-12-08,11,-0.0125934444367885,0.0055039217695593,TCN,DL
2023-12-08,11,-0.0125934444367885,0.0017351665301248,TFT,DL
2023-12-08,11,-0.0125934444367885,-0.0044155931100249,Transformer,DL
2023-12-08,11,-0.0125934443249606,-0.0012188107939437,XGBoost,ML
2023-12-11,11,-0.0057767280377447,-0.0022601909004151,CNN_LSTM,DL
2023-12-11,11,-0.0057767280377447,-0.005999376066029,LSTM,DL
2023-12-11,11,-0.0057767278481005,0.0030319477230993,LightGBM,ML
2023-12-11,11,-0.0057767278481005,0.0025586377656935,RandomForest,ML
2023-12-11,11,-0.0057767280377447,0.001322231022641,TCN,DL
2023-12-11,11,-0.0057767280377447,0.0017560000997036,TFT,DL
2023-12-11,11,-0.0057767280377447,0.0024585342034697,Transformer,DL
2023-12-11,11,-0.0057767278481005,0.0026633513625711,XGBoost,ML
2023-12-12,11,0.0003772751369979,-0.0018653714796528,CNN_LSTM,DL
2023-12-12,11,0.0003772751369979,-0.0051189470104873,LSTM,DL
2023-12-12,11,0.0003772751361299,0.0007346272254231,LightGBM,ML
2023-12-12,11,0.0003772751361299,0.0001290336831121,RandomForest,ML
2023-12-12,11,0.0003772751369979,0.0057270373217761,TCN,DL
2023-12-12,11,0.0003772751369979,0.0017743074567988,TFT,DL
2023-12-12,11,0.0003772751369979,-0.0026171249337494,Transformer,DL
2023-12-12,11,0.0003772751361299,-0.001942173577845,XGBoost,ML
2023-12-13,11,-0.0047523146495223,0.0011088333558291,CNN_LSTM,DL
2023-12-13,11,-0.0047523146495223,-0.0036581135354936,LSTM,DL
2023-12-13,11,-0.0047523146354916,0.0040254570925194,LightGBM,ML
2023-12-13,11,-0.0047523146354916,0.0036512575130862,RandomForest,ML
2023-12-13,11,-0.0047523146495223,-0.0026957816444337,TCN,DL
2023-12-13,11,-0.0047523146495223,0.0017796746687963,TFT,DL
2023-12-13,11,-0.0047523146495223,-0.0015994700370356,Transformer,DL
2023-12-13,11,-0.0047523146354916,0.0057164765894412,XGBoost,ML
2023-12-14,11,0.0050023440271615,0.002247167751193,CNN_LSTM,DL
2023-12-14,11,0.0050023440271615,-0.0030886861495673,LSTM,DL
2023-12-14,11,0.0050023438655217,0.0030941246760918,LightGBM,ML
2023-12-14,11,0.0050023438655217,0.0031419562910577,RandomForest,ML
2023-12-14,11,0.0050023440271615,0.0066342479549348,TCN,DL
2023-12-14,11,0.0050023440271615,0.0018027782207354,TFT,DL
2023-12-14,11,0.0050023440271615,-0.0009031364461407,Transformer,DL
2023-12-14,11,0.0050023438655217,0.0041972543112933,XGBoost,ML
2023-12-15,11,0.024132665246725,0.006266355048865,CNN_LSTM,DL
2023-12-15,11,0.024132665246725,0.0012727760476991,LSTM,DL
2023-12-15,11,0.0241326660101959,0.0043078231406089,LightGBM,ML
2023-12-15,11,0.0241326660101959,0.0025714401195443,RandomForest,ML
2023-12-15,11,0.024132665246725,0.0012329494347795,TCN,DL
2023-12-15,11,0.024132665246725,0.0018013374647125,TFT,DL
2023-12-15,11,0.024132665246725,0.0026686713099479,Transformer,DL
2023-12-15,11,0.0241326660101959,0.0030741188675165,XGBoost,ML
2023-12-18,11,0.0062591070309281,0.0082934591919183,CNN_LSTM,DL
2023-12-18,11,0.0062591070309281,0.0030847308225929,LSTM,DL
2023-12-18,11,0.0062591071327691,0.0051444706522221,LightGBM,ML
2023-12-18,11,0.0062591071327691,0.0047904396820785,RandomForest,ML
2023-12-18,11,0.0062591070309281,0.0056119989603757,TCN,DL
2023-12-18,11,0.0062591070309281,0.0018169439863413,TFT,DL
2023-12-18,11,0.0062591070309281,0.0044516371563076,Transformer,DL
2023-12-18,11,0.0062591071327691,0.0053315549157559,XGBoost,ML
2023-12-19,11,0.0123673314228653,0.0084300357848405,CNN_LSTM,DL
2023-12-19,11,0.0123673314228653,0.0025611836463212,LSTM,DL
2023-12-19,11,0.0123673317480348,0.0014741842137333,LightGBM,ML
2023-12-19,11,0.0123673317480348,0.0034480612406977,RandomForest,ML
2023-12-19,11,0.0123673314228653,0.0271650403738021,TCN,DL
2023-12-19,11,0.0123673314228653,0.001852654502727,TFT,DL
2023-12-19,11,0.0123673314228653,0.0039971517398953,Transformer,DL
2023-12-19,11,0.0123673317480348,0.004259502980858,XGBoost,ML
2023-12-20,11,0.0150354607030749,0.0077274530194699,CNN_LSTM,DL
2023-12-20,11,0.0150354607030749,0.0021333319600671,LSTM,DL
2023-12-20,11,0.0150354607406919,0.0032232181844591,LightGBM,ML
2023-12-20,11,0.0150354607406919,0.0026162888289628,RandomForest,ML
2023-12-20,11,0.0150354607030749,0.0034452322870492,TCN,DL
2023-12-20,11,0.0150354607030749,0.0018481977749615,TFT,DL
2023-12-20,11,0.0150354607030749,0.0013256834354251,Transformer,DL
2023-12-20,11,0.0150354607406919,-0.0002325252571608,XGBoost,ML
2023-12-21,11,0.0076201441697776,0.0052425446920096,CNN_LSTM,DL
2023-12-21,11,0.0076201441697776,-4.119705408811569e-05,LSTM,DL
2023-12-21,11,0.0076201443600159,0.0005737374450684,LightGBM,ML
2023-12-21,11,0.0076201443600159,0.0018121918856406,RandomForest,ML
2023-12-21,11,0.0076201441697776,0.0123965609818696,TCN,DL
2023-12-21,11,0.0076201441697776,0.0018482992891222,TFT,DL
2023-12-21,11,0.0076201441697776,-0.0027428176254034,Transformer,DL
2023-12-21,11,0.0076201443600159,-0.0001249572960659,XGBoost,ML
2023-12-22,11,0.0002121012221323,0.0041458988562226,CNN_LSTM,DL
2023-12-22,11,0.0002121012221323,-0.0008111788192763,LSTM,DL
2023-12-22,11,0.0002121012222657,3.2196005127263212e-06,LightGBM,ML
2023-12-22,11,0.0002121012222657,-0.0001960493177987,RandomForest,ML
2023-12-22,11,0.0002121012221323,0.00093103031395,TCN,DL
2023-12-22,11,0.0002121012221323,0.0018797615775838,TFT,DL
2023-12-22,11,0.0002121012221323,0.0012767650187015,Transformer,DL
2023-12-22,11,0.0002121012222657,-0.0004464117519091,XGBoost,ML
2023-12-26,11,-0.0081261433660984,0.0025110454298555,CNN_LSTM,DL
2023-12-26,11,-0.0081261433660984,-0.0008945964509621,LSTM,DL
2023-12-26,11,-0.0081261430477979,-0.0019156770470112,LightGBM,ML
2023-12-26,11,-0.0081261430477979,0.0003763472490859,RandomForest,ML
2023-12-26,11,-0.0081261433660984,0.0027881492860615,TCN,DL
2023-12-26,11,-0.0081261433660984,0.0018981083994731,TFT,DL
2023-12-26,11,-0.0081261433660984,-0.0022478853352367,Transformer,DL
2023-12-26,11,-0.0081261430477979,-0.000881380517967,XGBoost,ML
2023-12-27,11,-0.0009973382111638,0.0020037016365677,CNN_LSTM,DL
2023-12-27,11,-0.0009973382111638,-0.0003337670350447,LSTM,DL
2023-12-27,11,-0.0009973382044385,-0.0027802424530952,LightGBM,ML
2023-12-27,11,-0.0009973382044385,-0.0004960140679524,RandomForest,ML
2023-12-27,11,-0.0009973382111638,-0.0004755802219733,TCN,DL
2023-12-27,11,-0.0009973382111638,0.0018921763403341,TFT,DL
2023-12-27,11,-0.0009973382111638,-0.0015603265492245,Transformer,DL
2023-12-27,11,-0.0009973382044385,-0.0016578373033553,XGBoost,ML
2023-12-28,11,-0.0038510295562446,0.0025979042984545,CNN_LSTM,DL
2023-12-28,11,-0.0038510295562446,0.0003934514243155,LSTM,DL
2023-12-28,11,-0.0038510296400789,0.0013462601783811,LightGBM,ML
2023-12-28,11,-0.0038510296400789,0.0010962840468706,RandomForest,ML
2023-12-28,11,-0.0038510295562446,0.0016960938228294,TCN,DL
2023-12-28,11,-0.0038510295562446,0.0018960328307002,TFT,DL
2023-12-28,11,-0.0038510295562446,-0.001173171098344,Transformer,DL
2023-12-28,11,-0.0038510296400789,0.0049066809006035,XGBoost,ML
2023-12-29,11,-0.0108810504898428,0.0040190410800278,CNN_LSTM,DL
2023-12-29,11,-0.0108810504898428,0.0013808454386889,LSTM,DL
2023-12-29,11,-0.0108810507864179,-0.0018812332724557,LightGBM,ML
2023-12-29,11,-0.0108810507864179,0.0006632502929519,RandomForest,ML
2023-12-29,11,-0.0108810504898428,-0.0021131657995283,TCN,DL
2023-12-29,11,-0.0108810504898428,0.0019091562135145,TFT,DL
2023-12-29,11,-0.0108810504898428,-0.0006348855094984,Transformer,DL
2023-12-29,11,-0.0108810507864179,-0.0003687402931973,XGBoost,ML
2024-01-02,12,0.0054279388859868,0.0054246736690402,CNN_LSTM,DL
2024-01-02,12,0.0054279388859868,0.0028506768867373,LSTM,DL
2024-01-02,12,0.0054279389420848,0.0013253491394993,LightGBM,ML
2024-01-02,12,0.0054279389420848,0.0002473131909022,RandomForest,ML
2024-01-02,12,0.0054279388859868,-0.001637581270188,TCN,DL
2024-01-02,12,0.0054279388859868,0.0021676328033208,TFT,DL
2024-01-02,12,0.0054279388859868,0.0055983383208513,Transformer,DL
2024-01-02,12,0.0054279389420848,0.0014541555428877,XGBoost,ML
2024-01-03,12,-0.0182117354124784,0.0063336286693811,CNN_LSTM,DL
2024-01-03,12,-0.0182117354124784,0.0018176683224737,LSTM,DL
2024-01-03,12,-0.018211734921708,1.3491558352129124e-05,LightGBM,ML
2024-01-03,12,-0.018211734921708,-0.0016523232046219,RandomForest,ML
2024-01-03,12,-0.0182117354124784,0.0045155799016356,TCN,DL
2024-01-03,12,-0.0182117354124784,0.0021695890463888,TFT,DL
2024-01-03,12,-0.0182117354124784,0.0097825899720191,Transformer,DL
2024-01-03,12,-0.018211734921708,0.0016997122438624,XGBoost,ML
2024-01-04,12,-0.0048391316086053,0.0043020783923566,CNN_LSTM,DL
2024-01-04,12,-0.0048391316086053,-0.000923792598769,LSTM,DL
2024-01-04,12,-0.0048391318374295,-0.001746792003907,LightGBM,ML
2024-01-04,12,-0.0048391318374295,-0.0023323298594963,RandomForest,ML
2024-01-04,12,-0.0048391316086053,-0.0156080294400453,TCN,DL
2024-01-04,12,-0.0048391316086053,0.0021678630728274,TFT,DL
2024-01-04,12,-0.0048391316086053,0.0037831184454262,Transformer,DL
2024-01-04,12,-0.0048391318374295,-0.0004507592821028,XGBoost,ML
2024-01-05,12,0.0229130759835243,0.0016481642378494,CNN_LSTM,DL
2024-01-05,12,0.0229130759835243,-0.0024597723968327,LSTM,DL
2024-01-05,12,0.0229130760211024,-0.0008985198061783,LightGBM,ML
2024-01-05,12,0.0229130760211024,0.0008014549011897,RandomForest,ML
2024-01-05,12,0.0229130759835243,-0.0006063806358724,TCN,DL
2024-01-05,12,0.0229130759835243,0.002163739176467,TFT,DL
2024-01-05,12,0.0229130759835243,0.0085596973076462,Transformer,DL
2024-01-05,12,0.0229130760211024,0.0006718389340676,XGBoost,ML
2024-01-08,12,0.0151974624022841,-0.0010866858065128,CNN_LSTM,DL
2024-01-08,12,0.0151974624022841,-0.0032522587571293,LSTM,DL
2024-01-08,12,0.0151974623687156,0.0034544996669556,LightGBM,ML
2024-01-08,12,0.0151974623687156,0.0025090301352278,RandomForest,ML
2024-01-08,12,0.0151974624022841,8.789100684225559e-05,TCN,DL
2024-01-08,12,0.0151974624022841,0.0021559624001383,TFT,DL
2024-01-08,12,0.0151974624022841,0.0078730294480919,Transformer,DL
2024-01-08,12,0.0151974623687156,0.0016828522784635,XGBoost,ML
2024-01-09,12,0.0094359433278441,-0.0043483329936861,CNN_LSTM,DL
2024-01-09,12,0.0094359433278441,-0.0044236471876502,LSTM,DL
2024-01-09,12,0.0094359431018378,-0.0028260012839407,LightGBM,ML
2024-01-09,12,0.0094359431018378,-0.001385411773587,RandomForest,ML
2024-01-09,12,0.0094359433278441,-0.0096762189641594,TCN,DL
2024-01-09,12,0.0094359433278441,0.0021229269914329,TFT,DL
2024-01-09,12,0.0094359433278441,0.0001479714410379,Transformer,DL
2024-01-09,12,0.0094359431018378,-0.0025007396470755,XGBoost,ML
2024-01-10,12,-0.0014056887011975,-0.0071438010782003,CNN_LSTM,DL
2024-01-10,12,-0.0014056887011975,-0.0064347768202424,LSTM,DL
2024-01-10,12,-0.0014056887550734,-0.007891561321261,LightGBM,ML
2024-01-10,12,-0.0014056887550734,-0.0033154595150256,RandomForest,ML
2024-01-10,12,-0.0014056887011975,-0.0227670893073081,TCN,DL
2024-01-10,12,-0.0014056887011975,0.0021423695143312,TFT,DL
2024-01-10,12,-0.0014056887011975,-0.006311384961009,Transformer,DL
2024-01-10,12,-0.0014056887550734,-0.0039106155745685,XGBoost,ML
2024-01-11,12,0.0040116738528013,-0.0077944137156009,CNN_LSTM,DL
2024-01-11,12,0.0040116738528013,-0.0074050817638635,LSTM,DL
2024-01-11,12,0.0040116738258355,-0.0026893899303439,LightGBM,ML
2024-01-11,12,0.0040116738258355,-0.0016541528852079,RandomForest,ML
2024-01-11,12,0.0040116738528013,-0.0207952186465263,TCN,DL
2024-01-11,12,0.0040116738528013,0.0021306795533746,TFT,DL
2024-01-11,12,0.0040116738528013,-0.0051447255536913,Transformer,DL
2024-01-11,12,0.0040116738258355,-0.001210122834891,XGBoost,ML
2024-01-12,12,-0.0011213972466066,-0.0077046463266015,CNN_LSTM,DL
2024-01-12,12,-0.0011213972466066,-0.0071583380922675,LSTM,DL
2024-01-12,12,-0.0011213972620662,-0.0068545650118065,LightGBM,ML
2024-01-12,12,-0.0011213972620662,-0.0051807500918028,RandomForest,ML
2024-01-12,12,-0.0011213972466066,-0.0108959721401333,TCN,DL
2024-01-12,12,-0.0011213972466066,0.0021263645030558,TFT,DL
2024-01-12,12,-0.0011213972466066,-0.0046146074309945,Transformer,DL
2024-01-12,12,-0.0011213972620662,-0.0037110743578523,XGBoost,ML
2024-01-16,12,-0.0071583492681384,-0.006599448621273,CNN_LSTM,DL
2024-01-16,12,-0.0071583492681384,-0.0060663437470793,LSTM,DL
2024-01-16,12,-0.0071583494439804,-0.0104881070105597,LightGBM,ML
2024-01-16,12,-0.0071583494439804,-0.0059169849044966,RandomForest,ML
2024-01-16,12,-0.0071583492681384,-0.0199310481548309,TCN,DL
2024-01-16,12,-0.0071583492681384,0.0021019165869802,TFT,DL
2024-01-16,12,-0.0071583492681384,-0.0050029000267386,Transformer,DL
2024-01-16,12,-0.0071583494439804,-0.0052682477980852,XGBoost,ML
2024-01-17,12,0.0142076816409826,-0.0047279866412281,CNN_LSTM,DL
2024-01-17,12,0.0142076816409826,-0.0045098746195435,LSTM,DL
2024-01-17,12,0.0142076818658154,-0.0050272712411311,LightGBM,ML
2024-01-17,12,0.0142076818658154,-0.0030931922985922,RandomForest,ML
2024-01-17,12,0.0142076816409826,-0.0144152585417032,TCN,DL
2024-01-17,12,0.0142076816409826,0.0020803255029022,TFT,DL
2024-01-17,12,0.0142076816409826,-0.0048334551975131,Transformer,DL
2024-01-17,12,0.0142076818658154,-0.0018589086830615,XGBoost,ML
2024-01-18,12,0.0202120747417211,-0.0038063277024775,CNN_LSTM,DL
2024-01-18,12,0.0202120747417211,-0.0035964844282716,LSTM,DL
2024-01-18,12,0.0202120740330391,-0.0042322350788545,LightGBM,ML
2024-01-18,12,0.0202120740330391,-0.0038870156591334,RandomForest,ML
2024-01-18,12,0.0202120747417211,-0.0002174839610233,TCN,DL
2024-01-18,12,0.0202120747417211,0.0020540889818221,TFT,DL
2024-01-18,12,0.0202120747417211,-0.0023313083220273,Transformer,DL
2024-01-18,12,0.0202120740330391,-0.0019832761026918,XGBoost,ML
2024-01-19,12,-0.0026642591692507,-0.0037785714957863,CNN_LSTM,DL
2024-01-19,12,-0.0026642591692507,-0.0037655073683708,LSTM,DL
2024-01-19,12,-0.0026642591323108,-0.0018539692216595,LightGBM,ML
2024-01-19,12,-0.0026642591323108,-0.0009410821977763,RandomForest,ML
2024-01-19,12,-0.0026642591692507,0.002799228997901,TCN,DL
2024-01-19,12,-0.0026642591692507,0.0020270957611501,TFT,DL
2024-01-19,12,-0.0026642591692507,-0.0048517314717173,Transformer,DL
2024-01-19,12,-0.0026642591323108,-0.0021333913318812,XGBoost,ML
2024-01-22,12,0.0071921916678547,-0.0037848183419555,CNN_LSTM,DL
2024-01-22,12,0.0071921916678547,-0.0040238741785287,LSTM,DL
2024-01-22,12,0.0071921914553445,-0.002541497140635,LightGBM,ML
2024-01-22,12,0.0071921914553445,0.0008884488079079,RandomForest,ML
2024-01-22,12,0.0071921916678547,0.0010006611701101,TCN,DL
2024-01-22,12,0.0071921916678547,0.0020230032969266,TFT,DL
2024-01-22,12,0.0071921916678547,-0.0046920366585254,Transformer,DL
2024-01-22,12,0.0071921914553445,0.0029757863376289,XGBoost,ML
2024-01-23,12,0.0112892417237162,-0.0027415028307586,CNN_LSTM,DL
2024-01-23,12,0.0112892417237162,-0.0039080660790205,LSTM,DL
2024-01-23,12,0.0112892415949144,0.0012316594464987,LightGBM,ML
2024-01-23,12,0.0112892415949144,-0.0004819016180597,RandomForest,ML
2024-01-23,12,0.0112892417237162,0.0031858719885349,TCN,DL
2024-01-23,12,0.0112892417237162,0.0019833433907479,TFT,DL
2024-01-23,12,0.0112892417237162,-0.0027405486907809,Transformer,DL
2024-01-23,12,0.0112892415949144,0.0023228481877595,XGBoost,ML
2024-01-24,12,0.0213181767612695,-0.0024564564228057,CNN_LSTM,DL
2024-01-24,12,0.0213181767612695,-0.003703026799485,LSTM,DL
2024-01-24,12,0.0213181760941394,-0.0027476612627416,LightGBM,ML
2024-01-24,12,0.0213181760941394,-0.0018594144809153,RandomForest,ML
2024-01-24,12,0.0213181767612695,0.005790451541543,TCN,DL
2024-01-24,12,0.0213181767612695,0.0019953823648393,TFT,DL
2024-01-24,12,0.0213181767612695,-0.002301225438714,Transformer,DL
2024-01-24,12,0.0213181760941394,0.0001592799671925,XGBoost,ML
2024-01-25,12,0.0021071408409625,-0.003096908563748,CNN_LSTM,DL
2024-01-25,12,0.0021071408409625,-0.0037935979198664,LSTM,DL
2024-01-25,12,0.0021071409554302,-0.0059517880534411,LightGBM,ML
2024-01-25,12,0.0021071409554302,-0.0026648903263987,RandomForest,ML
2024-01-25,12,0.0021071408409625,0.0065479921177029,TCN,DL
2024-01-25,12,0.0021071408409625,0.0019764630123972,TFT,DL
2024-01-25,12,0.0021071408409625,-0.0037724289577454,Transformer,DL
2024-01-25,12,0.0021071409554302,-0.0026478040963411,XGBoost,ML
2024-01-26,12,0.008673389442265,-0.0045346226543188,CNN_LSTM,DL
2024-01-26,12,0.008673389442265,-0.0042167594656348,LSTM,DL
2024-01-26,12,0.0086733893456687,-0.0032886784310712,LightGBM,ML
2024-01-26,12,0.0086733893456687,-0.0007308732616893,RandomForest,ML
2024-01-26,12,0.008673389442265,-0.0050185592845082,TCN,DL
2024-01-26,12,0.008673389442265,0.001963653601706,TFT,DL
2024-01-26,12,0.008673389442265,-0.0085573568940162,Transformer,DL
2024-01-26,12,0.0086733893456687,-0.0017866736743599,XGBoost,ML
2024-01-29,12,-0.0133541468530893,-0.0041657444089651,CNN_LSTM,DL
2024-01-29,12,-0.0133541468530893,-0.0037210898008197,LSTM,DL
2024-01-29,12,-0.0133541472458454,-0.0043136781152377,LightGBM,ML
2024-01-29,12,-0.0133541472458454,-0.0025035104454817,RandomForest,ML
2024-01-29,12,-0.0133541468530893,-0.0076062735170125,TCN,DL
2024-01-29,12,-0.0133541468530893,0.0019513566512614,TFT,DL
2024-01-29,12,-0.0133541468530893,-0.0042942008003592,Transformer,DL
2024-01-29,12,-0.0133541472458454,-0.001361396163702,XGBoost,ML
2024-01-30,12,-0.075003296136856,-0.003603033022955,CNN_LSTM,DL
2024-01-30,12,-0.075003296136856,-0.0032791339326649,LSTM,DL
2024-01-30,12,-0.0750032964031293,-0.0038443026342536,LightGBM,ML
2024-01-30,12,-0.0750032964031293,-0.0027393906658928,RandomForest,ML
2024-01-30,12,-0.075003296136856,-0.0059741465374827,TCN,DL
2024-01-30,12,-0.075003296136856,0.0019262834684923,TFT,DL
2024-01-30,12,-0.075003296136856,-0.0032998917158693,Transformer,DL
2024-01-30,12,-0.0750032964031293,-0.0006378851830959,XGBoost,ML
2024-01-31,12,0.0075660003349184,-0.001718305516988,CNN_LSTM,DL
2024-01-31,12,0.0075660003349184,-0.002945659449324,LSTM,DL
2024-01-31,12,0.0075660001749198,-0.0034697909664317,LightGBM,ML
2024-01-31,12,0.0075660001749198,-0.002049635398042,RandomForest,ML
2024-01-31,12,0.0075660003349184,-0.0109258582815527,TCN,DL
2024-01-31,12,0.0075660003349184,0.0019068163819611,TFT,DL
2024-01-31,12,0.0075660003349184,0.0001859264448285,Transformer,DL
2024-01-31,12,0.0075660001749198,2.414914342807606e-05,XGBoost,ML
2024-02-01,13,0.0086426371708512,0.0012439942220225,CNN_LSTM,DL
2024-02-01,13,0.0086426371708512,0.0040987953543663,LSTM,DL
2024-02-01,13,0.0086426373886805,0.0070901907896325,LightGBM,ML
2024-02-01,13,0.0086426373886805,0.0060668866458391,RandomForest,ML
2024-02-01,13,0.0086426371708512,0.0021667010150849,TCN,DL
2024-02-01,13,0.0086426371708512,0.0016304703895002,TFT,DL
2024-02-01,13,0.0086426371708512,0.0120013812556862,Transformer,DL
2024-02-01,13,0.0086426373886805,0.0026747193187475,XGBoost,ML
2024-02-02,13,0.0091302897781133,0.0031822768505662,CNN_LSTM,DL
2024-02-02,13,0.0091302897781133,0.0072473464533686,LSTM,DL
2024-02-02,13,0.009130290090467,0.0071935809662238,LightGBM,ML
2024-02-02,13,0.009130290090467,0.0072408405414849,RandomForest,ML
2024-02-02,13,0.0091302897781133,0.0036056619137525,TCN,DL
2024-02-02,13,0.0091302897781133,0.0016326416516676,TFT,DL
2024-02-02,13,0.0091302897781133,0.0111949844285845,Transformer,DL
2024-02-02,13,0.009130290090467,0.002864591544494,XGBoost,ML
2024-02-05,13,0.0029233014211058,0.0040473341941833,CNN_LSTM,DL
2024-02-05,13,0.0029233014211058,0.0082670515403151,LSTM,DL
2024-02-05,13,0.0029233014302563,-0.001510142047457,LightGBM,ML
2024-02-05,13,0.0029233014302563,0.0026292139647558,RandomForest,ML
2024-02-05,13,0.0029233014211058,0.0016298058908432,TCN,DL
2024-02-05,13,0.0029233014211058,0.0016348225763067,TFT,DL
2024-02-05,13,0.0029233014211058,0.0097342357039451,Transformer,DL
2024-02-05,13,0.0029233014302563,0.0027535068802535,XGBoost,ML
2024-02-06,13,0.0099929394200444,0.004746074322611,CNN_LSTM,DL
2024-02-06,13,0.0099929394200444,0.0077731199562549,LSTM,DL
2024-02-06,13,0.0099929392319446,0.0059730546684904,LightGBM,ML
2024-02-06,13,0.0099929392319446,0.004837442661596,RandomForest,ML
2024-02-06,13,0.0099929394200444,0.0042442707344889,TCN,DL
2024-02-06,13,0.0099929394200444,0.0016307677142322,TFT,DL
2024-02-06,13,0.0099929394200444,0.0091643473133444,Transformer,DL
2024-02-06,13,0.0099929392319446,0.0022521039936691,XGBoost,ML
2024-02-07,13,0.0025425229687243,0.0049056005664169,CNN_LSTM,DL
2024-02-07,13,0.0025425229687243,0.0068121436052024,LSTM,DL
2024-02-07,13,0.0025425230080426,0.0049075880824993,LightGBM,ML
2024-02-07,13,0.0025425230080426,0.0031257940378364,RandomForest,ML
2024-02-07,13,0.0025425229687243,0.0025281708221882,TCN,DL
2024-02-07,13,0.0025425229687243,0.0016416693106293,TFT,DL
2024-02-07,13,0.0025425229687243,0.0096774008125066,Transformer,DL
2024-02-07,13,0.0025425230080426,0.0019126423867419,XGBoost,ML
2024-02-08,13,0.0211772639304399,0.0045980578288435,CNN_LSTM,DL
2024-02-08,13,0.0211772639304399,0.003745615016669,LSTM,DL
2024-02-08,13,0.0211772639387186,0.0049026388577746,LightGBM,ML
2024-02-08,13,0.0211772639387186,0.0042812530874496,RandomForest,ML
2024-02-08,13,0.0211772639304399,0.0022622440010309,TCN,DL
2024-02-08,13,0.0211772639304399,0.0016735910903662,TFT,DL
2024-02-08,13,0.0211772639304399,-0.0006843156879767,Transformer,DL
2024-02-08,13,0.0211772639387186,0.0016626986907795,XGBoost,ML
2024-02-09,13,-0.0098657235503196,0.0042496370151638,CNN_LSTM,DL
2024-02-09,13,-0.0098657235503196,0.0019773002713918,LSTM,DL
2024-02-09,13,-0.0098657233928306,0.0020387220971464,LightGBM,ML
2024-02-09,13,-0.0098657233928306,0.0005991491794517,RandomForest,ML
2024-02-09,13,-0.0098657235503196,0.0048129805363714,TCN,DL
2024-02-09,13,-0.0098657235503196,0.0016909183468669,TFT,DL
2024-02-09,13,-0.0098657235503196,-0.0021749450825154,Transformer,DL
2024-02-09,13,-0.0098657233928306,0.0019618375226855,XGBoost,ML
2024-02-12,13,-0.0162000469863414,0.0038536475040018,CNN_LSTM,DL
2024-02-12,13,-0.0162000469863414,0.0010153700131922,LSTM,DL
2024-02-12,13,-0.0162000479156934,0.0032112484076169,LightGBM,ML
2024-02-12,13,-0.0162000479156934,0.0037723489421713,RandomForest,ML
2024-02-12,13,-0.0162000469863414,0.002727823331952,TCN,DL
2024-02-12,13,-0.0162000469863414,0.0016870202962309,TFT,DL
2024-02-12,13,-0.0162000469863414,-0.004322706721723,Transformer,DL
2024-02-12,13,-0.0162000479156934,0.0015677930787205,XGBoost,ML
2024-02-13,13,0.0055120643228292,0.0034066860098391,CNN_LSTM,DL
2024-02-13,13,0.0055120643228292,0.0016885397490113,LSTM,DL
2024-02-13,13,0.0055120641614141,0.0019892809869319,LightGBM,ML
2024-02-13,13,0.0055120641614141,0.0025431698542025,RandomForest,ML
2024-02-13,13,0.0055120643228292,-0.0009553917916491,TCN,DL
2024-02-13,13,0.0055120643228292,0.001690159086138,TFT,DL
2024-02-13,13,0.0055120643228292,-0.0002062887651845,Transformer,DL
2024-02-13,13,0.0055120641614141,0.0018987574148923,XGBoost,ML
2024-02-14,13,-0.0217214412987232,0.0036059173289686,CNN_LSTM,DL
2024-02-14,13,-0.0217214412987232,0.0031115179881453,LSTM,DL
2024-02-14,13,-0.0217214416026291,0.0031724692978213,LightGBM,ML
2024-02-14,13,-0.0217214416026291,0.002484117609766,RandomForest,ML
2024-02-14,13,-0.0217214412987232,-0.0014862023526802,TCN,DL
2024-02-14,13,-0.0217214412987232,0.0016924641095101,TFT,DL
2024-02-14,13,-0.0217214412987232,0.0039674555882811,Transformer,DL
2024-02-14,13,-0.0217214416026291,0.0043233917094767,XGBoost,ML
2024-02-15,13,-0.0157595910131931,0.0039398125372827,CNN_LSTM,DL
2024-02-15,13,-0.0157595910131931,0.0067352754995226,LSTM,DL
2024-02-15,13,-0.0157595901709691,0.0022194125707092,LightGBM,ML
2024-02-15,13,-0.0157595901709691,0.0001893965503541,RandomForest,ML
2024-02-15,13,-0.0157595910131931,0.0021402759011834,TCN,DL
2024-02-15,13,-0.0157595910131931,0.0016801928868517,TFT,DL
2024-02-15,13,-0.0157595910131931,0.009579855017364,Transformer,DL
2024-02-15,13,-0.0157595901709691,0.0012198548065498,XGBoost,ML
2024-02-16,13,0.0042698848992586,0.0041861729696393,CNN_LSTM,DL
2024-02-16,13,0.0042698848992586,0.008822132833302,LSTM,DL
2024-02-16,13,0.0042698849099331,0.0053136317630425,LightGBM,ML
2024-02-16,13,0.0042698849099331,0.0040931390239397,RandomForest,ML
2024-02-16,13,0.0042698848992586,0.0038931840099394,TCN,DL
2024-02-16,13,0.0042698848992586,0.0017019237857311,TFT,DL
2024-02-16,13,0.0042698848992586,0.0108033344149589,Transformer,DL
2024-02-16,13,0.0042698849099331,0.0019780714064836,XGBoost,ML
2024-02-20,13,0.0101331435143947,0.0047223679721355,CNN_LSTM,DL
2024-02-20,13,0.0101331435143947,0.0094707645475864,LSTM,DL
2024-02-20,13,0.0101331439753369,0.0075507664813457,LightGBM,ML
2024-02-20,13,0.0101331439753369,0.0070914902974498,RandomForest,ML
2024-02-20,13,0.0101331435143947,0.0039782430976629,TCN,DL
2024-02-20,13,0.0101331435143947,0.001704704016447,TFT,DL
2024-02-20,13,0.0101331435143947,0.0118019189685583,Transformer,DL
2024-02-20,13,0.0101331439753369,0.0024376006331294,XGBoost,ML
2024-02-21,13,0.0108033791184425,0.0041781729087233,CNN_LSTM,DL
2024-02-21,13,0.0108033791184425,0.008691094815731,LSTM,DL
2024-02-21,13,0.0108033790407113,0.0097623508460782,LightGBM,ML
2024-02-21,13,0.0108033790407113,0.0098995172814915,RandomForest,ML
2024-02-21,13,0.0108033791184425,0.0064965388737618,TCN,DL
2024-02-21,13,0.0108033791184425,0.001728854724206,TFT,DL
2024-02-21,13,0.0108033791184425,0.011829481460154,Transformer,DL
2024-02-21,13,0.0108033790407113,0.0041252337396144,XGBoost,ML
2024-02-22,13,-0.0009024495375342,0.0036633922718465,CNN_LSTM,DL
2024-02-22,13,-0.0009024495375342,0.0071863201446831,LSTM,DL
2024-02-22,13,-0.0009024495562387,0.0047313667956034,LightGBM,ML
2024-02-22,13,-0.0009024495562387,0.0039911427903739,RandomForest,ML
2024-02-22,13,-0.0009024495375342,0.0051196403801441,TCN,DL
2024-02-22,13,-0.0009024495375342,0.0017481551039963,TFT,DL
2024-02-22,13,-0.0009024495375342,0.0104352515190839,Transformer,DL
2024-02-22,13,-0.0009024495562387,0.0013770605437457,XGBoost,ML
2024-02-23,13,-0.0443870574235916,0.0031291558407247,CNN_LSTM,DL
2024-02-23,13,-0.0443870574235916,0.0053689088672399,LSTM,DL
2024-02-23,13,-0.0443870556550105,0.005913988508424,LightGBM,ML
2024-02-23,13,-0.0443870556550105,0.0063329184769532,RandomForest,ML
2024-02-23,13,-0.0443870574235916,0.0024857691023498,TCN,DL
2024-02-23,13,-0.0443870574235916,0.0017607938498258,TFT,DL
2024-02-23,13,-0.0443870574235916,0.0078577492386102,Transformer,DL
2024-02-23,13,-0.0443870556550105,0.0028516687452793,XGBoost,ML
2024-02-26,13,0.0095221605151891,0.0025509970728307,CNN_LSTM,DL
2024-02-26,13,0.0095221605151891,0.0030730597209185,LSTM,DL
2024-02-26,13,0.009522160877649,0.0015831967233029,LightGBM,ML
2024-02-26,13,0.009522160877649,0.0010004713629435,RandomForest,ML
2024-02-26,13,0.0095221605151891,0.0020569472108036,TCN,DL
2024-02-26,13,0.0095221605151891,0.0017888615839183,TFT,DL
2024-02-26,13,0.0095221605151891,0.0010785670019686,Transformer,DL
2024-02-26,13,0.009522160877649,0.0009719224763102,XGBoost,ML
2024-02-27,13,-0.018001114949584,0.002584398491308,CNN_LSTM,DL
2024-02-27,13,-0.018001114949584,0.0023024841211736,LSTM,DL
2024-02-27,13,-0.0180011147537717,0.0047020654132981,LightGBM,ML
2024-02-27,13,-0.0180011147537717,0.004598255461276,RandomForest,ML
2024-02-27,13,-0.018001114949584,0.0020655842963606,TCN,DL
2024-02-27,13,-0.018001114949584,0.0018148609669879,TFT,DL
2024-02-27,13,-0.018001114949584,0.0055787363089621,Transformer,DL
2024-02-27,13,-0.0180011147537717,0.0030869664624333,XGBoost,ML
2024-02-28,13,0.0152516569942235,0.0029545275028795,CNN_LSTM,DL
2024-02-28,13,0.0152516569942235,0.0031632387544959,LSTM,DL
2024-02-28,13,0.0152516567325466,-0.0002240417480426,LightGBM,ML
2024-02-28,13,0.0152516567325466,0.0008976678690083,RandomForest,ML
2024-02-28,13,0.0152516569942235,0.0029782745987176,TCN,DL
2024-02-28,13,0.0152516569942235,0.0018293125322088,TFT,DL
2024-02-28,13,0.0152516569942235,0.0119692012667655,Transformer,DL
2024-02-28,13,0.0152516567325466,-0.0004157953662797,XGBoost,ML
2024-02-29,13,-0.0095334611833095,0.0032379296608269,CNN_LSTM,DL
2024-02-29,13,-0.0095334611833095,0.0048842043615877,LSTM,DL
2024-02-29,13,-0.0095334612174813,0.0052395644864382,LightGBM,ML
2024-02-29,13,-0.0095334612174813,0.0043321595460385,RandomForest,ML
2024-02-29,13,-0.0095334611833095,0.0011709106620401,TCN,DL
2024-02-29,13,-0.0095334611833095,0.0018581408075988,TFT,DL
2024-02-29,13,-0.0095334611833095,0.0131213730201125,Transformer,DL
2024-02-29,13,-0.0095334612174813,0.0028584382962435,XGBoost,ML
2024-03-01,14,-0.0276361238211393,0.0002142406301572,CNN_LSTM,DL
2024-03-01,14,-0.0276361238211393,0.0024859923869371,LSTM,DL
2024-03-01,14,-0.0276361237724362,0.0030057576140391,LightGBM,ML
2024-03-01,14,-0.0276361237724362,0.0039184381676756,RandomForest,ML
2024-03-01,14,-0.0276361238211393,0.0031585651449859,TCN,DL
2024-03-01,14,-0.0276361238211393,-0.0010496665490791,TFT,DL
2024-03-01,14,-0.0276361238211393,0.0029220818541944,Transformer,DL
2024-03-01,14,-0.0276361237724362,0.0014091210905462,XGBoost,ML
2024-03-04,14,-0.0050993296317756,0.0004161187680438,CNN_LSTM,DL
2024-03-04,14,-0.0050993296317756,0.002420158823952,LSTM,DL
2024-03-04,14,-0.0050993297085012,0.0014674393036473,LightGBM,ML
2024-03-04,14,-0.0050993297085012,0.0014184544683983,RandomForest,ML
2024-03-04,14,-0.0050993296317756,0.0030588223598897,TCN,DL
2024-03-04,14,-0.0050993296317756,-0.0010227226885035,TFT,DL
2024-03-04,14,-0.0050993296317756,0.0074926982633769,Transformer,DL
2024-03-04,14,-0.0050993297085012,0.0008027823059819,XGBoost,ML
2024-03-05,14,-0.0095724426209926,8.266640361398458e-05,CNN_LSTM,DL
2024-03-05,14,-0.0095724426209926,0.003112151287496,LSTM,DL
2024-03-05,14,-0.0095724424903114,0.0027211714066759,LightGBM,ML
2024-03-05,14,-0.0095724424903114,0.0050084332719364,RandomForest,ML
2024-03-05,14,-0.0095724426209926,0.0033452208153903,TCN,DL
2024-03-05,14,-0.0095724426209926,-0.0009229263523593,TFT,DL
2024-03-05,14,-0.0095724426209926,0.0042589302174746,Transformer,DL
2024-03-05,14,-0.0095724424903114,0.0014091210905462,XGBoost,ML
2024-03-06,14,0.0226786378771066,0.0001729356590658,CNN_LSTM,DL
2024-03-06,14,0.0226786378771066,0.0031115682795643,LSTM,DL
2024-03-06,14,0.0226786370751155,0.0020173623728574,LightGBM,ML
2024-03-06,14,0.0226786370751155,0.0070411064543224,RandomForest,ML
2024-03-06,14,0.0226786378771066,0.0031132507137954,TCN,DL
2024-03-06,14,0.0226786378771066,-0.0008870245655998,TFT,DL
2024-03-06,14,0.0226786378771066,0.0050147860310971,Transformer,DL
2024-03-06,14,0.0226786370751155,0.0020704525522887,XGBoost,ML
2024-03-07,14,0.0076647312380373,0.0004420306067913,CNN_LSTM,DL
2024-03-07,14,0.0076647312380373,0.0031253639608621,LSTM,DL
2024-03-07,14,0.0076647310822892,0.0033641354766059,LightGBM,ML
2024-03-07,14,0.0076647310822892,0.0030442269358765,RandomForest,ML
2024-03-07,14,0.0076647312380373,0.0027359691448509,TCN,DL
2024-03-07,14,0.0076647312380373,-0.0008397334022447,TFT,DL
2024-03-07,14,0.0076647312380373,0.0037526073865592,Transformer,DL
2024-03-07,14,0.0076647310822892,0.0016787538770586,XGBoost,ML
2024-03-08,14,0.0166900940239429,0.0004816177533939,CNN_LSTM,DL
2024-03-08,14,0.0166900940239429,0.0031495448201894,LSTM,DL
2024-03-08,14,0.0166900931913966,0.0036234335293945,LightGBM,ML
2024-03-08,14,0.0166900931913966,0.0048991672543419,RandomForest,ML
2024-03-08,14,0.0166900940239429,0.0030441607814282,TCN,DL
2024-03-08,14,0.0166900940239429,-0.0007893111323937,TFT,DL
2024-03-08,14,0.0166900940239429,0.0022015951108187,Transformer,DL
2024-03-08,14,0.0166900931913966,0.0015392024070024,XGBoost,ML
2024-03-11,14,0.0060290256515145,0.0007136550848372,CNN_LSTM,DL
2024-03-11,14,0.0060290256515145,0.0030644601210951,LSTM,DL
2024-03-11,14,0.0060290254895736,0.0021545272800464,LightGBM,ML
2024-03-11,14,0.0060290254895736,0.0017508976557679,RandomForest,ML
2024-03-11,14,0.0060290256515145,0.0030014659278094,TCN,DL
2024-03-11,14,0.0060290256515145,-0.0007391412509605,TFT,DL
2024-03-11,14,0.0060290256515145,0.0031435790006071,Transformer,DL
2024-03-11,14,0.0060290254895736,0.0015392024070024,XGBoost,ML
2024-03-12,14,0.0093140285462141,0.0005542958388105,CNN_LSTM,DL
2024-03-12,14,0.0093140285462141,0.0034472271800041,LSTM,DL
2024-03-12,14,0.0093140285207504,0.0027033388753241,LightGBM,ML
2024-03-12,14,0.0093140285207504,0.0052518913237833,RandomForest,ML
2024-03-12,14,0.0093140285462141,0.0034927767701447,TCN,DL
2024-03-12,14,0.0093140285462141,-0.0006641292711719,TFT,DL
2024-03-12,14,0.0093140285462141,0.0027054264210164,Transformer,DL
2024-03-12,14,0.0093140285207504,0.0017689695814624,XGBoost,ML
2024-03-13,14,0.0236784387379884,0.0005392543971538,CNN_LSTM,DL
2024-03-13,14,0.0236784387379884,0.0033269990235567,LSTM,DL
2024-03-13,14,0.0236784383215493,0.0020301057275089,LightGBM,ML
2024-03-13,14,0.0236784383215493,0.0025567755531734,RandomForest,ML
2024-03-13,14,0.0236784387379884,0.0025995653122663,TCN,DL
2024-03-13,14,0.0236784387379884,-0.0006033153040334,TFT,DL
2024-03-13,14,0.0236784387379884,-0.001107330317609,Transformer,DL
2024-03-13,14,0.0236784383215493,0.0015392024070024,XGBoost,ML
2024-03-14,14,-0.0134173491969704,0.0004216693341732,CNN_LSTM,DL
2024-03-14,14,-0.0134173491969704,0.0031035218853503,LSTM,DL
2024-03-14,14,-0.0134173496547117,0.0022147630719378,LightGBM,ML
2024-03-14,14,-0.0134173496547117,0.0030345750313061,RandomForest,ML
2024-03-14,14,-0.0134173491969704,0.0035288976505398,TCN,DL
2024-03-14,14,-0.0134173491969704,-0.0005834965268149,TFT,DL
2024-03-14,14,-0.0134173491969704,-0.0020337887108325,Transformer,DL
2024-03-14,14,-0.0134173496547117,0.0018337001092731,XGBoost,ML
2024-03-15,14,0.0460407920181751,0.0003016252303496,CNN_LSTM,DL
2024-03-15,14,0.0460407920181751,0.0024395924992859,LSTM,DL
2024-03-15,14,0.0460407926092021,0.0007324412800599,LightGBM,ML
2024-03-15,14,0.0460407926092021,-6.26775010910419e-05,RandomForest,ML
2024-03-15,14,0.0460407920181751,0.0028283433057367,TCN,DL
2024-03-15,14,0.0460407920181751,-0.0006602677749469,TFT,DL
2024-03-15,14,0.0460407920181751,-0.0032796473242342,Transformer,DL
2024-03-15,14,0.0460407926092021,0.0014489867025986,XGBoost,ML
2024-03-18,14,-0.0044017252512276,0.0001880936324596,CNN_LSTM,DL
2024-03-18,14,-0.0044017252512276,0.0020897411741316,LSTM,DL
2024-03-18,14,-0.0044017252531002,0.0013346488636523,LightGBM,ML
2024-03-18,14,-0.0044017252531002,-0.0015206930418064,RandomForest,ML
2024-03-18,14,-0.0044017252512276,0.0036260890774428,TCN,DL
2024-03-18,14,-0.0044017252512276,-0.0006660899380221,TFT,DL
2024-03-18,14,-0.0044017252512276,0.0002545526949688,Transformer,DL
2024-03-18,14,-0.0044017252531002,0.0004198085807729,XGBoost,ML
2024-03-19,14,0.0116304736584424,-0.0002023390261456,CNN_LSTM,DL
2024-03-19,14,0.0116304736584424,0.0014035180211067,LSTM,DL
2024-03-19,14,0.011630473664602,0.0009945167885918,LightGBM,ML
2024-03-19,14,0.011630473664602,0.0027656991334337,RandomForest,ML
2024-03-19,14,0.0116304736584424,0.0030149754602462,TCN,DL
2024-03-19,14,0.0116304736584424,-0.0007028443505987,TFT,DL
2024-03-19,14,0.0116304736584424,-0.0009559377795085,Transformer,DL
2024-03-19,14,0.011630473664602,0.0010660130064934,XGBoost,ML
2024-03-20,14,-0.0076643005013465,-0.0002213979605585,CNN_LSTM,DL
2024-03-20,14,-0.0076643005013465,0.0010264983866363,LSTM,DL
2024-03-20,14,-0.0076643005356741,-8.62037127307913e-05,LightGBM,ML
2024-03-20,14,-0.0076643005356741,0.0001190228908008,RandomForest,ML
2024-03-20,14,-0.0076643005013465,0.0036275251768529,TCN,DL
2024-03-20,14,-0.0076643005013465,-0.0007450963603332,TFT,DL
2024-03-20,14,-0.0076643005013465,-0.0010805280180647,Transformer,DL
2024-03-20,14,-0.0076643005356741,0.0010660130064934,XGBoost,ML
2024-03-21,14,0.0214769430458545,-0.0007985286647453,CNN_LSTM,DL
2024-03-21,14,0.0214769430458545,0.0004992496687918,LSTM,DL
2024-03-21,14,0.0214769427872809,0.0024553196548031,LightGBM,ML
2024-03-21,14,0.0214769427872809,0.003500503170259,RandomForest,ML
2024-03-21,14,0.0214769430458545,0.0029960945248603,TCN,DL
2024-03-21,14,0.0214769430458545,-0.0007106187986209,TFT,DL
2024-03-21,14,0.0214769430458545,-0.0030944445170462,Transformer,DL
2024-03-21,14,0.0214769427872809,0.0010660130064934,XGBoost,ML
2024-03-22,14,-0.0046427128836512,-0.001134228776209,CNN_LSTM,DL
2024-03-22,14,-0.0046427128836512,0.0001488522393628,LSTM,DL
2024-03-22,14,-0.0046427130003917,0.0022660314664277,LightGBM,ML
2024-03-22,14,-0.0046427130003917,0.0025890852431961,RandomForest,ML
2024-03-22,14,-0.0046427128836512,0.0029604351148009,TCN,DL
2024-03-22,14,-0.0046427128836512,-0.0006844889139756,TFT,DL
2024-03-22,14,-0.0046427128836512,-0.0022028889507055,Transformer,DL
2024-03-22,14,-0.0046427130003917,0.0025656952057033,XGBoost,ML
2024-03-25,14,0.003997956868261,-0.0013525407994166,CNN_LSTM,DL
2024-03-25,14,0.003997956868261,-0.0002556801773607,LSTM,DL
2024-03-25,14,0.0039979568161245,0.002015090784674,LightGBM,ML
2024-03-25,14,0.0039979568161245,0.0030612387716599,RandomForest,ML
2024-03-25,14,0.003997956868261,0.0026574563235044,TCN,DL
2024-03-25,14,0.003997956868261,-0.0006977979792281,TFT,DL
2024-03-25,14,0.003997956868261,-0.0048585324548184,Transformer,DL
2024-03-25,14,0.0039979568161245,0.000229815399507,XGBoost,ML
2024-03-26,14,0.0013273116201162,-0.0009433327941223,CNN_LSTM,DL
2024-03-26,14,0.0013273116201162,-0.0005573398666456,LSTM,DL
2024-03-26,14,0.0013273115889465,0.0010417806755609,LightGBM,ML
2024-03-26,14,0.0013273115889465,-0.0008159530382901,RandomForest,ML
2024-03-26,14,0.0013273116201162,0.0024710330180823,TCN,DL
2024-03-26,14,0.0013273116201162,-0.000726469210349,TFT,DL
2024-03-26,14,0.0013273116201162,-0.0026111975312232,Transformer,DL
2024-03-26,14,0.0013273115889465,0.0020006068516522,XGBoost,ML
2024-03-27,14,0.0003978286986239,-0.0010753337992355,CNN_LSTM,DL
2024-03-27,14,0.0003978286986239,-0.000758628710173,LSTM,DL
2024-03-27,14,0.0003978286950045,-0.0022220515157177,LightGBM,ML
2024-03-27,14,0.0003978286950045,-0.0015018532808254,RandomForest,ML
2024-03-27,14,0.0003978286986239,0.0027837879024446,TCN,DL
2024-03-27,14,0.0003978286986239,-0.0007283821469172,TFT,DL
2024-03-27,14,0.0003978286986239,-0.003441534936428,Transformer,DL
2024-03-27,14,0.0003978286950045,0.000229815399507,XGBoost,ML
2024-03-28,14,0.0302126687020063,-0.0011812594020739,CNN_LSTM,DL
2024-03-28,14,0.0302126687020063,-0.001318575697951,LSTM,DL
2024-03-28,14,0.0302126691665716,0.0002252751806033,LightGBM,ML
2024-03-28,14,0.0302126691665716,-0.0016770205682454,RandomForest,ML
2024-03-28,14,0.0302126687020063,0.0025644986890256,TCN,DL
2024-03-28,14,0.0302126687020063,-0.0007640732219442,TFT,DL
2024-03-28,14,0.0302126687020063,-0.0044759516604244,Transformer,DL
2024-03-28,14,0.0302126691665716,0.002034445060417,XGBoost,ML
2024-04-01,15,-0.0059811486862599,0.0033255722373723,CNN_LSTM,DL
2024-04-01,15,-0.0059811486862599,0.0016573434695601,LSTM,DL
2024-04-01,15,-0.0059811488804972,0.001810331661574,LightGBM,ML
2024-04-01,15,-0.0059811488804972,-0.0020651853590281,RandomForest,ML
2024-04-01,15,-0.0059811486862599,0.0029443511739373,TCN,DL
2024-04-01,15,-0.0059811486862599,0.0054634762927889,TFT,DL
2024-04-01,15,-0.0059811486862599,0.0001551901223137,Transformer,DL
2024-04-01,15,-0.0059811488804972,0.0015706979902461,XGBoost,ML
2024-04-02,15,0.0023291890975087,0.003104718402028,CNN_LSTM,DL
2024-04-02,15,0.0023291890975087,0.0008509285398758,LSTM,DL
2024-04-02,15,0.0023291891485408,0.0021867282205034,LightGBM,ML
2024-04-02,15,0.0023291891485408,0.0010883147295718,RandomForest,ML
2024-04-02,15,0.0023291890975087,0.0031125042587518,TCN,DL
2024-04-02,15,0.0023291890975087,0.0054655037820339,TFT,DL
2024-04-02,15,0.0023291890975087,-0.0003024109173566,Transformer,DL
2024-04-02,15,0.0023291891485408,0.0020400786306709,XGBoost,ML
2024-04-03,15,-0.0283371545374393,0.0029654754325747,CNN_LSTM,DL
2024-04-03,15,-0.0283371545374393,7.771188393235207e-06,LSTM,DL
2024-04-03,15,-0.0283371540286005,0.001810331661574,LightGBM,ML
2024-04-03,15,-0.0283371540286005,-0.0040377028874577,RandomForest,ML
2024-04-03,15,-0.0283371545374393,0.0026505161076784,TCN,DL
2024-04-03,15,-0.0283371545374393,0.0053889667615294,TFT,DL
2024-04-03,15,-0.0283371545374393,0.0001452587312087,Transformer,DL
2024-04-03,15,-0.0283371540286005,0.0015706979902461,XGBoost,ML
2024-04-04,15,0.0130870155990123,0.0027482772711664,CNN_LSTM,DL
2024-04-04,15,0.0130870155990123,-0.0002547113690525,LSTM,DL
2024-04-04,15,0.01308701578108,0.001810331661574,LightGBM,ML
2024-04-04,15,0.01308701578108,-0.0052773831345071,RandomForest,ML
2024-04-04,15,0.0130870155990123,0.002508898731321,TCN,DL
2024-04-04,15,0.0130870155990123,0.0053666345775127,TFT,DL
2024-04-04,15,0.0130870155990123,0.0016040748450905,Transformer,DL
2024-04-04,15,0.01308701578108,0.0020400786306709,XGBoost,ML
2024-04-05,15,0.0154098700731992,0.0029778447933495,CNN_LSTM,DL
2024-04-05,15,0.0154098700731992,0.0001991738099604,LSTM,DL
2024-04-05,15,0.0154098699786233,0.0021867282205034,LightGBM,ML
2024-04-05,15,0.0154098699786233,0.0003519882635619,RandomForest,ML
2024-04-05,15,0.0154098700731992,0.0024161096662282,TCN,DL
2024-04-05,15,0.0154098700731992,0.0053226286545395,TFT,DL
2024-04-05,15,0.0154098700731992,0.0014337040483951,Transformer,DL
2024-04-05,15,0.0154098699786233,0.0015706979902461,XGBoost,ML
2024-04-08,15,0.0113014634698629,0.0031954031437635,CNN_LSTM,DL
2024-04-08,15,0.0113014634698629,0.0006662087980657,LSTM,DL
2024-04-08,15,0.011301463332495,0.0018829282482428,LightGBM,ML
2024-04-08,15,0.011301463332495,0.0034693022979897,RandomForest,ML
2024-04-08,15,0.0113014634698629,0.0028355105314403,TCN,DL
2024-04-08,15,0.0113014634698629,0.0052923457697033,TFT,DL
2024-04-08,15,0.0113014634698629,0.000751695362851,Transformer,DL
2024-04-08,15,0.011301463332495,0.002282329602167,XGBoost,ML
2024-04-09,15,-0.0029377643950283,0.0034351823851466,CNN_LSTM,DL
2024-04-09,15,-0.0029377643950283,0.0008493969216942,LSTM,DL
2024-04-09,15,-0.0029377643401314,0.001810331661574,LightGBM,ML
2024-04-09,15,-0.0029377643401314,-0.0006632506755151,RandomForest,ML
2024-04-09,15,-0.0029377643950283,0.0029077539220452,TCN,DL
2024-04-09,15,-0.0029377643950283,0.0052533978596329,TFT,DL
2024-04-09,15,-0.0029377643950283,-8.315208833664656e-05,Transformer,DL
2024-04-09,15,-0.0029377643401314,0.0015706979902461,XGBoost,ML
2024-04-10,15,0.0209428798407316,0.0034406413324177,CNN_LSTM,DL
2024-04-10,15,0.0209428798407316,0.0007848850218579,LSTM,DL
2024-04-10,15,0.0209428800735875,0.001810331661574,LightGBM,ML
2024-04-10,15,0.0209428800735875,0.0011763414324593,RandomForest,ML
2024-04-10,15,0.0209428798407316,0.0029714629054069,TCN,DL
2024-04-10,15,0.0209428798407316,0.0052320081740617,TFT,DL
2024-04-10,15,0.0209428798407316,0.0003345815930515,Transformer,DL
2024-04-10,15,0.0209428800735875,0.0020400786306709,XGBoost,ML
2024-04-11,15,-0.0105387819930911,0.0033497880212962,CNN_LSTM,DL
2024-04-11,15,-0.0105387819930911,0.0006200857460498,LSTM,DL
2024-04-11,15,-0.0105387823990356,0.001810331661574,LightGBM,ML
2024-04-11,15,-0.0105387823990356,-0.0012939561034895,RandomForest,ML
2024-04-11,15,-0.0105387819930911,0.0028344690799713,TCN,DL
2024-04-11,15,-0.0105387819930911,0.005205750465393,TFT,DL
2024-04-11,15,-0.0105387819930911,0.000798228313215,Transformer,DL
2024-04-11,15,-0.0105387823990356,0.0018103317124769,XGBoost,ML
2024-04-12,15,-0.018195666372776,0.0030347965657711,CNN_LSTM,DL
2024-04-12,15,-0.018195666372776,0.0001409995602443,LSTM,DL
2024-04-12,15,-0.018195666133436,0.0018829282482428,LightGBM,ML
2024-04-12,15,-0.018195666133436,-0.0019102208347136,RandomForest,ML
2024-04-12,15,-0.018195666372776,0.0028372663073241,TCN,DL
2024-04-12,15,-0.018195666372776,0.0051891468465328,TFT,DL
2024-04-12,15,-0.018195666372776,-0.0005260820034891,Transformer,DL
2024-04-12,15,-0.018195666133436,0.0020400786306709,XGBoost,ML
2024-04-15,15,-0.0029704754706472,0.0028472999110817,CNN_LSTM,DL
2024-04-15,15,-0.0029704754706472,-7.648614700883627e-05,LSTM,DL
2024-04-15,15,-0.0029704755322205,0.001810331661574,LightGBM,ML
2024-04-15,15,-0.0029704755322205,-0.0021490402254501,RandomForest,ML
2024-04-15,15,-0.0029704754706472,0.0027667304966598,TCN,DL
2024-04-15,15,-0.0029704754706472,0.0051571712829172,TFT,DL
2024-04-15,15,-0.0029704754706472,-0.0018119507003575,Transformer,DL
2024-04-15,15,-0.0029704755322205,0.0018103317124769,XGBoost,ML
2024-04-16,15,0.0069300858303904,0.0030047302134335,CNN_LSTM,DL
2024-04-16,15,0.0069300858303904,0.0001058797352015,LSTM,DL
2024-04-16,15,0.0069300858708116,0.0013066071256247,LightGBM,ML
2024-04-16,15,0.0069300858708116,0.0020605500683869,RandomForest,ML
2024-04-16,15,0.0069300858303904,0.0026723763439804,TCN,DL
2024-04-16,15,0.0069300858303904,0.005130632314831,TFT,DL
2024-04-16,15,0.0069300858303904,0.0036217796150594,Transformer,DL
2024-04-16,15,0.0069300858708116,0.0015706979902461,XGBoost,ML
2024-04-17,15,0.003473333781585,0.0032197169493883,CNN_LSTM,DL
2024-04-17,15,0.003473333781585,0.0006952084368094,LSTM,DL
2024-04-17,15,0.0034733336794405,0.001810331661574,LightGBM,ML
2024-04-17,15,0.0034733336794405,0.005234765138796,RandomForest,ML
2024-04-17,15,0.003473333781585,0.002798497211188,TCN,DL
2024-04-17,15,0.003473333781585,0.005154060665518,TFT,DL
2024-04-17,15,0.003473333781585,0.0008249512175098,Transformer,DL
2024-04-17,15,0.0034733336794405,0.002282329602167,XGBoost,ML
2024-04-18,15,-0.0123069509863853,0.0033782499376684,CNN_LSTM,DL
2024-04-18,15,-0.0123069509863853,0.0010544750839471,LSTM,DL
2024-04-18,15,-0.0123069506392595,0.001810331661574,LightGBM,ML
2024-04-18,15,-0.0123069506392595,0.0026354997686255,RandomForest,ML
2024-04-18,15,-0.0123069509863853,0.0027727000415325,TCN,DL
2024-04-18,15,-0.0123069509863853,0.0051612807437777,TFT,DL
2024-04-18,15,-0.0123069509863853,-0.0008633697871118,Transformer,DL
2024-04-18,15,-0.0123069506392595,0.0018103317124769,XGBoost,ML
2024-04-19,15,0.0142124192789196,0.0035515655763447,CNN_LSTM,DL
2024-04-19,15,0.0142124192789196,0.0019534470047801,LSTM,DL
2024-04-19,15,0.0142124193319712,0.001810331661574,LightGBM,ML
2024-04-19,15,0.0142124193319712,0.0005677939468187,RandomForest,ML
2024-04-19,15,0.0142124192789196,0.0026293969713151,TCN,DL
2024-04-19,15,0.0142124192789196,0.0052090380340814,TFT,DL
2024-04-19,15,0.0142124192789196,0.0001150080934166,Transformer,DL
2024-04-19,15,0.0142124193319712,0.0018103317124769,XGBoost,ML
2024-04-22,15,0.0126696480438113,0.003813253249973,CNN_LSTM,DL
2024-04-22,15,0.0126696480438113,0.0025715981610119,LSTM,DL
2024-04-22,15,0.0126696480921106,0.0021867282205034,LightGBM,ML
2024-04-22,15,0.0126696480921106,0.0025118846546377,RandomForest,ML
2024-04-22,15,0.0126696480438113,0.0028155865147709,TCN,DL
2024-04-22,15,0.0126696480438113,0.0051831263117492,TFT,DL
2024-04-22,15,0.0126696480438113,0.0020853637252002,Transformer,DL
2024-04-22,15,0.0126696480921106,0.0018103317124769,XGBoost,ML
2024-04-23,15,0.0054974043741822,0.0038199988193809,CNN_LSTM,DL
2024-04-23,15,0.0054974043741822,0.0021360386162996,LSTM,DL
2024-04-23,15,0.0054974043489044,0.0021867282205034,LightGBM,ML
2024-04-23,15,0.0054974043489044,-0.0005077987925995,RandomForest,ML
2024-04-23,15,0.0054974043741822,0.0029066274873912,TCN,DL
2024-04-23,15,0.0054974043741822,0.0051605487242341,TFT,DL
2024-04-23,15,0.0054974043741822,4.3903361074626446e-05,Transformer,DL
2024-04-23,15,0.0054974043489044,0.0013207753654569,XGBoost,ML
2024-04-24,15,-0.0196696035563945,0.0036616974975913,CNN_LSTM,DL
2024-04-24,15,-0.0196696035563945,0.0013887903187423,LSTM,DL
2024-04-24,15,-0.0196696036795764,0.0013066071256247,LightGBM,ML
2024-04-24,15,-0.0196696036795764,-0.0022845387277569,RandomForest,ML
2024-04-24,15,-0.0196696035563945,0.0026262442115694,TCN,DL
2024-04-24,15,-0.0196696035563945,0.0051054917275905,TFT,DL
2024-04-24,15,-0.0196696035563945,-0.0018461982253938,Transformer,DL
2024-04-24,15,-0.0196696036795764,0.0018103317124769,XGBoost,ML
2024-04-25,15,0.1022436469793319,0.0034690615721046,CNN_LSTM,DL
2024-04-25,15,0.1022436469793319,0.0011403053067624,LSTM,DL
2024-04-25,15,0.1022436500118064,0.001810331661574,LightGBM,ML
2024-04-25,15,0.1022436500118064,-0.0003162488684228,RandomForest,ML
2024-04-25,15,0.1022436469793319,0.0027448059991002,TCN,DL
2024-04-25,15,0.1022436469793319,0.0050838086754083,TFT,DL
2024-04-25,15,0.1022436469793319,0.0018651583231985,Transformer,DL
2024-04-25,15,0.1022436500118064,0.0020400786306709,XGBoost,ML
2024-04-26,15,-0.0337307937443256,0.0035797287710011,CNN_LSTM,DL
2024-04-26,15,-0.0337307937443256,0.0009768164018169,LSTM,DL
2024-04-26,15,-0.0337307943584681,0.0021867282205034,LightGBM,ML
2024-04-26,15,-0.0337307943584681,0.0018720089199011,RandomForest,ML
2024-04-26,15,-0.0337307937443256,0.0029573093634098,TCN,DL
2024-04-26,15,-0.0337307937443256,0.0050739031285047,TFT,DL
2024-04-26,15,-0.0337307937443256,0.0036645303480327,Transformer,DL
2024-04-26,15,-0.0337307943584681,0.0015706979902461,XGBoost,ML
2024-04-29,15,-0.0202827751636505,0.0037700093816965,CNN_LSTM,DL
2024-04-29,15,-0.0202827751636505,0.0006563073256984,LSTM,DL
2024-04-29,15,-0.0202827757549399,0.001810331661574,LightGBM,ML
2024-04-29,15,-0.0202827757549399,0.0026157792963214,RandomForest,ML
2024-04-29,15,-0.0202827751636505,0.0024652183055877,TCN,DL
2024-04-29,15,-0.0202827751636505,0.0051417322829365,TFT,DL
2024-04-29,15,-0.0202827751636505,-0.0027325756382197,Transformer,DL
2024-04-29,15,-0.0202827757549399,0.0018103317124769,XGBoost,ML
2024-04-30,15,0.0066346172243356,0.0048736874014139,CNN_LSTM,DL
2024-04-30,15,0.0066346172243356,0.0035690295044332,LSTM,DL
2024-04-30,15,0.0066346170283559,0.0013066071256247,LightGBM,ML
2024-04-30,15,0.0066346170283559,-0.0013047930542286,RandomForest,ML
2024-04-30,15,0.0066346172243356,0.0048763426020741,TCN,DL
2024-04-30,15,0.0066346172243356,0.0051373527385294,TFT,DL
2024-04-30,15,0.0066346172243356,8.182949386537075e-05,Transformer,DL
2024-04-30,15,0.0066346170283559,0.0015706979902461,XGBoost,ML
2024-05-01,16,0.0168437473475933,0.006242589559406,CNN_LSTM,DL
2024-05-01,16,0.0168437473475933,0.0076661799103021,LSTM,DL
2024-05-01,16,0.0168437478830849,0.0012520603100016,LightGBM,ML
2024-05-01,16,0.0168437478830849,0.0045854549200051,RandomForest,ML
2024-05-01,16,0.0168437473475933,0.0009203921654261,TCN,DL
2024-05-01,16,0.0168437473475933,0.0023418224882334,TFT,DL
2024-05-01,16,0.0168437473475933,0.002708583837375,Transformer,DL
2024-05-01,16,0.0168437478830849,0.0014966055750846,XGBoost,ML
2024-05-02,16,0.0037209847941994,0.0058379159308969,CNN_LSTM,DL
2024-05-02,16,0.0037209847941994,0.0085302870720624,LSTM,DL
2024-05-02,16,0.003720984908083,0.0012179354503542,LightGBM,ML
2024-05-02,16,0.003720984908083,0.005086040700282,RandomForest,ML
2024-05-02,16,0.0037209847941994,0.0019145912956446,TCN,DL
2024-05-02,16,0.0037209847941994,0.0023411558941006,TFT,DL
2024-05-02,16,0.0037209847941994,0.004433742724359,Transformer,DL
2024-05-02,16,0.003720984908083,0.0029689315706491,XGBoost,ML
2024-05-03,16,0.0051424661651253,0.0057304520159959,CNN_LSTM,DL
2024-05-03,16,0.0051424661651253,0.0079996036365628,LSTM,DL
2024-05-03,16,0.0051424662639412,0.0009099911663675,LightGBM,ML
2024-05-03,16,0.0051424662639412,0.0009043557813911,RandomForest,ML
2024-05-03,16,0.0051424661651253,0.0017718025483191,TCN,DL
2024-05-03,16,0.0051424661651253,0.002331641735509,TFT,DL
2024-05-03,16,0.0051424661651253,-0.0001752314856275,Transformer,DL
2024-05-03,16,0.0051424662639412,0.0017260035965591,XGBoost,ML
2024-05-06,16,0.0187386330217123,0.0063471309840679,CNN_LSTM,DL
2024-05-06,16,0.0187386330217123,0.0079745911061763,LSTM,DL
2024-05-06,16,0.0187386323509197,0.0015647886533202,LightGBM,ML
2024-05-06,16,0.0187386323509197,0.0022881566738303,RandomForest,ML
2024-05-06,16,0.0187386330217123,0.0009585879743099,TCN,DL
2024-05-06,16,0.0187386330217123,0.002327371854335,TFT,DL
2024-05-06,16,0.0187386330217123,0.0024709100835025,Transformer,DL
2024-05-06,16,0.0187386323509197,0.0026450105942785,XGBoost,ML
2024-05-07,16,-0.0109196826815605,0.0059614386409521,CNN_LSTM,DL
2024-05-07,16,-0.0109196826815605,0.008042249828577,LSTM,DL
2024-05-07,16,-0.0109196824778655,0.0007933351551616,LightGBM,ML
2024-05-07,16,-0.0109196824778655,0.0008198979448235,RandomForest,ML
2024-05-07,16,-0.0109196826815605,0.0018718859646469,TCN,DL
2024-05-07,16,-0.0109196826815605,0.0023213271051645,TFT,DL
2024-05-07,16,-0.0109196826815605,8.179747965186834e-05,Transformer,DL
2024-05-07,16,-0.0109196824778655,0.0014385877875611,XGBoost,ML
2024-05-08,16,0.0034243590198457,0.0048279031179845,CNN_LSTM,DL
2024-05-08,16,0.0034243590198457,0.0060478835366666,LSTM,DL
2024-05-08,16,0.0034243591228442,0.001411179389809,LightGBM,ML
2024-05-08,16,0.0034243591228442,0.000571564121241,RandomForest,ML
2024-05-08,16,0.0034243590198457,0.0018762304680421,TCN,DL
2024-05-08,16,0.0034243590198457,0.0023187089245766,TFT,DL
2024-05-08,16,0.0034243590198457,-0.0001538457581773,Transformer,DL
2024-05-08,16,0.0034243591228442,0.0012644259259104,XGBoost,ML
2024-05-09,16,-0.0077077541500329,0.003740407526493,CNN_LSTM,DL
2024-05-09,16,-0.0077077541500329,0.0054857307113707,LSTM,DL
2024-05-09,16,-0.0077077542763341,0.0006859991419221,LightGBM,ML
2024-05-09,16,-0.0077077542763341,0.000605161731989,RandomForest,ML
2024-05-09,16,-0.0077077541500329,0.0015590399270877,TCN,DL
2024-05-09,16,-0.0077077541500329,0.0023152120411396,TFT,DL
2024-05-09,16,-0.0077077541500329,0.0007041518110781,Transformer,DL
2024-05-09,16,-0.0077077542763341,0.0009809514740481,XGBoost,ML
2024-05-10,16,0.0029052589088678,0.0034498225431889,CNN_LSTM,DL
2024-05-10,16,0.0029052589088678,0.0055422214791178,LSTM,DL
2024-05-10,16,0.0029052590202047,0.0021630639132518,LightGBM,ML
2024-05-10,16,0.0029052590202047,0.0037477409085004,RandomForest,ML
2024-05-10,16,0.0029052589088678,0.0011941922130063,TCN,DL
2024-05-10,16,0.0029052589088678,0.002320293104276,TFT,DL
2024-05-10,16,0.0029052589088678,0.0023533210624009,Transformer,DL
2024-05-10,16,0.0029052590202047,0.0014949426986277,XGBoost,ML
2024-05-13,16,0.0070948563516139,0.0016702741850167,CNN_LSTM,DL
2024-05-13,16,0.0070948563516139,0.0020105317234992,LSTM,DL
2024-05-13,16,0.0070948564722033,-0.0005595078943631,LightGBM,ML
2024-05-13,16,0.0070948564722033,-0.0034743561766751,RandomForest,ML
2024-05-13,16,0.0070948563516139,0.0022366323973983,TCN,DL
2024-05-13,16,0.0070948563516139,0.0023188050836324,TFT,DL
2024-05-13,16,0.0070948563516139,0.0011373545276001,Transformer,DL
2024-05-13,16,0.0070948564722033,-0.0009129715035669,XGBoost,ML
2024-05-14,16,0.0127392588183283,0.0018435403471812,CNN_LSTM,DL
2024-05-14,16,0.0127392588183283,0.0021697327028959,LSTM,DL
2024-05-14,16,0.0127392587895307,0.0012300188196709,LightGBM,ML
2024-05-14,16,0.0127392587895307,0.0002834933177611,RandomForest,ML
2024-05-14,16,0.0127392588183283,0.0020459052175283,TCN,DL
2024-05-14,16,0.0127392588183283,0.0023231587838381,TFT,DL
2024-05-14,16,0.0127392588183283,0.0026848716661334,Transformer,DL
2024-05-14,16,0.0127392587895307,0.0032994218636304,XGBoost,ML
2024-05-15,16,0.0096804751083254,0.0032373419962823,CNN_LSTM,DL
2024-05-15,16,0.0096804751083254,0.0033529563806951,LSTM,DL
2024-05-15,16,0.0096804747312009,0.0015028558459151,LightGBM,ML
2024-05-15,16,0.0096804747312009,8.872666651015923e-05,RandomForest,ML
2024-05-15,16,0.0096804751083254,0.0021125152707099,TCN,DL
2024-05-15,16,0.0096804751083254,0.0023208265192806,TFT,DL
2024-05-15,16,0.0096804751083254,0.0025848897639662,Transformer,DL
2024-05-15,16,0.0096804747312009,0.0006889422074891,XGBoost,ML
2024-05-16,16,0.0107936328276991,0.0033059469424188,CNN_LSTM,DL
2024-05-16,16,0.0107936328276991,0.0026373371947556,LSTM,DL
2024-05-16,16,0.0107936329163877,0.0002205766697468,LightGBM,ML
2024-05-16,16,0.0107936329163877,-6.155615746326863e-05,RandomForest,ML
2024-05-16,16,0.0107936328276991,0.0016142396489158,TCN,DL
2024-05-16,16,0.0107936328276991,0.0023239378351718,TFT,DL
2024-05-16,16,0.0107936328276991,0.0008034556522034,Transformer,DL
2024-05-16,16,0.0107936329163877,0.0004734351532533,XGBoost,ML
2024-05-17,16,0.0048845838755369,0.0020327628590166,CNN_LSTM,DL
2024-05-17,16,0.0048845838755369,0.0010324870236217,LSTM,DL
2024-05-17,16,0.0048845839449942,0.0011593790755997,LightGBM,ML
2024-05-17,16,0.0048845839449942,-0.0002744316831298,RandomForest,ML
2024-05-17,16,0.0048845838755369,0.0015740656526759,TCN,DL
2024-05-17,16,0.0048845838755369,0.0023284358903765,TFT,DL
2024-05-17,16,0.0048845838755369,0.0005892136832699,Transformer,DL
2024-05-17,16,0.0048845839449942,0.0017638194840401,XGBoost,ML
2024-05-20,16,0.0052566635422408,0.0008104372536763,CNN_LSTM,DL
2024-05-20,16,0.0052566635422408,8.849764708429575e-05,LSTM,DL
2024-05-20,16,0.0052566633761106,-0.0006063689197352,LightGBM,ML
2024-05-20,16,0.0052566633761106,-0.0024963810668228,RandomForest,ML
2024-05-20,16,0.0052566635422408,0.0017879942897707,TCN,DL
2024-05-20,16,0.0052566635422408,0.0023272021207958,TFT,DL
2024-05-20,16,0.0052566635422408,-0.001201459323056,Transformer,DL
2024-05-20,16,0.0052566633761106,0.0004417923046275,XGBoost,ML
2024-05-21,16,-0.0082654375582933,0.0001249453052878,CNN_LSTM,DL
2024-05-21,16,-0.0082654375582933,-0.0011703531490638,LSTM,DL
2024-05-21,16,-0.0082654372704693,-0.0008819111201015,LightGBM,ML
2024-05-21,16,-0.0082654372704693,-0.0027791103204888,RandomForest,ML
2024-05-21,16,-0.0082654375582933,0.0016098001506179,TCN,DL
2024-05-21,16,-0.0082654375582933,0.0023259809240698,TFT,DL
2024-05-21,16,-0.0082654375582933,-0.0022096075117588,Transformer,DL
2024-05-21,16,-0.0082654372704693,-0.0016754497773945,XGBoost,ML
2024-05-22,16,-0.0160448979586362,-0.0007104644319042,CNN_LSTM,DL
2024-05-22,16,-0.0160448979586362,-0.0015120675088837,LSTM,DL
2024-05-22,16,-0.0160448988002325,-0.0008723464820018,LightGBM,ML
2024-05-22,16,-0.0160448988002325,-0.0022176137182326,RandomForest,ML
2024-05-22,16,-0.0160448979586362,0.0017580508720129,TCN,DL
2024-05-22,16,-0.0160448979586362,0.0023272442631423,TFT,DL
2024-05-22,16,-0.0160448979586362,-0.0008516787784174,Transformer,DL
2024-05-22,16,-0.0160448988002325,0.0013958662748336,XGBoost,ML
2024-05-23,16,0.0082973083481192,-0.0008000555681064,CNN_LSTM,DL
2024-05-23,16,0.0082973083481192,-0.0012260739458724,LSTM,DL
2024-05-23,16,0.0082973084064461,0.0012778424470351,LightGBM,ML
2024-05-23,16,0.0082973084064461,-0.0007044364799026,RandomForest,ML
2024-05-23,16,0.0082973083481192,0.0017972483765333,TCN,DL
2024-05-23,16,0.0082973083481192,0.0023262440226972,TFT,DL
2024-05-23,16,0.0082973083481192,-0.0001847291132435,Transformer,DL
2024-05-23,16,0.0082973084064461,0.0009837192483246,XGBoost,ML
2024-05-24,16,0.0080576203763484,-0.0003241224912926,CNN_LSTM,DL
2024-05-24,16,0.0080576203763484,-0.0010143542895093,LSTM,DL
2024-05-24,16,0.0080576207786511,0.0008022033131019,LightGBM,ML
2024-05-24,16,0.0080576207786511,-1.3044770157693818e-05,RandomForest,ML
2024-05-24,16,0.0080576203763484,0.0017699603922665,TCN,DL
2024-05-24,16,0.0080576203763484,0.0023194518871605,TFT,DL
2024-05-24,16,0.0080576203763484,-0.0001745162298902,Transformer,DL
2024-05-24,16,0.0080576207786511,0.0015625176019966,XGBoost,ML
2024-05-28,16,-0.0028345307800918,0.0011944498401135,CNN_LSTM,DL
2024-05-28,16,-0.0028345307800918,0.0002872251207008,LSTM,DL
2024-05-28,16,-0.0028345307075031,0.000258590698266,LightGBM,ML
2024-05-28,16,-0.0028345307075031,-0.0006069637533988,RandomForest,ML
2024-05-28,16,-0.0028345307800918,0.0021581831388175,TCN,DL
2024-05-28,16,-0.0028345307800918,0.0023349919356405,TFT,DL
2024-05-28,16,-0.0028345307800918,0.0019870928954333,Transformer,DL
2024-05-28,16,-0.0028345307075031,0.0014320643385872,XGBoost,ML
2024-05-29,16,-0.0215462632477283,0.0018471734365448,CNN_LSTM,DL
2024-05-29,16,-0.0215462632477283,0.0003207614645361,LSTM,DL
2024-05-29,16,-0.0215462637486153,-0.0013250139140611,LightGBM,ML
2024-05-29,16,-0.0215462637486153,-0.004397055557232,RandomForest,ML
2024-05-29,16,-0.0215462632477283,0.0017905838321894,TCN,DL
2024-05-29,16,-0.0215462632477283,0.0023253709077835,TFT,DL
2024-05-29,16,-0.0215462632477283,0.0006308620795607,Transformer,DL
2024-05-29,16,-0.0215462637486153,-0.0024963053874671,XGBoost,ML
2024-05-30,16,0.0022659595124423,0.001932353596203,CNN_LSTM,DL
2024-05-30,16,0.0022659595124423,-6.225472316145897e-05,LSTM,DL
2024-05-30,16,0.0022659595298395,0.0012160027075708,LightGBM,ML
2024-05-30,16,0.0022659595298395,-0.0016755250124738,RandomForest,ML
2024-05-30,16,0.0022659595124423,0.0018550597596913,TCN,DL
2024-05-30,16,0.0022659595124423,0.0023252596147358,TFT,DL
2024-05-30,16,0.0022659595124423,0.0004620837280526,Transformer,DL
2024-05-30,16,0.0022659595298395,0.0007299013086594,XGBoost,ML
2024-05-31,16,0.0038839830085635,0.0020619111601263,CNN_LSTM,DL
2024-05-31,16,0.0038839830085635,0.0005847191205248,LSTM,DL
2024-05-31,16,0.0038839829974253,0.0020143507929337,LightGBM,ML
2024-05-31,16,0.0038839829974253,0.0002360156490546,RandomForest,ML
2024-05-31,16,0.0038839830085635,0.0026015799958258,TCN,DL
2024-05-31,16,0.0038839830085635,0.0023270365782082,TFT,DL
2024-05-31,16,0.0038839830085635,0.0015449810307472,Transformer,DL
2024-05-31,16,0.0038839829974253,0.0012078864965587,XGBoost,ML
2024-06-03,17,0.0035804200451821,0.0006432060617953,CNN_LSTM,DL
2024-06-03,17,0.0035804200451821,0.0006414694944396,LSTM,DL
2024-06-03,17,0.0035804201118596,0.0001935328592066,LightGBM,ML
2024-06-03,17,0.0035804201118596,0.001566560257217,RandomForest,ML
2024-06-03,17,0.0035804200451821,0.0015527892392128,TCN,DL
2024-06-03,17,0.0035804200451821,0.0027368059381842,TFT,DL
2024-06-03,17,0.0035804200451821,0.0024945011828094,Transformer,DL
2024-06-03,17,0.0035804201118596,0.001769887516275,XGBoost,ML
2024-06-04,17,0.0093216691166162,0.0007339753210544,CNN_LSTM,DL
2024-06-04,17,0.0093216691166162,0.0007555183256044,LSTM,DL
2024-06-04,17,0.0093216694734676,0.0007250977111039,LightGBM,ML
2024-06-04,17,0.0093216694734676,-0.0004621130443657,RandomForest,ML
2024-06-04,17,0.0093216691166162,0.0025466438382864,TCN,DL
2024-06-04,17,0.0093216691166162,0.0027661300264298,TFT,DL
2024-06-04,17,0.0093216691166162,0.0010889049153774,Transformer,DL
2024-06-04,17,0.0093216694734676,0.0018399966647848,XGBoost,ML
2024-06-05,17,0.0075251562520861,0.0002440790412947,CNN_LSTM,DL
2024-06-05,17,0.0075251562520861,0.0004816573346033,LSTM,DL
2024-06-05,17,0.0075251563088327,0.0047225464748972,LightGBM,ML
2024-06-05,17,0.0075251563088327,0.0011493716117523,RandomForest,ML
2024-06-05,17,0.0075251562520861,0.0029516259673982,TCN,DL
2024-06-05,17,0.0075251562520861,0.0027650205884128,TFT,DL
2024-06-05,17,0.0075251562520861,-0.0007195062935352,Transformer,DL
2024-06-05,17,0.0075251563088327,0.0027698224876075,XGBoost,ML
2024-06-06,17,-0.0128444423899054,-0.0003292518667876,CNN_LSTM,DL
2024-06-06,17,-0.0128444423899054,1.942971721291542e-06,LSTM,DL
2024-06-06,17,-0.012844442287045,0.0006400114647699,LightGBM,ML
2024-06-06,17,-0.012844442287045,0.0002233041186755,RandomForest,ML
2024-06-06,17,-0.0128444423899054,0.0010872108396142,TCN,DL
2024-06-06,17,-0.0128444423899054,0.0027628720272332,TFT,DL
2024-06-06,17,-0.0128444423899054,-0.0028624688275158,Transformer,DL
2024-06-06,17,-0.012844442287045,0.0022257263772189,XGBoost,ML
2024-06-07,17,0.0043038786388933,-0.0009231022559106,CNN_LSTM,DL
2024-06-07,17,0.0043038786388933,-0.00046152388677,LSTM,DL
2024-06-07,17,0.0043038787430478,0.0010234529878266,LightGBM,ML
2024-06-07,17,0.0043038787430478,0.0001380596520302,RandomForest,ML
2024-06-07,17,0.0043038786388933,0.0001673562219366,TCN,DL
2024-06-07,17,0.0043038786388933,0.0027550715021789,TFT,DL
2024-06-07,17,0.0043038786388933,-0.0061637670733034,Transformer,DL
2024-06-07,17,0.0043038787430478,0.0032493469770997,XGBoost,ML
2024-06-10,17,0.0091993948444724,-0.0006762724369764,CNN_LSTM,DL
2024-06-10,17,0.0091993948444724,0.0005769209237769,LSTM,DL
2024-06-10,17,0.0091993952534592,0.0019191565705208,LightGBM,ML
2024-06-10,17,0.0091993952534592,4.8038023237729154e-05,RandomForest,ML
2024-06-10,17,0.0091993948444724,0.0027299807406961,TCN,DL
2024-06-10,17,0.0091993948444724,0.0027560140006244,TFT,DL
2024-06-10,17,0.0091993948444724,-0.0016332908999174,Transformer,DL
2024-06-10,17,0.0091993952534592,0.0013218215899541,XGBoost,ML
2024-06-11,17,0.0066244392655789,-0.0004161226097494,CNN_LSTM,DL
2024-06-11,17,0.0066244392655789,0.000298164319247,LSTM,DL
2024-06-11,17,0.0066244391637122,0.0009919849107977,LightGBM,ML
2024-06-11,17,0.0066244391637122,-0.000408200932407,RandomForest,ML
2024-06-11,17,0.0066244392655789,0.0028144989628344,TCN,DL
2024-06-11,17,0.0066244392655789,0.0027410911861807,TFT,DL
2024-06-11,17,0.0066244392655789,-0.0049872547388076,Transformer,DL
2024-06-11,17,0.0066244391637122,0.0019715083763003,XGBoost,ML
2024-06-12,17,-0.0147926919162273,-0.0003079758025705,CNN_LSTM,DL
2024-06-12,17,-0.0147926919162273,-0.0003366935998201,LSTM,DL
2024-06-12,17,-0.0147926921614874,-0.0033177912184906,LightGBM,ML
2024-06-12,17,-0.0147926921614874,-0.0019377832826981,RandomForest,ML
2024-06-12,17,-0.0147926919162273,0.0021519868168979,TCN,DL
2024-06-12,17,-0.0147926919162273,0.0027496512047946,TFT,DL
2024-06-12,17,-0.0147926919162273,-0.0065285000018775,Transformer,DL
2024-06-12,17,-0.0147926921614874,0.0007100430084392,XGBoost,ML
2024-06-13,17,0.009305752813816,-0.0002144104801118,CNN_LSTM,DL
2024-06-13,17,0.009305752813816,2.550345379859209e-05,LSTM,DL
2024-06-13,17,0.0093057524987554,-0.002801231212879,LightGBM,ML
2024-06-13,17,0.0093057524987554,-0.0020425520022737,RandomForest,ML
2024-06-13,17,0.009305752813816,0.0029579624533653,TCN,DL
2024-06-13,17,0.009305752813816,0.0027513778768479,TFT,DL
2024-06-13,17,0.009305752813816,-0.0033955993130803,Transformer,DL
2024-06-13,17,0.0093057524987554,0.0010543984826654,XGBoost,ML
2024-06-14,17,0.0025454245042055,0.0004885405069217,CNN_LSTM,DL
2024-06-14,17,0.0025454245042055,0.0025838208384811,LSTM,DL
2024-06-14,17,0.002545424411996,0.0007770202020495,LightGBM,ML
2024-06-14,17,0.002545424411996,-3.5507033609194316e-05,RandomForest,ML
2024-06-14,17,0.0025454245042055,0.0042996816337108,TCN,DL
2024-06-14,17,0.0025454245042055,0.0027471992652863,TFT,DL
2024-06-14,17,0.0025454245042055,0.0066568627953529,Transformer,DL
2024-06-14,17,0.002545424411996,0.0012834224617108,XGBoost,ML
2024-06-17,17,-0.0121305081993341,0.000510933692567,CNN_LSTM,DL
2024-06-17,17,-0.0121305081993341,0.002375234151259,LSTM,DL
2024-06-17,17,-0.0121305080366662,0.0005168715397899,LightGBM,ML
2024-06-17,17,-0.0121305080366662,-1.3663456411956072e-05,RandomForest,ML
2024-06-17,17,-0.0121305081993341,0.0026992612984031,TCN,DL
2024-06-17,17,-0.0121305081993341,0.0027361139655113,TFT,DL
2024-06-17,17,-0.0121305081993341,-0.0016206053551286,Transformer,DL
2024-06-17,17,-0.0121305080366662,0.0011863741092383,XGBoost,ML
2024-06-18,17,0.0069108000025153,0.0005112204235047,CNN_LSTM,DL
2024-06-18,17,0.0069108000025153,0.0026373662985861,LSTM,DL
2024-06-18,17,0.006910800029364,0.000984809889609,LightGBM,ML
2024-06-18,17,0.006910800029364,-0.0001025184344238,RandomForest,ML
2024-06-18,17,0.0069108000025153,0.0028450028039515,TCN,DL
2024-06-18,17,0.0069108000025153,0.0027428499888628,TFT,DL
2024-06-18,17,0.0069108000025153,-0.0010353925172239,Transformer,DL
2024-06-18,17,0.006910800029364,0.002235283376649,XGBoost,ML
2024-06-20,17,0.0188882648944854,0.000545511720702,CNN_LSTM,DL
2024-06-20,17,0.0188882648944854,0.0030486360192298,LSTM,DL
2024-06-20,17,0.0188882658041269,0.0037588614305961,LightGBM,ML
2024-06-20,17,0.0188882658041269,0.0026462759276356,RandomForest,ML
2024-06-20,17,0.0188882648944854,0.0049694571644067,TCN,DL
2024-06-20,17,0.0188882648944854,0.0027454383671283,TFT,DL
2024-06-20,17,0.0188882648944854,0.0035700164735317,Transformer,DL
2024-06-20,17,0.0188882658041269,0.0020140088163316,XGBoost,ML
2024-06-21,17,-0.0022824807092547,0.0002189062070101,CNN_LSTM,DL
2024-06-21,17,-0.0022824807092547,0.0023418504279106,LSTM,DL
2024-06-21,17,-0.0022824806381541,-0.00021721709801,LightGBM,ML
2024-06-21,17,-0.0022824806381541,-0.0004717224921375,RandomForest,ML
2024-06-21,17,-0.0022824807092547,0.0023480397649109,TCN,DL
2024-06-21,17,-0.0022824807092547,0.0027437743265181,TFT,DL
2024-06-21,17,-0.0022824807092547,0.0021882376167923,Transformer,DL
2024-06-21,17,-0.0022824806381541,0.0017976799281314,XGBoost,ML
2024-06-24,17,0.0268385801464319,-0.000594331882894,CNN_LSTM,DL
2024-06-24,17,0.0268385801464319,0.0006472961977124,LSTM,DL
2024-06-24,17,0.0268385803650212,0.0002856050075643,LightGBM,ML
2024-06-24,17,0.0268385803650212,-0.0005790610090319,RandomForest,ML
2024-06-24,17,0.0268385801464319,0.0013190873432904,TCN,DL
2024-06-24,17,0.0268385801464319,0.0027490833308547,TFT,DL
2024-06-24,17,0.0268385801464319,-0.0033567743375897,Transformer,DL
2024-06-24,17,0.0268385803650212,0.0026061974931508,XGBoost,ML
2024-06-25,17,-0.0008151779766194,-0.0001422357745468,CNN_LSTM,DL
2024-06-25,17,-0.0008151779766194,0.0020290655083954,LSTM,DL
2024-06-25,17,-0.0008151779814994,0.0014751080901938,LightGBM,ML
2024-06-25,17,-0.0008151779814994,-0.0001177723569711,RandomForest,ML
2024-06-25,17,-0.0008151779766194,0.0025285864248871,TCN,DL
2024-06-25,17,-0.0008151779766194,0.0027567583601921,TFT,DL
2024-06-25,17,-0.0008151779766194,0.0120196212083101,Transformer,DL
2024-06-25,17,-0.0008151779814994,0.0013762103626504,XGBoost,ML
2024-06-26,17,0.0083206966519355,-0.0011210681404918,CNN_LSTM,DL
2024-06-26,17,0.0083206966519355,0.0007833797717466,LSTM,DL
2024-06-26,17,0.0083206970501454,0.0016716892482412,LightGBM,ML
2024-06-26,17,0.0083206970501454,0.0020874379995319,RandomForest,ML
2024-06-26,17,0.0083206966519355,0.0019714196678251,TCN,DL
2024-06-26,17,0.0083206966519355,0.0027455200906842,TFT,DL
2024-06-26,17,0.0083206966519355,-0.00241414969787,Transformer,DL
2024-06-26,17,0.0083206970501454,0.0027682066429406,XGBoost,ML
2024-06-27,17,-0.0175827722996473,-0.0016512037254869,CNN_LSTM,DL
2024-06-27,17,-0.0175827722996473,5.049118772149086e-05,LSTM,DL
2024-06-27,17,-0.0175827725437414,-0.000880490839712,LightGBM,ML
2024-06-27,17,-0.0175827725437414,-0.0005425660636222,RandomForest,ML
2024-06-27,17,-0.0175827722996473,0.0014481391990557,TCN,DL
2024-06-27,17,-0.0175827722996473,0.0027517820708453,TFT,DL
2024-06-27,17,-0.0175827722996473,-0.0048371898010373,Transformer,DL
2024-06-27,17,-0.0175827725437414,0.0011545406887307,XGBoost,ML
2024-06-28,17,0.0046116583980619,-0.0021629901602864,CNN_LSTM,DL
2024-06-28,17,0.0046116583980619,-0.0009169506374746,LSTM,DL
2024-06-28,17,0.0046116582612931,0.0026287535351882,LightGBM,ML
2024-06-28,17,0.0046116582612931,0.0021539430188051,RandomForest,ML
2024-06-28,17,0.0046116583980619,0.0019646175205707,TCN,DL
2024-06-28,17,0.0046116583980619,0.0027434919029474,TFT,DL
2024-06-28,17,0.0046116583980619,-0.0030321152880787,Transformer,DL
2024-06-28,17,0.0046116582612931,0.0015530292876064,XGBoost,ML
2024-07-01,18,0.0122957387939095,-0.0004526330158114,CNN_LSTM,DL
2024-07-01,18,0.0122957387939095,0.0024206014350056,LSTM,DL
2024-07-01,18,0.0122957385352548,0.0031717276564426,LightGBM,ML
2024-07-01,18,0.0122957385352548,0.0030635199340135,RandomForest,ML
2024-07-01,18,0.0122957387939095,-0.0003693908220157,TCN,DL
2024-07-01,18,0.0122957387939095,0.0020108139142394,TFT,DL
2024-07-01,18,0.0122957387939095,0.0043803825974464,Transformer,DL
2024-07-01,18,0.0122957385352548,0.0036530124489217,XGBoost,ML
2024-07-02,18,0.0031310622580349,0.0005919175455346,CNN_LSTM,DL
2024-07-02,18,0.0031310622580349,0.002995956223458,LSTM,DL
2024-07-02,18,0.0031310623452718,-0.0006399291123555,LightGBM,ML
2024-07-02,18,0.0031310623452718,0.0015010213675505,RandomForest,ML
2024-07-02,18,0.0031310622580349,-0.0003763583954423,TCN,DL
2024-07-02,18,0.0031310622580349,0.002028010552749,TFT,DL
2024-07-02,18,0.0031310622580349,0.0029424191452562,Transformer,DL
2024-07-02,18,0.0031310623452718,0.0016683946596458,XGBoost,ML
2024-07-03,18,0.025723922997713,0.0006397914839908,CNN_LSTM,DL
2024-07-03,18,0.025723922997713,0.0036417422816157,LSTM,DL
2024-07-03,18,0.025723923610101,0.0015441582475967,LightGBM,ML
2024-07-03,18,0.025723923610101,-0.0008910230191387,RandomForest,ML
2024-07-03,18,0.025723922997713,-0.0002982900477945,TCN,DL
2024-07-03,18,0.025723922997713,0.002010773634538,TFT,DL
2024-07-03,18,0.025723922997713,0.0039900373667478,Transformer,DL
2024-07-03,18,0.025723923610101,0.0008212110260501,XGBoost,ML
2024-07-05,18,-0.0082372957840561,0.0007172559853643,CNN_LSTM,DL
2024-07-05,18,-0.0082372957840561,0.003318587783724,LSTM,DL
2024-07-05,18,-0.0082372957363923,-0.0006373173961788,LightGBM,ML
2024-07-05,18,-0.0082372957363923,-0.0018135454810801,RandomForest,ML
2024-07-05,18,-0.0082372957840561,-3.802927676588297e-05,TCN,DL
2024-07-05,18,-0.0082372957840561,0.0020026182755827,TFT,DL
2024-07-05,18,-0.0082372957840561,0.002947348402813,Transformer,DL
2024-07-05,18,-0.0082372957363923,0.0004862553905695,XGBoost,ML
2024-07-08,18,-0.000264430331299,4.756869748234749e-05,CNN_LSTM,DL
2024-07-08,18,-0.000264430331299,0.0013761032605543,LSTM,DL
2024-07-08,18,-0.0002644303414927,0.0075650192985391,LightGBM,ML
2024-07-08,18,-0.0002644303414927,0.007792153784914,RandomForest,ML
2024-07-08,18,-0.000264430331299,-0.0006940199527889,TCN,DL
2024-07-08,18,-0.000264430331299,0.0019858861342072,TFT,DL
2024-07-08,18,-0.000264430331299,0.0018329333979636,Transformer,DL
2024-07-08,18,-0.0002644303414927,0.0066094985231757,XGBoost,ML
2024-07-09,18,0.0116412630304694,-0.0007323313038796,CNN_LSTM,DL
2024-07-09,18,0.0116412630304694,0.0001607706071808,LSTM,DL
2024-07-09,18,0.0116412628568061,-0.0039621792771748,LightGBM,ML
2024-07-09,18,0.0116412628568061,-0.0027403659245541,RandomForest,ML
2024-07-09,18,0.0116412630304694,-0.0012002426665276,TCN,DL
2024-07-09,18,0.0116412630304694,0.0019744173623621,TFT,DL
2024-07-09,18,0.0116412630304694,0.0013597211800515,Transformer,DL
2024-07-09,18,0.0116412628568061,-0.0033045669551938,XGBoost,ML
2024-07-10,18,-0.0293437838554382,-0.001204760512337,CNN_LSTM,DL
2024-07-10,18,-0.0293437838554382,-3.867549821734428e-06,LSTM,DL
2024-07-10,18,-0.029343784100306,0.0001815516892734,LightGBM,ML
2024-07-10,18,-0.029343784100306,0.0011132794480867,RandomForest,ML
2024-07-10,18,-0.0293437838554382,-0.0006530783139169,TCN,DL
2024-07-10,18,-0.0293437838554382,0.0019822397734969,TFT,DL
2024-07-10,18,-0.0293437838554382,0.0026684929616749,Transformer,DL
2024-07-10,18,-0.029343784100306,0.0007145411218516,XGBoost,ML
2024-07-11,18,-0.0026945169083774,-0.001164226559922,CNN_LSTM,DL
2024-07-11,18,-0.0026945169083774,-0.0003089288948103,LSTM,DL
2024-07-11,18,-0.0026945168762109,-0.0003551590748533,LightGBM,ML
2024-07-11,18,-0.0026945168762109,-0.0011096224609529,RandomForest,ML
2024-07-11,18,-0.0026945169083774,-0.0005299963522702,TCN,DL
2024-07-11,18,-0.0026945169083774,0.0019854451529681,TFT,DL
2024-07-11,18,-0.0026945169083774,0.0031982080545276,Transformer,DL
2024-07-11,18,-0.0026945168762109,-0.0006368297617882,XGBoost,ML
2024-07-12,18,0.0078889047726988,-0.0008404331747442,CNN_LSTM,DL
2024-07-12,18,0.0078889047726988,0.0005518264952115,LSTM,DL
2024-07-12,18,0.0078889051246187,0.0011144130262611,LightGBM,ML
2024-07-12,18,0.0078889051246187,-0.000170548648728,RandomForest,ML
2024-07-12,18,0.0078889047726988,-0.0006877197884023,TCN,DL
2024-07-12,18,0.0078889047726988,0.0019823797047138,TFT,DL
2024-07-12,18,0.0078889047726988,0.0029602737631648,Transformer,DL
2024-07-12,18,0.0078889051246187,0.0012212430592626,XGBoost,ML
2024-07-15,18,-0.0139924623072147,-0.0001240745186805,CNN_LSTM,DL
2024-07-15,18,-0.0139924623072147,0.0019738408736884,LSTM,DL
2024-07-15,18,-0.0139924619750098,0.0043227118628204,LightGBM,ML
2024-07-15,18,-0.0139924619750098,0.0043854371716837,RandomForest,ML
2024-07-15,18,-0.0139924623072147,-0.0004524237010627,TCN,DL
2024-07-15,18,-0.0139924623072147,0.0020044296979904,TFT,DL
2024-07-15,18,-0.0139924623072147,0.0065525444224476,Transformer,DL
2024-07-15,18,-0.0139924619750098,0.0029954069759696,XGBoost,ML
2024-07-16,18,-0.0157676711678504,-0.0001022722572088,CNN_LSTM,DL
2024-07-16,18,-0.0157676711678504,0.0027068145573139,LSTM,DL
2024-07-16,18,-0.0157676713016861,0.0060898653823816,LightGBM,ML
2024-07-16,18,-0.0157676713016861,0.0029703337447822,RandomForest,ML
2024-07-16,18,-0.0157676711678504,-0.0005920880939811,TCN,DL
2024-07-16,18,-0.0157676711678504,0.0020086667500436,TFT,DL
2024-07-16,18,-0.0157676711678504,0.0044222064316272,Transformer,DL
2024-07-16,18,-0.0157676713016861,0.003949137404561,XGBoost,ML
2024-07-17,18,-0.0183957647532224,0.0001748099457472,CNN_LSTM,DL
2024-07-17,18,-0.0183957647532224,0.002951577771455,LSTM,DL
2024-07-17,18,-0.0183957652761193,0.0022729788933768,LightGBM,ML
2024-07-17,18,-0.0183957652761193,0.0026403865529116,RandomForest,ML
2024-07-17,18,-0.0183957647532224,8.928647730499506e-05,TCN,DL
2024-07-17,18,-0.0183957647532224,0.0020168386399745,TFT,DL
2024-07-17,18,-0.0183957647532224,0.0043517635203897,Transformer,DL
2024-07-17,18,-0.0183957652761193,0.0019489215919747,XGBoost,ML
2024-07-18,18,-0.0001687836047494,4.199729301035404e-05,CNN_LSTM,DL
2024-07-18,18,-0.0001687836047494,0.002974385395646,LSTM,DL
2024-07-18,18,-0.0001687836060215,0.0068807998539052,LightGBM,ML
2024-07-18,18,-0.0001687836060215,0.0059222972442416,RandomForest,ML
2024-07-18,18,-0.0001687836047494,0.0002726158127188,TCN,DL
2024-07-18,18,-0.0001687836047494,0.002017940627411,TFT,DL
2024-07-18,18,-0.0001687836047494,0.005494977813214,Transformer,DL
2024-07-18,18,-0.0001687836060215,0.0038318894803524,XGBoost,ML
2024-07-19,18,0.0225712060928344,-0.0006088619120419,CNN_LSTM,DL
2024-07-19,18,0.0225712060928344,0.0026546353474259,LSTM,DL
2024-07-19,18,0.0225712062052318,0.0050237952875768,LightGBM,ML
2024-07-19,18,0.0225712062052318,0.0073555680443131,RandomForest,ML
2024-07-19,18,0.0225712060928344,0.0010214981157332,TCN,DL
2024-07-19,18,0.0225712060928344,0.0020253793336451,TFT,DL
2024-07-19,18,0.0225712060928344,0.0041940826922655,Transformer,DL
2024-07-19,18,0.0225712062052318,0.0058717234060168,XGBoost,ML
2024-07-22,18,0.0006605972303077,-0.0007697369437664,CNN_LSTM,DL
2024-07-22,18,0.0006605972303077,0.0021335533820092,LSTM,DL
2024-07-22,18,0.0006605972306141,0.0028358173047912,LightGBM,ML
2024-07-22,18,0.0006605972306141,0.0015721182848877,RandomForest,ML
2024-07-22,18,0.0006605972303077,0.0011188982753083,TCN,DL
2024-07-22,18,0.0006605972303077,0.0020186498295515,TFT,DL
2024-07-22,18,0.0006605972303077,0.0058458456769585,Transformer,DL
2024-07-22,18,0.0006605972306141,0.0012909247307106,XGBoost,ML
2024-07-23,18,-0.0503878220915794,-0.0010967322159558,CNN_LSTM,DL
2024-07-23,18,-0.0503878220915794,0.0018875746754929,LSTM,DL
2024-07-23,18,-0.0503878224895567,0.0043355990096453,LightGBM,ML
2024-07-23,18,-0.0503878224895567,0.0018829551586786,RandomForest,ML
2024-07-23,18,-0.0503878220915794,-0.0001518109347671,TCN,DL
2024-07-23,18,-0.0503878220915794,0.0020094295032322,TFT,DL
2024-07-23,18,-0.0503878220915794,0.0056295720860362,Transformer,DL
2024-07-23,18,-0.0503878224895567,0.0014372149016708,XGBoost,ML
2024-07-24,18,-0.0309912525117397,-0.0008802425581961,CNN_LSTM,DL
2024-07-24,18,-0.0309912525117397,0.0017763111973181,LSTM,DL
2024-07-24,18,-0.0309912523449883,0.0031608884613576,LightGBM,ML
2024-07-24,18,-0.0309912523449883,0.0036818936298442,RandomForest,ML
2024-07-24,18,-0.0309912525117397,-0.0002674213610589,TCN,DL
2024-07-24,18,-0.0309912525117397,0.0019578891806304,TFT,DL
2024-07-24,18,-0.0309912525117397,0.0036124314647167,Transformer,DL
2024-07-24,18,-0.0309912523449883,0.0028299598488956,XGBoost,ML
2024-07-25,18,-0.0016736224060878,-0.0009160805493593,CNN_LSTM,DL
2024-07-25,18,-0.0016736224060878,0.0028488496318459,LSTM,DL
2024-07-25,18,-0.0016736224217483,0.0022665924293136,LightGBM,ML
2024-07-25,18,-0.0016736224217483,0.0038206480562963,RandomForest,ML
2024-07-25,18,-0.0016736224060878,0.0009559898171573,TCN,DL
2024-07-25,18,-0.0016736224060878,0.0019837096333503,TFT,DL
2024-07-25,18,-0.0016736224060878,0.0026677821297198,Transformer,DL
2024-07-25,18,-0.0016736224217483,0.0019105577375739,XGBoost,ML
2024-07-26,18,0.015149462968111,5.66503731533885e-05,CNN_LSTM,DL
2024-07-26,18,0.015149462968111,0.005026719532907,LSTM,DL
2024-07-26,18,0.0151494628873607,0.0023698033912071,LightGBM,ML
2024-07-26,18,0.0151494628873607,0.0061930047166466,RandomForest,ML
2024-07-26,18,0.015149462968111,0.0024335049092769,TCN,DL
2024-07-26,18,0.015149462968111,0.0020214251708239,TFT,DL
2024-07-26,18,0.015149462968111,0.0033558181021362,Transformer,DL
2024-07-26,18,0.0151494628873607,0.0031664345879107,XGBoost,ML
2024-07-29,18,0.0044830199331045,0.0015829465119168,CNN_LSTM,DL
2024-07-29,18,0.0044830199331045,0.0061001782305538,LSTM,DL
2024-07-29,18,0.0044830201230907,0.0021831475049701,LightGBM,ML
2024-07-29,18,0.0044830201230907,0.0058404840885795,RandomForest,ML
2024-07-29,18,0.0044830199331045,0.0022941140923649,TCN,DL
2024-07-29,18,0.0044830199331045,0.0020374446175992,TFT,DL
2024-07-29,18,0.0044830199331045,0.0048749083653092,Transformer,DL
2024-07-29,18,0.0044830201230907,0.0023637935519218,XGBoost,ML
2024-07-30,18,0.0073404205031692,0.0017799651250243,CNN_LSTM,DL
2024-07-30,18,0.0073404205031692,0.0061841215938329,LSTM,DL
2024-07-30,18,0.0073404203226812,0.0051868639863628,LightGBM,ML
2024-07-30,18,0.0073404203226812,0.0054919443000588,RandomForest,ML
2024-07-30,18,0.0073404205031692,0.0024402043782174,TCN,DL
2024-07-30,18,0.0073404205031692,0.0020258652511984,TFT,DL
2024-07-30,18,0.0073404205031692,0.006057824473828,Transformer,DL
2024-07-30,18,0.0073404203226812,0.0025743432343006,XGBoost,ML
2024-07-31,18,-0.0045469575561583,0.000724347482901,CNN_LSTM,DL
2024-07-31,18,-0.0045469575561583,0.0058609116822481,LSTM,DL
2024-07-31,18,-0.0045469576867595,0.0048819801719209,LightGBM,ML
2024-07-31,18,-0.0045469576867595,0.0050564837501449,RandomForest,ML
2024-07-31,18,-0.0045469575561583,0.0014037217479199,TCN,DL
2024-07-31,18,-0.0045469575561583,0.0020166595932096,TFT,DL
2024-07-31,18,-0.0045469575561583,0.0053333397954702,Transformer,DL
2024-07-31,18,-0.0045469576867595,0.0030326433479785,XGBoost,ML
2024-08-01,19,-0.0240104235708713,-0.0074244746938347,CNN_LSTM,DL
2024-08-01,19,-0.0240104235708713,-0.0040703257545828,LSTM,DL
2024-08-01,19,-0.024010423252169,0.0021289892303397,LightGBM,ML
2024-08-01,19,-0.024010423252169,0.002733715119219,RandomForest,ML
2024-08-01,19,-0.0240104235708713,0.0018398513784632,TCN,DL
2024-08-01,19,-0.0240104235708713,0.0004767520586028,TFT,DL
2024-08-01,19,-0.0240104235708713,-0.0029888139106333,Transformer,DL
2024-08-01,19,-0.024010423252169,0.0017973147332668,XGBoost,ML
2024-08-02,19,-0.0444616675376892,-0.0038183536380529,CNN_LSTM,DL
2024-08-02,19,-0.0444616675376892,-0.0008819950744509,LSTM,DL
2024-08-02,19,-0.0444616689352131,0.0021289892303397,LightGBM,ML
2024-08-02,19,-0.0444616689352131,0.0019546798198394,RandomForest,ML
2024-08-02,19,-0.0444616675376892,0.0017724297940731,TCN,DL
2024-08-02,19,-0.0444616675376892,0.0004667197354137,TFT,DL
2024-08-02,19,-0.0444616675376892,-0.0018947725184261,Transformer,DL
2024-08-02,19,-0.0444616689352131,0.0016903773648664,XGBoost,ML
2024-08-05,19,-0.0060283127240836,0.0012677581980824,CNN_LSTM,DL
2024-08-05,19,-0.0060283127240836,0.0043198019266128,LSTM,DL
2024-08-05,19,-0.0060283125777707,0.0018499791493522,LightGBM,ML
2024-08-05,19,-0.0060283125777707,0.0033105870937611,RandomForest,ML
2024-08-05,19,-0.0060283127240836,0.0019474355503916,TCN,DL
2024-08-05,19,-0.0060283127240836,0.0004515736363828,TFT,DL
2024-08-05,19,-0.0060283127240836,0.0005217832513153,Transformer,DL
2024-08-05,19,-0.0060283125777707,0.0016038250178098,XGBoost,ML
2024-08-06,19,0.0041064377874135,0.0087523274123668,CNN_LSTM,DL
2024-08-06,19,0.0041064377874135,0.007659503724426,LSTM,DL
2024-08-06,19,0.00410643792413,0.0018499791493522,LightGBM,ML
2024-08-06,19,0.00410643792413,0.0045574958196104,RandomForest,ML
2024-08-06,19,0.0041064377874135,0.0030066682957112,TCN,DL
2024-08-06,19,0.0041064377874135,0.0004697586409747,TFT,DL
2024-08-06,19,0.0041064377874135,0.0032133106142282,Transformer,DL
2024-08-06,19,0.00410643792413,0.0016038250178098,XGBoost,ML
2024-08-07,19,0.019441170617938,0.0154670504853129,CNN_LSTM,DL
2024-08-07,19,0.019441170617938,0.0130331153050065,LSTM,DL
2024-08-07,19,0.0194411715118147,0.0021289892303397,LightGBM,ML
2024-08-07,19,0.0194411715118147,0.0057721229408782,RandomForest,ML
2024-08-07,19,0.019441170617938,0.0041112159378826,TCN,DL
2024-08-07,19,0.019441170617938,0.0004757612477988,TFT,DL
2024-08-07,19,0.019441170617938,0.0044970195740461,Transformer,DL
2024-08-07,19,0.0194411715118147,0.0016038250178098,XGBoost,ML
2024-08-08,19,0.0101217273622751,0.0151702929288148,CNN_LSTM,DL
2024-08-08,19,0.0101217273622751,0.018183346837759,LSTM,DL
2024-08-08,19,0.0101217276189331,0.0021289892303397,LightGBM,ML
2024-08-08,19,0.0101217276189331,0.002658439566387,RandomForest,ML
2024-08-08,19,0.0101217273622751,0.0036008520983159,TCN,DL
2024-08-08,19,0.0101217273622751,0.000480409595184,TFT,DL
2024-08-08,19,0.0101217273622751,0.0031053426209837,Transformer,DL
2024-08-08,19,0.0101217276189331,0.0024632206186652,XGBoost,ML
2024-08-09,19,-0.0084316479042172,0.0103795239701867,CNN_LSTM,DL
2024-08-09,19,-0.0084316479042172,0.0183428972959518,LSTM,DL
2024-08-09,19,-0.0084316478263067,0.0021289892303397,LightGBM,ML
2024-08-09,19,-0.0084316478263067,0.0067390756418767,RandomForest,ML
2024-08-09,19,-0.0084316479042172,0.0023348284885287,TCN,DL
2024-08-09,19,-0.0084316479042172,0.0004868461983278,TFT,DL
2024-08-09,19,-0.0084316479042172,1.9268947653472424e-05,Transformer,DL
2024-08-09,19,-0.0084316478263067,0.0017973147332668,XGBoost,ML
2024-08-12,19,0.0115225929766893,0.0059195631183683,CNN_LSTM,DL
2024-08-12,19,0.0115225929766893,0.0145760579034686,LSTM,DL
2024-08-12,19,0.011522593169656,0.0018499791493522,LightGBM,ML
2024-08-12,19,0.011522593169656,0.0052092180030364,RandomForest,ML
2024-08-12,19,0.0115225929766893,0.0020306990481913,TCN,DL
2024-08-12,19,0.0115225929766893,0.0004819605965167,TFT,DL
2024-08-12,19,0.0115225929766893,-0.0021448372863233,Transformer,DL
2024-08-12,19,0.011522593169656,0.0014442232204601,XGBoost,ML
2024-08-13,19,-0.0230872556567192,0.0034899290185421,CNN_LSTM,DL
2024-08-13,19,-0.0230872556567192,0.011974642984569,LSTM,DL
2024-08-13,19,-0.023087255554671,0.0018499791493522,LightGBM,ML
2024-08-13,19,-0.023087255554671,0.0030048705364257,RandomForest,ML
2024-08-13,19,-0.0230872556567192,0.0022122480440884,TCN,DL
2024-08-13,19,-0.0230872556567192,0.0004628392634913,TFT,DL
2024-08-13,19,-0.0230872556567192,-0.0017674237024039,Transformer,DL
2024-08-13,19,-0.023087255554671,0.0016903773648664,XGBoost,ML
2024-08-14,19,0.0057991039939224,0.003917253576219,CNN_LSTM,DL
2024-08-14,19,0.0057991039939224,0.0118907848373055,LSTM,DL
2024-08-14,19,0.0057991040072622,0.0021289892303397,LightGBM,ML
2024-08-14,19,0.0057991040072622,0.004769722671848,RandomForest,ML
2024-08-14,19,0.0057991039939224,0.0018324265256524,TCN,DL
2024-08-14,19,0.0057991039939224,0.0004629114409908,TFT,DL
2024-08-14,19,0.0057991039939224,-0.0014830993022769,Transformer,DL
2024-08-14,19,0.0057991040072622,0.0024632206186652,XGBoost,ML
2024-08-15,19,0.0102913957089185,0.0033397027291357,CNN_LSTM,DL
2024-08-15,19,0.0102913957089185,0.0091159101575613,LSTM,DL
2024-08-15,19,0.0102913956437935,0.0018499791493522,LightGBM,ML
2024-08-15,19,0.0102913956437935,0.0048479188128345,RandomForest,ML
2024-08-15,19,0.0102913957089185,0.0020390236750245,TCN,DL
2024-08-15,19,0.0102913957089185,0.0004730174550786,TFT,DL
2024-08-15,19,0.0102913957089185,0.0004075398901477,Transformer,DL
2024-08-15,19,0.0102913956437935,0.0020434688776731,XGBoost,ML
2024-08-16,19,0.0227663032710552,0.0060331379063427,CNN_LSTM,DL
2024-08-16,19,0.0227663032710552,0.0099059827625751,LSTM,DL
2024-08-16,19,0.0227663029465998,0.0018499791493522,LightGBM,ML
2024-08-16,19,0.0227663029465998,0.010298974445305,RandomForest,ML
2024-08-16,19,0.0227663032710552,0.0026399977505207,TCN,DL
2024-08-16,19,0.0227663032710552,0.0004835893632844,TFT,DL
2024-08-16,19,0.0227663032710552,0.001999749103561,Transformer,DL
2024-08-16,19,0.0227663029465998,0.0024632206186652,XGBoost,ML
2024-08-19,19,0.0030597739387303,0.002765160985291,CNN_LSTM,DL
2024-08-19,19,0.0030597739387303,0.0089674498885869,LSTM,DL
2024-08-19,19,0.0030597739918933,0.0017190923180927,LightGBM,ML
2024-08-19,19,0.0030597739918933,0.0022472950526026,RandomForest,ML
2024-08-19,19,0.0030597739387303,0.0018310355953872,TCN,DL
2024-08-19,19,0.0030597739387303,0.0004874351434409,TFT,DL
2024-08-19,19,0.0030597739387303,-0.0002435483038425,Transformer,DL
2024-08-19,19,0.0030597739918933,0.0024632206186652,XGBoost,ML
2024-08-20,19,-0.0079551739618182,0.0005841385573148,CNN_LSTM,DL
2024-08-20,19,-0.0079551739618182,0.0081755779683589,LSTM,DL
2024-08-20,19,-0.0079551743538516,0.0017190923180927,LightGBM,ML
2024-08-20,19,-0.0079551743538516,0.0034187260844559,RandomForest,ML
2024-08-20,19,-0.0079551739618182,0.0019920321647077,TCN,DL
2024-08-20,19,-0.0079551739618182,0.0004820509348064,TFT,DL
2024-08-20,19,-0.0079551739618182,-0.0027969903312623,Transformer,DL
2024-08-20,19,-0.0079551743538516,0.0017973147332668,XGBoost,ML
2024-08-21,19,-0.0123608103021979,-0.0018280514050275,CNN_LSTM,DL
2024-08-21,19,-0.0123608103021979,0.0048200348392128,LSTM,DL
2024-08-21,19,-0.0123608104429435,0.0018499791493522,LightGBM,ML
2024-08-21,19,-0.0123608104429435,0.0060125280872872,RandomForest,ML
2024-08-21,19,-0.0123608103021979,0.0010912707075476,TCN,DL
2024-08-21,19,-0.0123608103021979,0.0004761157324537,TFT,DL
2024-08-21,19,-0.0123608103021979,-0.001975794089958,Transformer,DL
2024-08-21,19,-0.0123608104429435,0.0016903773648664,XGBoost,ML
2024-08-22,19,0.0111112119629979,-0.0025344928726553,CNN_LSTM,DL
2024-08-22,19,0.0111112119629979,0.0023353390861302,LSTM,DL
2024-08-22,19,0.0111112121541387,0.0021289892303397,LightGBM,ML
2024-08-22,19,0.0111112121541387,0.0065125447360271,RandomForest,ML
2024-08-22,19,0.0111112119629979,0.00133585894946,TCN,DL
2024-08-22,19,0.0111112119629979,0.0004841117188334,TFT,DL
2024-08-22,19,0.0111112119629979,-0.0027215993031859,Transformer,DL
2024-08-22,19,0.0111112121541387,0.0018499791622161,XGBoost,ML
2024-08-23,19,0.0032604420557618,-0.0021360670216381,CNN_LSTM,DL
2024-08-23,19,0.0032604420557618,0.0011685311328619,LSTM,DL
2024-08-23,19,0.0032604419399053,0.0017190923180927,LightGBM,ML
2024-08-23,19,0.0032604419399053,0.0025887570631112,RandomForest,ML
2024-08-23,19,0.0032604420557618,0.0011879147496074,TCN,DL
2024-08-23,19,0.0032604420557618,0.0004898784682154,TFT,DL
2024-08-23,19,0.0032604420557618,-0.0017790079582482,Transformer,DL
2024-08-23,19,0.0032604419399053,0.0016038250178098,XGBoost,ML
2024-08-26,19,-0.008907132782042,-0.0007803633343428,CNN_LSTM,DL
2024-08-26,19,-0.008907132782042,0.0004298528656363,LSTM,DL
2024-08-26,19,-0.0089071325358438,0.0017190923180927,LightGBM,ML
2024-08-26,19,-0.0089071325358438,0.0012119180672877,RandomForest,ML
2024-08-26,19,-0.008907132782042,0.0011851121671497,TCN,DL
2024-08-26,19,-0.008907132782042,0.0004905464593321,TFT,DL
2024-08-26,19,-0.008907132782042,-0.0012150909751653,Transformer,DL
2024-08-26,19,-0.0089071325358438,0.0020434688776731,XGBoost,ML
2024-08-27,19,-0.0111124496906995,-0.0005151475779712,CNN_LSTM,DL
2024-08-27,19,-0.0111124496906995,-0.0012076403945684,LSTM,DL
2024-08-27,19,-0.0111124497707348,0.0017190923180927,LightGBM,ML
2024-08-27,19,-0.0111124497707348,0.0031365343624036,RandomForest,ML
2024-08-27,19,-0.0111124496906995,0.0007939368952065,TCN,DL
2024-08-27,19,-0.0111124496906995,0.0004984365077689,TFT,DL
2024-08-27,19,-0.0111124496906995,-0.0013256212696433,Transformer,DL
2024-08-27,19,-0.0111124497707348,0.0016903773648664,XGBoost,ML
2024-08-28,19,-0.0065704132430255,-0.0003532788250595,CNN_LSTM,DL
2024-08-28,19,-0.0065704132430255,-0.0021715452894568,LSTM,DL
2024-08-28,19,-0.0065704133843046,0.0017190923180927,LightGBM,ML
2024-08-28,19,-0.0065704133843046,0.0036588302236999,RandomForest,ML
2024-08-28,19,-0.0065704132430255,0.0009617588366381,TCN,DL
2024-08-28,19,-0.0065704132430255,0.0004966355627402,TFT,DL
2024-08-28,19,-0.0065704132430255,-0.0020973240025341,Transformer,DL
2024-08-28,19,-0.0065704133843046,0.0018499791622161,XGBoost,ML
2024-08-29,19,0.0098900012671947,-0.0014200103469192,CNN_LSTM,DL
2024-08-29,19,0.0098900012671947,-0.0003208008129149,LSTM,DL
2024-08-29,19,0.0098900017209329,0.0017190923180927,LightGBM,ML
2024-08-29,19,0.0098900017209329,0.0039273998767777,RandomForest,ML
2024-08-29,19,0.0098900012671947,0.0009947416838258,TCN,DL
2024-08-29,19,0.0098900012671947,0.000503831426613,TFT,DL
2024-08-29,19,0.0098900012671947,-0.0021225558593869,Transformer,DL
2024-08-29,19,0.0098900017209329,0.0018499791622161,XGBoost,ML
2024-08-30,19,-0.0368466563522815,-0.0017220063600689,CNN_LSTM,DL
2024-08-30,19,-0.0368466563522815,0.0004810468526557,LSTM,DL
2024-08-30,19,-0.0368466574566784,0.0017190923180927,LightGBM,ML
2024-08-30,19,-0.0368466574566784,0.0019419540117793,RandomForest,ML
2024-08-30,19,-0.0368466563522815,0.0008627948118373,TCN,DL
2024-08-30,19,-0.0368466563522815,0.0004958012141287,TFT,DL
2024-08-30,19,-0.0368466563522815,-0.0004714664537459,Transformer,DL
2024-08-30,19,-0.0368466574566784,0.0018499791622161,XGBoost,ML
2024-09-03,20,-0.005782872904092,0.0005038573290221,CNN_LSTM,DL
2024-09-03,20,-0.005782872904092,-0.0035083338152617,LSTM,DL
2024-09-03,20,-0.0057828728283242,0.0009236102428954,LightGBM,ML
2024-09-03,20,-0.0057828728283242,0.0045198220748011,RandomForest,ML
2024-09-03,20,-0.005782872904092,0.0004151065368205,TCN,DL
2024-09-03,20,-0.005782872904092,-0.002161415759474,TFT,DL
2024-09-03,20,-0.005782872904092,-0.0004107643617317,Transformer,DL
2024-09-03,20,-0.0057828728283242,0.0034761657007038,XGBoost,ML
2024-09-04,20,0.0050496188923716,0.0003522206679917,CNN_LSTM,DL
2024-09-04,20,0.0050496188923716,-0.0047892974689602,LSTM,DL
2024-09-04,20,0.0050496186750201,0.001190165786298,LightGBM,ML
2024-09-04,20,0.0050496186750201,0.0025953062387356,RandomForest,ML
2024-09-04,20,0.0050496188923716,0.0002661760663613,TCN,DL
2024-09-04,20,0.0050496188923716,-0.0021694740280508,TFT,DL
2024-09-04,20,0.0050496188923716,-0.000399176031351,Transformer,DL
2024-09-04,20,0.0050496186750201,0.0032957547809928,XGBoost,ML
2024-09-05,20,-0.0401933975517749,0.0003088302910327,CNN_LSTM,DL
2024-09-05,20,-0.0401933975517749,-0.0048332121223211,LSTM,DL
2024-09-05,20,-0.0401933991272682,0.001190165786298,LightGBM,ML
2024-09-05,20,-0.0401933991272682,0.002176698547074,RandomForest,ML
2024-09-05,20,-0.0401933975517749,0.0004150734748691,TCN,DL
2024-09-05,20,-0.0401933975517749,-0.0021306092385202,TFT,DL
2024-09-05,20,-0.0401933975517749,0.0004083674284629,Transformer,DL
2024-09-05,20,-0.0401933991272682,0.0028354092501103,XGBoost,ML
2024-09-06,20,-0.0133360615000128,0.0003162990906275,CNN_LSTM,DL
2024-09-06,20,-0.0133360615000128,-0.0055077970027923,LSTM,DL
2024-09-06,20,-0.0133360616513033,0.001190165786298,LightGBM,ML
2024-09-06,20,-0.0133360616513033,0.0012332463131899,RandomForest,ML
2024-09-06,20,-0.0133360615000128,0.0001865600934252,TCN,DL
2024-09-06,20,-0.0133360615000128,-0.0021488408092409,TFT,DL
2024-09-06,20,-0.0133360615000128,-0.0011517787352204,Transformer,DL
2024-09-06,20,-0.0133360616513033,0.0005769112613052,XGBoost,ML
2024-09-09,20,-0.0003361959825269,0.0002178243594244,CNN_LSTM,DL
2024-09-09,20,-0.0003361959825269,-0.005772478878498,LSTM,DL
2024-09-09,20,-0.0003361959836954,0.001190165786298,LightGBM,ML
2024-09-09,20,-0.0003361959836954,0.0011371126589164,RandomForest,ML
2024-09-09,20,-0.0003361959825269,2.221099566668272e-05,TCN,DL
2024-09-09,20,-0.0003361959825269,-0.0021857130341231,TFT,DL
2024-09-09,20,-0.0003361959825269,-0.0015908118803054,Transformer,DL
2024-09-09,20,-0.0003361959836954,-0.0006602287176065,XGBoost,ML
2024-09-10,20,0.0168169997632503,0.0004730243235826,CNN_LSTM,DL
2024-09-10,20,0.0168169997632503,-0.0052376622334122,LSTM,DL
2024-09-10,20,0.016816999906638,0.001190165786298,LightGBM,ML
2024-09-10,20,0.016816999906638,0.0065112849068803,RandomForest,ML
2024-09-10,20,0.0168169997632503,0.0002970364876091,TCN,DL
2024-09-10,20,0.0168169997632503,-0.0021394726354628,TFT,DL
2024-09-10,20,0.0168169997632503,0.0009825081797316,Transformer,DL
2024-09-10,20,0.016816999906638,0.0065531418658792,XGBoost,ML
2024-09-11,20,0.0233527589589357,0.0005475564976222,CNN_LSTM,DL
2024-09-11,20,0.0233527589589357,-0.0044343918561935,LSTM,DL
2024-09-11,20,0.0233527587942146,0.001190165786298,LightGBM,ML
2024-09-11,20,0.0233527587942146,9.722202781479354e-05,RandomForest,ML
2024-09-11,20,0.0233527589589357,0.0002707256935536,TCN,DL
2024-09-11,20,0.0233527589589357,-0.0021123334299772,TFT,DL
2024-09-11,20,0.0233527589589357,-0.0002758422633633,Transformer,DL
2024-09-11,20,0.0233527587942146,-0.0020016187336295,XGBoost,ML
2024-09-12,20,0.0179066285490989,0.0005529641057364,CNN_LSTM,DL
2024-09-12,20,0.0179066285490989,-0.0040976954624056,LSTM,DL
2024-09-12,20,0.0179066283216162,0.0014663470732057,LightGBM,ML
2024-09-12,20,0.0179066283216162,-0.001260054047074,RandomForest,ML
2024-09-12,20,0.0179066285490989,0.0002416996285319,TCN,DL
2024-09-12,20,0.0179066285490989,-0.0021128617227077,TFT,DL
2024-09-12,20,0.0179066285490989,-8.635572157800198e-05,Transformer,DL
2024-09-12,20,0.0179066283216162,-0.0041371169500052,XGBoost,ML
2024-09-13,20,0.0038104564882814,0.0006712342146784,CNN_LSTM,DL
2024-09-13,20,0.0038104564882814,-0.0035192070063203,LSTM,DL
2024-09-13,20,0.0038104564074163,0.0010778411484598,LightGBM,ML
2024-09-13,20,0.0038104564074163,0.0026286122112986,RandomForest,ML
2024-09-13,20,0.0038104564882814,0.0002395090996287,TCN,DL
2024-09-13,20,0.0038104564882814,-0.0021397657692432,TFT,DL
2024-09-13,20,0.0038104564882814,-5.621311720460653e-05,Transformer,DL
2024-09-13,20,0.0038104564074163,0.0002839451190084,XGBoost,ML
2024-09-16,20,0.007971747778356,0.0007758066058158,CNN_LSTM,DL
2024-09-16,20,0.007971747778356,-0.0011524960864335,LSTM,DL
2024-09-16,20,0.007971748031829,0.001190165786298,LightGBM,ML
2024-09-16,20,0.007971748031829,0.0049144864189571,RandomForest,ML
2024-09-16,20,0.007971747778356,3.913755062967539e-05,TCN,DL
2024-09-16,20,0.007971747778356,-0.002175913657993,TFT,DL
2024-09-16,20,0.007971747778356,0.0002883069682866,Transformer,DL
2024-09-16,20,0.007971748031829,0.0034068496897816,XGBoost,ML
2024-09-17,20,0.0030754993204027,0.0009522725595161,CNN_LSTM,DL
2024-09-17,20,0.0030754993204027,0.0021111462265253,LSTM,DL
2024-09-17,20,0.0030754993210317,0.001190165786298,LightGBM,ML
2024-09-17,20,0.0030754993210317,0.0038694155675063,RandomForest,ML
2024-09-17,20,0.0030754993204027,0.0002357810153625,TCN,DL
2024-09-17,20,0.0030754993204027,-0.0021979843731969,TFT,DL
2024-09-17,20,0.0030754993204027,0.0017509368481114,Transformer,DL
2024-09-17,20,0.0030754993210317,0.0058059766888618,XGBoost,ML
2024-09-18,20,0.0145798092707991,0.0013012336567044,CNN_LSTM,DL
2024-09-18,20,0.0145798092707991,0.0059132594615221,LSTM,DL
2024-09-18,20,0.014579808832718,0.001190165786298,LightGBM,ML
2024-09-18,20,0.014579808832718,0.0037277020106853,RandomForest,ML
2024-09-18,20,0.0145798092707991,0.0001162091502919,TCN,DL
2024-09-18,20,0.0145798092707991,-0.002207311335951,TFT,DL
2024-09-18,20,0.0145798092707991,-0.0004231737693771,Transformer,DL
2024-09-18,20,0.014579808832718,0.0042055957019329,XGBoost,ML
2024-09-19,20,0.0089429719373583,0.001549677690491,CNN_LSTM,DL
2024-09-19,20,0.0089429719373583,0.0079938592389225,LSTM,DL
2024-09-19,20,0.008942972083255,0.001190165786298,LightGBM,ML
2024-09-19,20,0.008942972083255,0.0034585671167039,RandomForest,ML
2024-09-19,20,0.0089429719373583,0.0004876210005022,TCN,DL
2024-09-19,20,0.0089429719373583,-0.0022100440692156,TFT,DL
2024-09-19,20,0.0089429719373583,0.0002205307828262,Transformer,DL
2024-09-19,20,0.008942972083255,0.0048926635645329,XGBoost,ML
2024-09-20,20,-0.0106362765654921,0.0016584467375651,CNN_LSTM,DL
2024-09-20,20,-0.0106362765654921,0.0083376467227935,LSTM,DL
2024-09-20,20,-0.0106362763236285,0.0014663470732057,LightGBM,ML
2024-09-20,20,-0.0106362763236285,0.0030657980425296,RandomForest,ML
2024-09-20,20,-0.0106362765654921,0.0005074169603176,TCN,DL
2024-09-20,20,-0.0106362765654921,-0.0021867381874471,TFT,DL
2024-09-20,20,-0.0106362765654921,0.0013864253414794,Transformer,DL
2024-09-20,20,-0.0106362763236285,0.0016493587754666,XGBoost,ML
2024-09-23,20,0.0027184274513274,0.0017051880713552,CNN_LSTM,DL
2024-09-23,20,0.0027184274513274,0.0090898498892784,LSTM,DL
2024-09-23,20,0.0027184274301446,0.0014663470732057,LightGBM,ML
2024-09-23,20,0.0027184274301446,0.0023586131912573,RandomForest,ML
2024-09-23,20,0.0027184274513274,0.0003604698576964,TCN,DL
2024-09-23,20,0.0027184274513274,-0.0021837356034666,TFT,DL
2024-09-23,20,0.0027184274513274,0.0003760487888939,Transformer,DL
2024-09-23,20,0.0027184274301446,0.0038363547064363,XGBoost,ML
2024-09-24,20,-0.0049294019117951,0.0016127499984577,CNN_LSTM,DL
2024-09-24,20,-0.0049294019117951,0.0098959254100918,LSTM,DL
2024-09-24,20,-0.0049294018446228,0.0009236102428954,LightGBM,ML
2024-09-24,20,-0.0049294018446228,0.0004162472754531,RandomForest,ML
2024-09-24,20,-0.0049294019117951,0.0003857761039398,TCN,DL
2024-09-24,20,-0.0049294019117951,-0.0021770927123725,TFT,DL
2024-09-24,20,-0.0049294019117951,0.0019915474113076,Transformer,DL
2024-09-24,20,-0.0049294018446228,0.0025138056371361,XGBoost,ML
2024-09-25,20,0.0076784989796578,0.001411126111634,CNN_LSTM,DL
2024-09-25,20,0.0076784989796578,0.0079880459234118,LSTM,DL
2024-09-25,20,0.0076784988641558,0.0009236102428954,LightGBM,ML
2024-09-25,20,0.0076784988641558,0.0055911054722249,RandomForest,ML
2024-09-25,20,0.0076784989796578,0.000171328545548,TCN,DL
2024-09-25,20,0.0076784989796578,-0.0021549817174673,TFT,DL
2024-09-25,20,0.0076784989796578,-0.0004612508928403,Transformer,DL
2024-09-25,20,0.0076784988641558,0.0046679358929395,XGBoost,ML
2024-09-26,20,0.0074970964342355,0.0009732036851346,CNN_LSTM,DL
2024-09-26,20,0.0074970964342355,0.0039547607302665,LSTM,DL
2024-09-26,20,0.0074970963842113,0.001190165786298,LightGBM,ML
2024-09-26,20,0.0074970963842113,0.0064080012054758,RandomForest,ML
2024-09-26,20,0.0074970964342355,0.0004643187276087,TCN,DL
2024-09-26,20,0.0074970964342355,-0.0021433299407362,TFT,DL
2024-09-26,20,0.0074970964342355,-0.0002726763486862,Transformer,DL
2024-09-26,20,0.0074970963842113,0.0050549553707242,XGBoost,ML
2024-09-27,20,0.0115890251472592,0.0005260010366328,CNN_LSTM,DL
2024-09-27,20,0.0115890251472592,3.3332034945487976e-06,LSTM,DL
2024-09-27,20,0.0115890253168737,0.001190165786298,LightGBM,ML
2024-09-27,20,0.0115890253168737,0.0052466955219518,RandomForest,ML
2024-09-27,20,0.0115890251472592,0.000533121463377,TCN,DL
2024-09-27,20,0.0115890251472592,-0.0021412572823464,TFT,DL
2024-09-27,20,0.0115890251472592,-0.0009668341372162,Transformer,DL
2024-09-27,20,0.0115890253168737,0.0062871691770851,XGBoost,ML
2024-09-30,20,0.0068735517561435,0.0002176484558731,CNN_LSTM,DL
2024-09-30,20,0.0068735517561435,-0.0023450069129467,LSTM,DL
2024-09-30,20,0.0068735516352298,0.001190165786298,LightGBM,ML
2024-09-30,20,0.0068735516352298,0.0003581617467279,RandomForest,ML
2024-09-30,20,0.0068735517561435,0.0004300329601392,TCN,DL
2024-09-30,20,0.0068735517561435,-0.0021571565885096,TFT,DL
2024-09-30,20,0.0068735517561435,0.0011077420786023,Transformer,DL
2024-09-30,20,0.0068735516352298,0.0009586685919202,XGBoost,ML
2024-10-01,21,-0.0067669334821403,0.0040217726491391,CNN_LSTM,DL
2024-10-01,21,-0.0067669334821403,-0.0027140188030898,LSTM,DL
2024-10-01,21,-0.0067669334512784,-0.0008918235124621,LightGBM,ML
2024-10-01,21,-0.0067669334512784,0.0001740682158525,RandomForest,ML
2024-10-01,21,-0.0067669334821403,-0.0005470969481393,TCN,DL
2024-10-01,21,-0.0067669334821403,0.0023344154469668,TFT,DL
2024-10-01,21,-0.0067669334821403,0.0002469962346367,Transformer,DL
2024-10-01,21,-0.0067669334512784,0.0013824109919369,XGBoost,ML
2024-10-02,21,0.0,0.0039436849765479,CNN_LSTM,DL
2024-10-02,21,0.0,-0.0026631252840161,LSTM,DL
2024-10-02,21,0.0,-0.0019012810029814,LightGBM,ML
2024-10-02,21,0.0,0.0001618608957663,RandomForest,ML
2024-10-02,21,0.0,-0.0004358536098152,TCN,DL
2024-10-02,21,0.0,0.0023482860997319,TFT,DL
2024-10-02,21,0.0,2.1368672605603933e-05,Transformer,DL
2024-10-02,21,0.0,0.0004045638488605,XGBoost,ML
2024-10-03,21,0.0072349510155618,0.0038973914925009,CNN_LSTM,DL
2024-10-03,21,0.0072349510155618,-0.0023251045495271,LSTM,DL
2024-10-03,21,0.007234950787337,-0.0007414102818843,LightGBM,ML
2024-10-03,21,0.007234950787337,-0.0018613046474323,RandomForest,ML
2024-10-03,21,0.0072349510155618,-0.0006111833499744,TCN,DL
2024-10-03,21,0.0072349510155618,0.0023541497066617,TFT,DL
2024-10-03,21,0.0072349510155618,0.0011487072333693,Transformer,DL
2024-10-03,21,0.007234950787337,8.498961688019335e-05,XGBoost,ML
2024-10-04,21,-0.0244223792105913,0.0039150607772171,CNN_LSTM,DL
2024-10-04,21,-0.0244223792105913,-0.0020318136084824,LSTM,DL
2024-10-04,21,-0.0244223783780905,-0.0080703867457102,LightGBM,ML
2024-10-04,21,-0.0244223783780905,-0.004312021753728,RandomForest,ML
2024-10-04,21,-0.0244223792105913,-0.0005854946793988,TCN,DL
2024-10-04,21,-0.0244223792105913,0.0023385123349726,TFT,DL
2024-10-04,21,-0.0244223792105913,0.0009128364617936,Transformer,DL
2024-10-04,21,-0.0244223783780905,-0.0016323922900483,XGBoost,ML
2024-10-07,21,0.0085901208221912,0.0038262940943241,CNN_LSTM,DL
2024-10-07,21,0.0085901208221912,-0.0019799929577857,LSTM,DL
2024-10-07,21,0.0085901207542,-0.0053457028099743,LightGBM,ML
2024-10-07,21,0.0085901207542,-0.005742395202533,RandomForest,ML
2024-10-07,21,0.0085901208221912,-0.0006393382791429,TCN,DL
2024-10-07,21,0.0085901208221912,0.0023419356439262,TFT,DL
2024-10-07,21,0.0085901208221912,0.0013920695055276,Transformer,DL
2024-10-07,21,0.0085901207542,-0.0033179908059537,XGBoost,ML
2024-10-08,21,-0.0153304142877459,0.0039530899375677,CNN_LSTM,DL
2024-10-08,21,-0.0153304142877459,-0.0016299954149872,LSTM,DL
2024-10-08,21,-0.0153304143295464,0.0021474645395137,LightGBM,ML
2024-10-08,21,-0.0153304143295464,-0.0003438318698293,RandomForest,ML
2024-10-08,21,-0.0153304142877459,-7.903337245807052e-05,TCN,DL
2024-10-08,21,-0.0153304142877459,0.0023408136330544,TFT,DL
2024-10-08,21,-0.0153304142877459,0.0014298489550128,Transformer,DL
2024-10-08,21,-0.0153304143295464,-0.0001558845688123,XGBoost,ML
2024-10-09,21,0.0013592721661552,0.0041743023321032,CNN_LSTM,DL
2024-10-09,21,0.0013592721661552,-0.0016167280264198,LSTM,DL
2024-10-09,21,0.0013592721290089,0.0025268253255333,LightGBM,ML
2024-10-09,21,0.0013592721290089,-0.0018864011588116,RandomForest,ML
2024-10-09,21,0.0013592721661552,-0.0003854051465168,TCN,DL
2024-10-09,21,0.0013592721661552,0.0023168190382421,TFT,DL
2024-10-09,21,0.0013592721661552,0.0012085372582077,Transformer,DL
2024-10-09,21,0.0013592721290089,-0.0003135739534627,XGBoost,ML
2024-10-10,21,0.0071570067666471,0.0042956913821399,CNN_LSTM,DL
2024-10-10,21,0.0071570067666471,-0.0018249889835715,LSTM,DL
2024-10-10,21,0.0071570069765654,0.0073609495292477,LightGBM,ML
2024-10-10,21,0.0071570069765654,0.0021679635533886,RandomForest,ML
2024-10-10,21,0.0071570067666471,-0.0002147136838175,TCN,DL
2024-10-10,21,0.0071570067666471,0.0023249899968504,TFT,DL
2024-10-10,21,0.0071570067666471,0.0027923020534217,Transformer,DL
2024-10-10,21,0.0071570069765654,0.0036298786289989,XGBoost,ML
2024-10-11,21,0.0105366669595241,0.0044981874525547,CNN_LSTM,DL
2024-10-11,21,0.0105366669595241,-0.0019742141012102,LSTM,DL
2024-10-11,21,0.0105366669037292,-0.0088495425887987,LightGBM,ML
2024-10-11,21,0.0105366669037292,-0.004706169591237,RandomForest,ML
2024-10-11,21,0.0105366669595241,-0.0002874021884053,TCN,DL
2024-10-11,21,0.0105366669595241,0.0023135761730372,TFT,DL
2024-10-11,21,0.0105366669595241,0.0030903774313628,Transformer,DL
2024-10-11,21,0.0105366669037292,-0.0023264377377927,XGBoost,ML
2024-10-14,21,0.0030309630092233,0.0044356770813465,CNN_LSTM,DL
2024-10-14,21,0.0030309630092233,-0.0020603346638381,LSTM,DL
2024-10-14,21,0.0030309631075395,-0.0045599998626469,LightGBM,ML
2024-10-14,21,0.0030309631075395,-0.0019676226502851,RandomForest,ML
2024-10-14,21,0.0030309630092233,-0.000315748155117,TCN,DL
2024-10-14,21,0.0030309630092233,0.0023110439069569,TFT,DL
2024-10-14,21,0.0030309630092233,0.00149657134898,Transformer,DL
2024-10-14,21,0.0030309631075395,-0.0006797546520829,XGBoost,ML
2024-10-15,21,-0.0018131566466763,0.0042042657732963,CNN_LSTM,DL
2024-10-15,21,-0.0018131566466763,-0.0022520995698869,LSTM,DL
2024-10-15,21,-0.0018131566285741,-0.0041715182128195,LightGBM,ML
2024-10-15,21,-0.0018131566285741,-0.0015767461432506,RandomForest,ML
2024-10-15,21,-0.0018131566466763,-0.000547906034626,TCN,DL
2024-10-15,21,-0.0018131566466763,0.0023218758869916,TFT,DL
2024-10-15,21,-0.0018131566466763,0.0009354697540402,Transformer,DL
2024-10-15,21,-0.0018131566285741,-0.0021752566099166,XGBoost,ML
2024-10-16,21,-0.0135021060705184,0.0041589429602026,CNN_LSTM,DL
2024-10-16,21,-0.0135021060705184,-0.002081188140437,LSTM,DL
2024-10-16,21,-0.0135021060217429,0.0018151911104202,LightGBM,ML
2024-10-16,21,-0.0135021060217429,0.001018494848533,RandomForest,ML
2024-10-16,21,-0.0135021060705184,-0.0002310165436938,TCN,DL
2024-10-16,21,-0.0135021060705184,0.0023162574507296,TFT,DL
2024-10-16,21,-0.0135021060705184,0.0012652254663407,Transformer,DL
2024-10-16,21,-0.0135021060217429,0.002512734150514,XGBoost,ML
2024-10-17,21,0.0030075449030846,0.0039945850148797,CNN_LSTM,DL
2024-10-17,21,0.0030075449030846,-0.0018543419428169,LSTM,DL
2024-10-17,21,0.0030075448411457,-0.0104611421932787,LightGBM,ML
2024-10-17,21,0.0030075448411457,-0.0043980400245649,RandomForest,ML
2024-10-17,21,0.0030075449030846,-0.0004986220737919,TCN,DL
2024-10-17,21,0.0030075449030846,0.0023184064775705,TFT,DL
2024-10-17,21,0.0030075449030846,0.0010426166700199,Transformer,DL
2024-10-17,21,0.0030075448411457,-0.0008763161604292,XGBoost,ML
2024-10-18,21,0.0039776088669896,0.0040314635261893,CNN_LSTM,DL
2024-10-18,21,0.0039776088669896,-0.0011811340227723,LSTM,DL
2024-10-18,21,0.0039776086487297,-0.0027107791183062,LightGBM,ML
2024-10-18,21,0.0039776086487297,-0.0035125742133717,RandomForest,ML
2024-10-18,21,0.0039776088669896,-0.0003405150491744,TCN,DL
2024-10-18,21,0.0039776088669896,0.0023208321072161,TFT,DL
2024-10-18,21,0.0039776088669896,0.0022619739174842,Transformer,DL
2024-10-18,21,0.0039776086487297,0.000541697954759,XGBoost,ML
2024-10-21,21,0.0065214191563427,0.0041607338935136,CNN_LSTM,DL
2024-10-21,21,0.0065214191563427,-0.0008424882544204,LSTM,DL
2024-10-21,21,0.0065214190872648,-0.005926674467925,LightGBM,ML
2024-10-21,21,0.0065214190872648,-0.0038151173511969,RandomForest,ML
2024-10-21,21,0.0065214191563427,-0.0005801478400826,TCN,DL
2024-10-21,21,0.0065214191563427,0.0022968929260969,TFT,DL
2024-10-21,21,0.0065214191563427,0.0026402282528579,Transformer,DL
2024-10-21,21,0.0065214190872648,-0.0008005786221474,XGBoost,ML
2024-10-22,21,-0.0142908841371536,0.00416711717844,CNN_LSTM,DL
2024-10-22,21,-0.0142908841371536,-0.0005244008498266,LSTM,DL
2024-10-22,21,-0.0142908843409296,-0.0014316657418502,LightGBM,ML
2024-10-22,21,-0.0142908843409296,-0.0014637852212792,RandomForest,ML
2024-10-22,21,-0.0142908841371536,-0.0004545419942587,TCN,DL
2024-10-22,21,-0.0142908841371536,0.0022962591610848,TFT,DL
2024-10-22,21,-0.0142908841371536,0.0014016444329172,Transformer,DL
2024-10-22,21,-0.0142908843409296,0.0006382145220413,XGBoost,ML
2024-10-23,21,-0.0003685639821924,0.0040936134755611,CNN_LSTM,DL
2024-10-23,21,-0.0003685639821924,-0.0007243108702823,LSTM,DL
2024-10-23,21,-0.0003685639797673,-0.0013614803023186,LightGBM,ML
2024-10-23,21,-0.0003685639797673,-0.0031470640596282,RandomForest,ML
2024-10-23,21,-0.0003685639821924,-0.0004548770375549,TCN,DL
2024-10-23,21,-0.0003685639821924,0.0022890930995345,TFT,DL
2024-10-23,21,-0.0003685639821924,0.0023819764610379,Transformer,DL
2024-10-23,21,-0.0003685639797673,0.0024819627869874,XGBoost,ML
2024-10-24,21,0.015671158209443,0.0040430342778563,CNN_LSTM,DL
2024-10-24,21,0.015671158209443,-0.0005669333040714,LSTM,DL
2024-10-24,21,0.0156711581699819,-0.0001361078836759,LightGBM,ML
2024-10-24,21,0.0156711581699819,-1.254923080180426e-05,RandomForest,ML
2024-10-24,21,0.015671158209443,-0.000225284951739,TCN,DL
2024-10-24,21,0.015671158209443,0.002289600437507,TFT,DL
2024-10-24,21,0.015671158209443,0.0019425821956247,Transformer,DL
2024-10-24,21,0.0156711581699819,0.0012409150367602,XGBoost,ML
2024-10-25,21,0.0087735094130039,0.0040529640391469,CNN_LSTM,DL
2024-10-25,21,0.0087735094130039,-0.0011448703007772,LSTM,DL
2024-10-25,21,0.0087735097685888,0.0014355587783164,LightGBM,ML
2024-10-25,21,0.0087735097685888,-8.642625208880408e-05,RandomForest,ML
2024-10-25,21,0.0087735094130039,-0.0004050574498251,TCN,DL
2024-10-25,21,0.0087735094130039,0.0022924777586013,TFT,DL
2024-10-25,21,0.0087735094130039,0.0044021285139024,Transformer,DL
2024-10-25,21,0.0087735097685888,0.0020130320917814,XGBoost,ML
2024-10-28,21,0.0177540797740221,0.0042001409456133,CNN_LSTM,DL
2024-10-28,21,0.0177540797740221,-0.0017656770069152,LSTM,DL
2024-10-28,21,0.0177540794248667,-0.0004279692763891,LightGBM,ML
2024-10-28,21,0.0177540794248667,0.000293533879026,RandomForest,ML
2024-10-28,21,0.0177540797740221,-0.0004563943948596,TCN,DL
2024-10-28,21,0.0177540797740221,0.0022905808873474,TFT,DL
2024-10-28,21,0.0177540797740221,0.0027581092435866,Transformer,DL
2024-10-28,21,0.0177540794248667,0.0010948769049718,XGBoost,ML
2024-10-29,21,0.0281708799302577,0.0041483882814645,CNN_LSTM,DL
2024-10-29,21,0.0281708799302577,-0.0024060623254626,LSTM,DL
2024-10-29,21,0.0281708790198196,-0.0009853155577946,LightGBM,ML
2024-10-29,21,0.0281708790198196,-0.0018969852732939,RandomForest,ML
2024-10-29,21,0.0281708799302577,-0.0002360313665121,TCN,DL
2024-10-29,21,0.0281708799302577,0.0022969015408307,TFT,DL
2024-10-29,21,0.0281708799302577,0.0022479605395346,Transformer,DL
2024-10-29,21,0.0281708790198196,0.0002213197294622,XGBoost,ML
2024-10-30,21,-0.0192021280527114,0.0041580228134989,CNN_LSTM,DL
2024-10-30,21,-0.0192021280527114,-0.002481639618054,LSTM,DL
2024-10-30,21,-0.0192021287350219,-0.004659650133521,LightGBM,ML
2024-10-30,21,-0.0192021287350219,-0.0022719234082561,RandomForest,ML
2024-10-30,21,-0.0192021280527114,-0.000188743288163,TCN,DL
2024-10-30,21,-0.0192021280527114,0.0023016510531306,TFT,DL
2024-10-30,21,-0.0192021280527114,0.0022824644111096,Transformer,DL
2024-10-30,21,-0.0192021287350219,0.0002848089206963,XGBoost,ML
2024-10-31,21,0.0010518644703552,0.004136717878282,CNN_LSTM,DL
2024-10-31,21,0.0010518644703552,-0.0021470235660672,LSTM,DL
2024-10-31,21,0.0010518644647183,0.0053858898041273,LightGBM,ML
2024-10-31,21,0.0010518644647183,0.0033288355676133,RandomForest,ML
2024-10-31,21,0.0010518644703552,-0.0005146926268935,TCN,DL
2024-10-31,21,0.0010518644703552,0.0023135524243116,TFT,DL
2024-10-31,21,0.0010518644703552,0.002426037332043,Transformer,DL
2024-10-31,21,0.0010518644647183,0.0032337617594748,XGBoost,ML
2024-11-01,22,-0.0119679644703865,-8.206185884773731e-05,CNN_LSTM,DL
2024-11-01,22,-0.0119679644703865,0.0002300935448147,LSTM,DL
2024-11-01,22,-0.0119679647368934,0.0024583325772071,LightGBM,ML
2024-11-01,22,-0.0119679647368934,0.0024450535186719,RandomForest,ML
2024-11-01,22,-0.0119679644703865,0.0004970640293322,TCN,DL
2024-11-01,22,-0.0119679644703865,0.0010103401727974,TFT,DL
2024-11-01,22,-0.0119679644703865,0.0040154159069061,Transformer,DL
2024-11-01,22,-0.0119679647368934,0.0009742220863699,XGBoost,ML
2024-11-04,22,0.0029544930439442,0.0014476801734417,CNN_LSTM,DL
2024-11-04,22,0.0029544930439442,0.0027253916487097,LSTM,DL
2024-11-04,22,0.0029544929787748,0.002202181557293,LightGBM,ML
2024-11-04,22,0.0029544929787748,0.0069176476421987,RandomForest,ML
2024-11-04,22,0.0029544930439442,0.0004248828045092,TCN,DL
2024-11-04,22,0.0029544930439442,0.0010023908689618,TFT,DL
2024-11-04,22,0.0029544930439442,0.0033650742843747,Transformer,DL
2024-11-04,22,0.0029544929787748,0.0016667027957737,XGBoost,ML
2024-11-05,22,0.0398843511939048,0.0013894797302782,CNN_LSTM,DL
2024-11-05,22,0.0398843511939048,0.0025780994910746,LSTM,DL
2024-11-05,22,0.0398843512829778,0.0022122654886376,LightGBM,ML
2024-11-05,22,0.0398843512829778,0.0036297559971463,RandomForest,ML
2024-11-05,22,0.0398843511939048,0.0002999859279952,TCN,DL
2024-11-05,22,0.0398843511939048,0.0010101142106577,TFT,DL
2024-11-05,22,0.0398843511939048,0.0050991917960345,Transformer,DL
2024-11-05,22,0.0398843512829778,0.000974893104285,XGBoost,ML
2024-11-06,22,0.0240214113146066,0.0023390837013721,CNN_LSTM,DL
2024-11-06,22,0.0240214113146066,0.0017318865284323,LSTM,DL
2024-11-06,22,0.0240214119887673,0.0007991082766453,LightGBM,ML
2024-11-06,22,0.0240214119887673,-0.0015106633934073,RandomForest,ML
2024-11-06,22,0.0240214113146066,0.0005162768065929,TCN,DL
2024-11-06,22,0.0240214113146066,0.0010099787032231,TFT,DL
2024-11-06,22,0.0240214113146066,0.0045798923820257,Transformer,DL
2024-11-06,22,0.0240214119887673,0.0008263651980087,XGBoost,ML
2024-11-07,22,-0.0132779702544212,0.0052740857936441,CNN_LSTM,DL
2024-11-07,22,-0.0132779702544212,0.0014451743336394,LSTM,DL
2024-11-07,22,-0.0132779700647713,0.0015661861957637,LightGBM,ML
2024-11-07,22,-0.0132779700647713,0.0002433146948799,RandomForest,ML
2024-11-07,22,-0.0132779702544212,0.0010118852369487,TCN,DL
2024-11-07,22,-0.0132779702544212,0.0010138500947505,TFT,DL
2024-11-07,22,-0.0132779702544212,0.0046014594845473,Transformer,DL
2024-11-07,22,-0.0132779700647713,0.0017298040911555,XGBoost,ML
2024-11-08,22,0.0112138865515589,0.0021446058526635,CNN_LSTM,DL
2024-11-08,22,0.0112138865515589,-0.0010864074574783,LSTM,DL
2024-11-08,22,0.0112138868490432,0.0033372654226517,LightGBM,ML
2024-11-08,22,0.0112138868490432,0.0039178635902604,RandomForest,ML
2024-11-08,22,0.0112138865515589,0.0008041567634791,TCN,DL
2024-11-08,22,0.0112138865515589,0.0010077226907014,TFT,DL
2024-11-08,22,0.0112138865515589,0.0010853388812392,Transformer,DL
2024-11-08,22,0.0112138868490432,0.0010373233817517,XGBoost,ML
2024-11-11,22,0.0070417677052319,0.0030847094021737,CNN_LSTM,DL
2024-11-11,22,0.0070417677052319,0.0015230954159051,LSTM,DL
2024-11-11,22,0.0070417678621403,0.0012927077493267,LightGBM,ML
2024-11-11,22,0.0070417678621403,8.859767560879046e-05,RandomForest,ML
2024-11-11,22,0.0070417677052319,0.0007995046908035,TCN,DL
2024-11-11,22,0.0070417677052319,0.0010044880909845,TFT,DL
2024-11-11,22,0.0070417677052319,0.0024805080611258,Transformer,DL
2024-11-11,22,0.0070417678621403,0.0010373233817517,XGBoost,ML
2024-11-12,22,-0.0150864152237772,0.0051013547927141,CNN_LSTM,DL
2024-11-12,22,-0.0150864152237772,0.0020933649502694,LSTM,DL
2024-11-12,22,-0.0150864152683511,0.000359614075393,LightGBM,ML
2024-11-12,22,-0.0150864152683511,-0.0036539919686021,RandomForest,ML
2024-11-12,22,-0.0150864152237772,0.0007159971282817,TCN,DL
2024-11-12,22,-0.0150864152237772,0.0009977912995964,TFT,DL
2024-11-12,22,-0.0150864152237772,0.0010016008745878,Transformer,DL
2024-11-12,22,-0.0150864152683511,0.000682259502355,XGBoost,ML
2024-11-13,22,-0.0184480808675289,0.0056659490801393,CNN_LSTM,DL
2024-11-13,22,-0.0184480808675289,-0.0001661765854805,LSTM,DL
2024-11-13,22,-0.0184480800632511,0.0027260547336446,LightGBM,ML
2024-11-13,22,-0.0184480800632511,0.0052775266518905,RandomForest,ML
2024-11-13,22,-0.0184480808675289,0.0005680952453985,TCN,DL
2024-11-13,22,-0.0184480808675289,0.000997703638859,TFT,DL
2024-11-13,22,-0.0184480808675289,0.0008694571442902,Transformer,DL
2024-11-13,22,-0.0184480800632511,0.0010373233817517,XGBoost,ML
2024-11-14,22,-0.0175987873226404,0.0057248240336775,CNN_LSTM,DL
2024-11-14,22,-0.0175987873226404,-0.0006522280164062,LSTM,DL
2024-11-14,22,-0.0175987876458668,0.0011645005245437,LightGBM,ML
2024-11-14,22,-0.0175987876458668,-0.0006806875666719,RandomForest,ML
2024-11-14,22,-0.0175987873226404,0.0004888622788712,TCN,DL
2024-11-14,22,-0.0175987873226404,0.0009945872006937,TFT,DL
2024-11-14,22,-0.0175987873226404,0.0041823396459221,Transformer,DL
2024-11-14,22,-0.0175987876458668,0.0008263651980087,XGBoost,ML
2024-11-15,22,0.016290821135044,0.0051860976964235,CNN_LSTM,DL
2024-11-15,22,0.016290821135044,-0.0027741445228457,LSTM,DL
2024-11-15,22,0.0162908214093764,0.0025129125162155,LightGBM,ML
2024-11-15,22,0.0162908214093764,0.0015336532410768,RandomForest,ML
2024-11-15,22,0.016290821135044,0.0006557808956131,TCN,DL
2024-11-15,22,0.016290821135044,0.0010016957530751,TFT,DL
2024-11-15,22,0.016290821135044,0.0034207035787403,Transformer,DL
2024-11-15,22,0.0162908214093764,0.0010373233817517,XGBoost,ML
2024-11-18,22,0.0160865504294633,0.0036119441501796,CNN_LSTM,DL
2024-11-18,22,0.0160865504294633,-0.0039473744109272,LSTM,DL
2024-11-18,22,0.0160865498690656,0.0026163434428908,LightGBM,ML
2024-11-18,22,0.0160865498690656,0.0012060653476576,RandomForest,ML
2024-11-18,22,0.0160865504294633,0.000513975508511,TCN,DL
2024-11-18,22,0.0160865504294633,0.0010082360822707,TFT,DL
2024-11-18,22,0.0160865504294633,0.0040301424451172,Transformer,DL
2024-11-18,22,0.0160865498690656,0.0010373233817517,XGBoost,ML
2024-11-19,22,-0.0120142884552478,0.0056902598589658,CNN_LSTM,DL
2024-11-19,22,-0.0120142884552478,-0.0043675494380295,LSTM,DL
2024-11-19,22,-0.0120142880992517,0.0004574869629017,LightGBM,ML
2024-11-19,22,-0.0120142880992517,0.0002856766708225,RandomForest,ML
2024-11-19,22,-0.0120142884552478,0.0005754942540079,TCN,DL
2024-11-19,22,-0.0120142884552478,0.0010130165610462,TFT,DL
2024-11-19,22,-0.0120142884552478,0.0039405175484716,Transformer,DL
2024-11-19,22,-0.0120142880992517,0.0002603782631922,XGBoost,ML
2024-11-20,22,-0.047448419034481,0.0024676551111042,CNN_LSTM,DL
2024-11-20,22,-0.047448419034481,-0.0091483769938349,LSTM,DL
2024-11-20,22,-0.0474484182059562,0.0020652267371764,LightGBM,ML
2024-11-20,22,-0.0474484182059562,0.0043952948763604,RandomForest,ML
2024-11-20,22,-0.047448419034481,0.0004997796495445,TCN,DL
2024-11-20,22,-0.047448419034481,0.0010111262090504,TFT,DL
2024-11-20,22,-0.047448419034481,0.0033865310251712,Transformer,DL
2024-11-20,22,-0.0474484182059562,0.0014159573474898,XGBoost,ML
2024-11-21,22,-0.0171213038265705,0.0010031944839283,CNN_LSTM,DL
2024-11-21,22,-0.0171213038265705,-0.0084040686488151,LSTM,DL
2024-11-21,22,-0.0171213047041114,0.0018960077804361,LightGBM,ML
2024-11-21,22,-0.0171213047041114,0.0062051714620778,RandomForest,ML
2024-11-21,22,-0.0171213038265705,0.0005694407736882,TCN,DL
2024-11-21,22,-0.0171213038265705,0.001005993806757,TFT,DL
2024-11-21,22,-0.0171213038265705,0.0021608578972518,Transformer,DL
2024-11-21,22,-0.0171213047041114,0.0014159573474898,XGBoost,ML
2024-11-22,22,0.0175407417118549,0.006865732371807,CNN_LSTM,DL
2024-11-22,22,0.0175407417118549,-0.0042535592801868,LSTM,DL
2024-11-22,22,0.0175407422355606,0.0012602921256924,LightGBM,ML
2024-11-22,22,0.0175407422355606,0.0020935030075956,RandomForest,ML
2024-11-22,22,0.0175407417118549,0.000735078996513,TCN,DL
2024-11-22,22,0.0175407417118549,0.0010112043237313,TFT,DL
2024-11-22,22,0.0175407417118549,0.0040244795382022,Transformer,DL
2024-11-22,22,0.0175407422355606,0.0010373233817517,XGBoost,ML
2024-11-25,22,0.0087682455778121,0.0127978976815938,CNN_LSTM,DL
2024-11-25,22,0.0087682455778121,0.0078397495672106,LSTM,DL
2024-11-25,22,0.0087682458724012,0.0010054390241959,LightGBM,ML
2024-11-25,22,0.0087682458724012,0.0039581905075853,RandomForest,ML
2024-11-25,22,0.0087682455778121,0.0016614864580333,TCN,DL
2024-11-25,22,0.0087682455778121,0.0010222574928775,TFT,DL
2024-11-25,22,0.0087682455778121,0.0059983357787132,Transformer,DL
2024-11-25,22,0.0087682458724012,0.0010373233817517,XGBoost,ML
2024-11-26,22,0.0006504605407826,0.0122839687392115,CNN_LSTM,DL
2024-11-26,22,0.0006504605407826,0.0038389922119677,LSTM,DL
2024-11-26,22,0.0006504605592654,0.0014638944165977,LightGBM,ML
2024-11-26,22,0.0006504605592654,0.0047995627969558,RandomForest,ML
2024-11-26,22,0.0006504605407826,0.0009773417841643,TCN,DL
2024-11-26,22,0.0006504605407826,0.0010272720828652,TFT,DL
2024-11-26,22,0.0006504605407826,0.0022095057647675,Transformer,DL
2024-11-26,22,0.0006504605592654,0.0014596703695133,XGBoost,ML
2024-11-27,22,-0.001654592109844,-0.0033447328023612,CNN_LSTM,DL
2024-11-27,22,-0.001654592109844,-0.0079673873260617,LSTM,DL
2024-11-27,22,-0.0016545920775326,-0.000417227604968,LightGBM,ML
2024-11-27,22,-0.0016545920775326,-0.0053527063159555,RandomForest,ML
2024-11-27,22,-0.001654592109844,0.0010803908808156,TCN,DL
2024-11-27,22,-0.001654592109844,0.0010314011014997,TFT,DL
2024-11-27,22,-0.001654592109844,0.0044172802008688,Transformer,DL
2024-11-27,22,-0.0016545920775326,0.0010373233817517,XGBoost,ML
2024-11-29,22,0.015034195035696,-0.0201974157243967,CNN_LSTM,DL
2024-11-29,22,0.015034195035696,-0.0182689353823661,LSTM,DL
2024-11-29,22,0.0150341951144856,-0.0002518118762582,LightGBM,ML
2024-11-29,22,0.0150341951144856,-0.0046256272526584,RandomForest,ML
2024-11-29,22,0.015034195035696,0.0008109270129352,TCN,DL
2024-11-29,22,0.015034195035696,0.0010295094689354,TFT,DL
2024-11-29,22,0.015034195035696,0.0034125568345189,Transformer,DL
2024-11-29,22,0.0150341951144856,0.0008263651980087,XGBoost,ML
2024-12-02,23,-0.0008747901883907,-0.0055463053286075,CNN_LSTM,DL
2024-12-02,23,-0.0008747901883907,-0.0054831700399518,LSTM,DL
2024-12-02,23,-0.0008747901782401,0.0013491005379436,LightGBM,ML
2024-12-02,23,-0.0008747901782401,-0.0054751503384907,RandomForest,ML
2024-12-02,23,-0.0008747901883907,-0.0001740739680826,TCN,DL
2024-12-02,23,-0.0008747901883907,-0.0002902292180806,TFT,DL
2024-12-02,23,-0.0008747901883907,-0.0095774307847023,Transformer,DL
2024-12-02,23,-0.0008747901782401,0.0013491004938259,XGBoost,ML
2024-12-03,23,0.0176842287182807,-0.0046457229182124,CNN_LSTM,DL
2024-12-03,23,0.0176842287182807,-0.0054944558069109,LSTM,DL
2024-12-03,23,0.0176842283900007,0.0013491005379436,LightGBM,ML
2024-12-03,23,0.0176842283900007,0.000948532444745,RandomForest,ML
2024-12-03,23,0.0176842287182807,2.2946158424019817e-05,TCN,DL
2024-12-03,23,0.0176842287182807,-0.0003195044118911,TFT,DL
2024-12-03,23,0.0176842287182807,-0.0119610987603664,Transformer,DL
2024-12-03,23,0.0176842283900007,0.0013491004938259,XGBoost,ML
2024-12-04,23,-0.0099214576184749,-0.0014811507426202,CNN_LSTM,DL
2024-12-04,23,-0.0099214576184749,-0.0042979940772056,LSTM,DL
2024-12-04,23,-0.0099214575464239,0.0013491005379436,LightGBM,ML
2024-12-04,23,-0.0099214575464239,0.0005276241143525,RandomForest,ML
2024-12-04,23,-0.0099214576184749,0.0001533852191641,TCN,DL
2024-12-04,23,-0.0099214576184749,-0.0003556230803951,TFT,DL
2024-12-04,23,-0.0099214576184749,-0.005853159353137,Transformer,DL
2024-12-04,23,-0.0099214575464239,0.0012326000723987,XGBoost,ML
2024-12-05,23,0.0119902146980166,0.0005472878110595,CNN_LSTM,DL
2024-12-05,23,0.0119902146980166,-0.0029405688401311,LSTM,DL
2024-12-05,23,0.0119902148831279,0.0015816762672786,LightGBM,ML
2024-12-05,23,0.0119902148831279,0.0044845227437109,RandomForest,ML
2024-12-05,23,0.0119902146980166,-0.000137337250635,TCN,DL
2024-12-05,23,0.0119902146980166,-0.0003512927796691,TFT,DL
2024-12-05,23,0.0119902146980166,-0.0056037604808807,Transformer,DL
2024-12-05,23,0.0119902148831279,0.0017518512904644,XGBoost,ML
2024-12-06,23,0.0049280766397714,0.0020556198433041,CNN_LSTM,DL
2024-12-06,23,0.0049280766397714,-0.0008496213704347,LSTM,DL
2024-12-06,23,0.0049280767298589,0.0009893837381059,LightGBM,ML
2024-12-06,23,0.0049280767298589,-0.0058190399509764,RandomForest,ML
2024-12-06,23,0.0049280766397714,-0.0001191033516079,TCN,DL
2024-12-06,23,0.0049280766397714,-0.0003158813342452,TFT,DL
2024-12-06,23,0.0049280766397714,-0.0029636214021593,Transformer,DL
2024-12-06,23,0.0049280767298589,0.0013491004938259,XGBoost,ML
2024-12-09,23,0.0558819137513637,0.0038262950256466,CNN_LSTM,DL
2024-12-09,23,0.0558819137513637,0.0015250983415171,LSTM,DL
2024-12-09,23,0.0558819141364608,0.0009893837381059,LightGBM,ML
2024-12-09,23,0.0558819141364608,-0.0018231881720143,RandomForest,ML
2024-12-09,23,0.0558819137513637,-8.351006545126438e-05,TCN,DL
2024-12-09,23,0.0558819137513637,-0.0003358029061928,TFT,DL
2024-12-09,23,0.0558819137513637,-0.005728623829782,Transformer,DL
2024-12-09,23,0.0558819141364608,0.000641587364953,XGBoost,ML
2024-12-10,23,0.0552463792264461,0.0030256970785558,CNN_LSTM,DL
2024-12-10,23,0.0552463792264461,0.0025910078547894,LSTM,DL
2024-12-10,23,0.0552463773870859,0.0013491005379436,LightGBM,ML
2024-12-10,23,0.0552463773870859,0.0038433939434196,RandomForest,ML
2024-12-10,23,0.0552463792264461,6.874813698232174e-05,TCN,DL
2024-12-10,23,0.0552463792264461,-0.0003012530505657,TFT,DL
2024-12-10,23,0.0552463792264461,-0.0042564524337649,Transformer,DL
2024-12-10,23,0.0552463773870859,0.0012326000723987,XGBoost,ML
2024-12-11,23,-0.0176047310233116,0.0010957547929137,CNN_LSTM,DL
2024-12-11,23,-0.0176047310233116,0.0023776548914611,LSTM,DL
2024-12-11,23,-0.0176047305942029,0.0015816762672786,LightGBM,ML
2024-12-11,23,-0.0176047305942029,-2.9822470539705673e-05,RandomForest,ML
2024-12-11,23,-0.0176047310233116,-0.0001691629877313,TCN,DL
2024-12-11,23,-0.0176047310233116,-0.0002527928445488,TFT,DL
2024-12-11,23,-0.0176047310233116,-0.0010322532616555,Transformer,DL
2024-12-11,23,-0.0176047305942029,0.0013491004938259,XGBoost,ML
2024-12-12,23,-0.0111482413485646,-3.515183925628662e-05,CNN_LSTM,DL
2024-12-12,23,-0.0111482413485646,0.0017643554601818,LSTM,DL
2024-12-12,23,-0.0111482415031776,0.0015816762672786,LightGBM,ML
2024-12-12,23,-0.0111482415031776,-0.0012000731576722,RandomForest,ML
2024-12-12,23,-0.0111482413485646,-0.0002042821142822,TCN,DL
2024-12-12,23,-0.0111482413485646,-0.0002603380708023,TFT,DL
2024-12-12,23,-0.0111482413485646,0.0006351924384944,Transformer,DL
2024-12-12,23,-0.0111482415031776,0.0013491004938259,XGBoost,ML
2024-12-13,23,0.0360341779887676,0.0005000802921131,CNN_LSTM,DL
2024-12-13,23,0.0360341779887676,0.001781401108019,LSTM,DL
2024-12-13,23,0.0360341791999085,0.0013491005379436,LightGBM,ML
2024-12-13,23,0.0360341791999085,-0.0018907004899183,RandomForest,ML
2024-12-13,23,0.0360341779887676,-0.0003714797785505,TCN,DL
2024-12-13,23,0.0360341779887676,-0.0002678678138181,TFT,DL
2024-12-13,23,0.0360341779887676,0.0017889405135065,Transformer,DL
2024-12-13,23,0.0360341791999085,0.0013491004938259,XGBoost,ML
2024-12-16,23,-0.0063054063357412,0.0045380350202322,CNN_LSTM,DL
2024-12-16,23,-0.0063054063357412,0.003215245436877,LSTM,DL
2024-12-16,23,-0.006305406179499,0.0013491005379436,LightGBM,ML
2024-12-16,23,-0.006305406179499,0.0018874529452229,RandomForest,ML
2024-12-16,23,-0.0063054063357412,-7.04232370480895e-05,TCN,DL
2024-12-16,23,-0.0063054063357412,-0.0002982442965731,TFT,DL
2024-12-16,23,-0.0063054063357412,0.0037714110221713,Transformer,DL
2024-12-16,23,-0.006305406179499,0.0012326000723987,XGBoost,ML
2024-12-17,23,-0.0359225571155548,0.0067289881408214,CNN_LSTM,DL
2024-12-17,23,-0.0359225571155548,0.0024665752425789,LSTM,DL
2024-12-17,23,-0.0359225565846481,0.0015816762672786,LightGBM,ML
2024-12-17,23,-0.0359225565846481,0.0001244656591824,RandomForest,ML
2024-12-17,23,-0.0359225571155548,7.429427932947874e-05,TCN,DL
2024-12-17,23,-0.0359225571155548,-0.0003214641474187,TFT,DL
2024-12-17,23,-0.0359225571155548,-0.0005009949672967,Transformer,DL
2024-12-17,23,-0.0359225565846481,0.0013491004938259,XGBoost,ML
2024-12-18,23,0.000583796063438,0.0072456197813153,CNN_LSTM,DL
2024-12-18,23,0.000583796063438,0.0038882037624716,LSTM,DL
2024-12-18,23,0.0005837960811669,0.0015816762672786,LightGBM,ML
2024-12-18,23,0.0005837960811669,0.0039970140550702,RandomForest,ML
2024-12-18,23,0.000583796063438,0.0006582331843674,TCN,DL
2024-12-18,23,0.000583796063438,-0.000324502470903,TFT,DL
2024-12-18,23,0.000583796063438,0.0033574299886822,Transformer,DL
2024-12-18,23,0.0005837960811669,0.0013491004938259,XGBoost,ML
2024-12-19,23,0.0153838023543357,0.006596140563488,CNN_LSTM,DL
2024-12-19,23,0.0153838023543357,0.0056977113708853,LSTM,DL
2024-12-19,23,0.015383802772551,0.0013491005379436,LightGBM,ML
2024-12-19,23,0.015383802772551,0.0015494657322921,RandomForest,ML
2024-12-19,23,0.0153838023543357,0.000613196985796,TCN,DL
2024-12-19,23,0.0153838023543357,-0.0002986073959618,TFT,DL
2024-12-19,23,0.0153838023543357,0.0041537913493812,Transformer,DL
2024-12-19,23,0.015383802772551,0.0013491004938259,XGBoost,ML
2024-12-20,23,0.0168225541710853,0.0051454571075737,CNN_LSTM,DL
2024-12-20,23,0.0168225541710853,0.0072886440902948,LSTM,DL
2024-12-20,23,0.0168225545140623,0.0015816762672786,LightGBM,ML
2024-12-20,23,0.0168225545140623,0.0028531181994522,RandomForest,ML
2024-12-20,23,0.0168225541710853,0.0001462281215935,TCN,DL
2024-12-20,23,0.0168225541710853,-0.0003058762522414,TFT,DL
2024-12-20,23,0.0168225541710853,0.0030457805842161,Transformer,DL
2024-12-20,23,0.0168225545140623,0.0013491004938259,XGBoost,ML
2024-12-23,23,0.0076041803695261,0.0034098331816494,CNN_LSTM,DL
2024-12-23,23,0.0076041803695261,0.0069866990670561,LSTM,DL
2024-12-23,23,0.0076041805795925,0.0015816762672786,LightGBM,ML
2024-12-23,23,0.0076041805795925,0.0006494194158024,RandomForest,ML
2024-12-23,23,0.0076041803695261,0.0004454246954992,TCN,DL
2024-12-23,23,0.0076041803695261,-0.0002980168210342,TFT,DL
2024-12-23,23,0.0076041803695261,0.0011490031611174,Transformer,DL
2024-12-23,23,0.0076041805795925,0.0013491004938259,XGBoost,ML
2024-12-24,23,-0.0026005837135016,0.0042373575270175,CNN_LSTM,DL
2024-12-24,23,-0.0026005837135016,0.0078248102217912,LSTM,DL
2024-12-24,23,-0.0026005836843038,0.0013491005379436,LightGBM,ML
2024-12-24,23,-0.0026005836843038,0.0054422525770123,RandomForest,ML
2024-12-24,23,-0.0026005837135016,0.0002890265313908,TCN,DL
2024-12-24,23,-0.0026005837135016,-0.0002492978237569,TFT,DL
2024-12-24,23,-0.0026005837135016,0.0026078349910676,Transformer,DL
2024-12-24,23,-0.0026005836843038,0.0016109724529087,XGBoost,ML
2024-12-26,23,-0.0145194940268993,0.002686392981559,CNN_LSTM,DL
2024-12-26,23,-0.0145194940268993,0.004063859116286,LSTM,DL
2024-12-26,23,-0.0145194944596737,0.0013491005379436,LightGBM,ML
2024-12-26,23,-0.0145194944596737,0.004821461448494,RandomForest,ML
2024-12-26,23,-0.0145194940268993,-0.0003022452583536,TCN,DL
2024-12-26,23,-0.0145194940268993,-0.0002965130843222,TFT,DL
2024-12-26,23,-0.0145194940268993,-0.001942959614098,Transformer,DL
2024-12-26,23,-0.0145194944596737,0.0016109724529087,XGBoost,ML
2024-12-27,23,-0.0078852865844964,0.0015035383403301,CNN_LSTM,DL
2024-12-27,23,-0.0078852865844964,-0.0012260999064892,LSTM,DL
2024-12-27,23,-0.0078852866577936,0.0009893837381059,LightGBM,ML
2024-12-27,23,-0.0078852866577936,-0.0022788025190019,RandomForest,ML
2024-12-27,23,-0.0078852865844964,-8.219445589929819e-05,TCN,DL
2024-12-27,23,-0.0078852865844964,-0.0003400630084797,TFT,DL
2024-12-27,23,-0.0078852865844964,-0.0040011825039982,Transformer,DL
2024-12-27,23,-0.0078852866577936,0.0013491004938259,XGBoost,ML
2024-12-30,23,-0.0101444125175476,0.0023643742315471,CNN_LSTM,DL
2024-12-30,23,-0.0101444125175476,-0.0027442404534667,LSTM,DL
2024-12-30,23,-0.0101444127991416,0.0009893837381059,LightGBM,ML
2024-12-30,23,-0.0101444127991416,-0.0040009726504611,RandomForest,ML
2024-12-30,23,-0.0101444125175476,-3.3869058825075626e-05,TCN,DL
2024-12-30,23,-0.0101444125175476,-0.0003579499898478,TFT,DL
2024-12-30,23,-0.0101444125175476,-0.0021965380292385,Transformer,DL
2024-12-30,23,-0.0101444127991416,0.0013491004938259,XGBoost,ML
2024-12-31,23,0.0006867047632113,0.0027866815216839,CNN_LSTM,DL
2024-12-31,23,0.0006867047632113,-0.002442369936034,LSTM,DL
2024-12-31,23,0.0006867047534517,0.0013491005379436,LightGBM,ML
2024-12-31,23,0.0006867047534517,0.0039494141137473,RandomForest,ML
2024-12-31,23,0.0006867047632113,0.0001327478094026,TCN,DL
2024-12-31,23,0.0006867047632113,-0.0003338793758302,TFT,DL
2024-12-31,23,0.0006867047632113,-0.0010314676910638,Transformer,DL
2024-12-31,23,0.0006867047534517,0.0012326000723987,XGBoost,ML
2025-01-02,24,0.01245838124305,0.0029165798332542,CNN_LSTM,DL
2025-01-02,24,0.01245838124305,0.0040093231946229,LSTM,DL
2025-01-02,24,0.0124583810210097,-0.0004926012038708,LightGBM,ML
2025-01-02,24,0.0124583810210097,-0.0055873816932872,RandomForest,ML
2025-01-02,24,0.01245838124305,0.0025537246838212,TCN,DL
2025-01-02,24,0.01245838124305,0.002159075345844,TFT,DL
2025-01-02,24,0.01245838124305,0.0050824219360947,Transformer,DL
2025-01-02,24,0.0124583810210097,0.0008355459431186,XGBoost,ML
2025-01-03,24,0.0264874584972858,0.0030259331688284,CNN_LSTM,DL
2025-01-03,24,0.0264874584972858,0.0045206351205706,LSTM,DL
2025-01-03,24,0.0264874585007772,0.0004800217463951,LightGBM,ML
2025-01-03,24,0.0264874585007772,-0.002447962180337,RandomForest,ML
2025-01-03,24,0.0264874584972858,0.0023456807248294,TCN,DL
2025-01-03,24,0.0264874584972858,0.002147939056158,TFT,DL
2025-01-03,24,0.0264874584972858,0.0088502969592809,Transformer,DL
2025-01-03,24,0.0264874585007772,0.0012019579298794,XGBoost,ML
2025-01-06,24,-0.0070097125135362,0.0031134560704231,CNN_LSTM,DL
2025-01-06,24,-0.0070097125135362,0.0050563770346343,LSTM,DL
2025-01-06,24,-0.0070097123035479,-0.0005413486336326,LightGBM,ML
2025-01-06,24,-0.0070097123035479,-0.0071631554705462,RandomForest,ML
2025-01-06,24,-0.0070097125135362,0.0020756891462951,TCN,DL
2025-01-06,24,-0.0070097125135362,0.0021520555019378,TFT,DL
2025-01-06,24,-0.0070097125135362,0.0075585977174341,Transformer,DL
2025-01-06,24,-0.0070097123035479,0.0012019579298794,XGBoost,ML
2025-01-07,24,-0.0078776627779006,0.0031519993208348,CNN_LSTM,DL
2025-01-07,24,-0.0078776627779006,0.0046665747649967,LSTM,DL
2025-01-07,24,-0.0078776628701627,0.0014893540684344,LightGBM,ML
2025-01-07,24,-0.0078776628701627,0.0004900186157238,RandomForest,ML
2025-01-07,24,-0.0078776627779006,0.0030137142166495,TCN,DL
2025-01-07,24,-0.0078776627779006,0.0021425606682896,TFT,DL
2025-01-07,24,-0.0078776627779006,0.0033320430666208,Transformer,DL
2025-01-07,24,-0.0078776628701627,0.0018977997824549,XGBoost,ML
2025-01-08,24,-0.0098480219021439,0.0031664967536926,CNN_LSTM,DL
2025-01-08,24,-0.0098480219021439,0.0045337900519371,LSTM,DL
2025-01-08,24,-0.0098480221459061,0.0010245892645217,LightGBM,ML
2025-01-08,24,-0.0098480221459061,-0.0019131249858704,RandomForest,ML
2025-01-08,24,-0.0098480219021439,0.0030346917919814,TCN,DL
2025-01-08,24,-0.0098480219021439,0.0020817725453525,TFT,DL
2025-01-08,24,-0.0098480219021439,0.0035031521692872,Transformer,DL
2025-01-08,24,-0.0098480221459061,0.0009601687197573,XGBoost,ML
2025-01-10,24,-0.0053634070791304,0.0032425061799585,CNN_LSTM,DL
2025-01-10,24,-0.0053634070791304,0.0045173722319304,LSTM,DL
2025-01-10,24,-0.0053634071698538,0.0011944913258534,LightGBM,ML
2025-01-10,24,-0.0053634071698538,0.0016806449975485,RandomForest,ML
2025-01-10,24,-0.0053634070791304,0.0027465843595564,TCN,DL
2025-01-10,24,-0.0053634070791304,0.0020829569548368,TFT,DL
2025-01-10,24,-0.0053634070791304,0.006138963624835,Transformer,DL
2025-01-10,24,-0.0053634071698538,0.0017699165036901,XGBoost,ML
2025-01-13,24,-0.0070676570758223,0.0033361506648361,CNN_LSTM,DL
2025-01-13,24,-0.0070676570758223,0.0047659715637564,LSTM,DL
2025-01-13,24,-0.0070676569684203,0.0010606659376209,LightGBM,ML
2025-01-13,24,-0.0070676569684203,0.0019317158596502,RandomForest,ML
2025-01-13,24,-0.0070676570758223,0.002049318049103,TCN,DL
2025-01-13,24,-0.0070676570758223,0.0021084616892039,TFT,DL
2025-01-13,24,-0.0070676570758223,0.0067789340391755,Transformer,DL
2025-01-13,24,-0.0070676569684203,0.0005551861249841,XGBoost,ML
2025-01-14,24,0.0310555603355169,0.0033851074986159,CNN_LSTM,DL
2025-01-14,24,0.0310555603355169,0.0052238753996789,LSTM,DL
2025-01-14,24,0.0310555599888473,0.0023044390073717,LightGBM,ML
2025-01-14,24,0.0310555599888473,0.0026625617078041,RandomForest,ML
2025-01-14,24,0.0310555603355169,0.0018473649397492,TCN,DL
2025-01-14,24,0.0310555603355169,0.0021258138585835,TFT,DL
2025-01-14,24,0.0310555603355169,0.0083985887467861,Transformer,DL
2025-01-14,24,0.0310555599888473,0.0008355459431186,XGBoost,ML
2025-01-15,24,-0.01350037753582,0.0033371550962328,CNN_LSTM,DL
2025-01-15,24,-0.01350037753582,0.0054206284694373,LSTM,DL
2025-01-15,24,-0.013500377460652,0.0017499750428884,LightGBM,ML
2025-01-15,24,-0.013500377460652,0.0005441689484532,RandomForest,ML
2025-01-15,24,-0.01350037753582,0.0018610295373946,TCN,DL
2025-01-15,24,-0.01350037753582,0.0021096505224704,TFT,DL
2025-01-15,24,-0.01350037753582,0.0081498241052031,Transformer,DL
2025-01-15,24,-0.013500377460652,0.0012019579298794,XGBoost,ML
2025-01-16,24,0.0160178132355213,0.0031401247251778,CNN_LSTM,DL
2025-01-16,24,0.0160178132355213,0.0050515588372945,LSTM,DL
2025-01-16,24,0.0160178140173579,0.0017665495657898,LightGBM,ML
2025-01-16,24,0.0160178140173579,0.0003966901383416,RandomForest,ML
2025-01-16,24,0.0160178132355213,0.0017541643464937,TCN,DL
2025-01-16,24,0.0160178132355213,0.0020682278554886,TFT,DL
2025-01-16,24,0.0160178132355213,0.004834116436541,Transformer,DL
2025-01-16,24,0.0160178140173579,0.0008355459431186,XGBoost,ML
2025-01-17,24,0.0104592870920896,0.0030812416225671,CNN_LSTM,DL
2025-01-17,24,0.0104592870920896,0.0046877437271177,LSTM,DL
2025-01-17,24,0.0104592868511745,0.0014192590745675,LightGBM,ML
2025-01-17,24,0.0104592868511745,0.0001441391683364,RandomForest,ML
2025-01-17,24,0.0104592870920896,0.0015396054368466,TCN,DL
2025-01-17,24,0.0104592870920896,0.002055830322206,TFT,DL
2025-01-17,24,0.0104592870920896,0.0037437328137457,Transformer,DL
2025-01-17,24,0.0104592868511745,0.0012019579298794,XGBoost,ML
2025-01-21,24,0.0016156987985596,0.0030390452593564,CNN_LSTM,DL
2025-01-21,24,0.0016156987985596,0.00453582406044,LSTM,DL
2025-01-21,24,0.0016156988162292,0.0014233921050603,LightGBM,ML
2025-01-21,24,0.0016156988162292,0.0060503638461113,RandomForest,ML
2025-01-21,24,0.0016156987985596,0.0019699586555361,TCN,DL
2025-01-21,24,0.0016156987985596,0.0020649740472435,TFT,DL
2025-01-21,24,0.0016156987985596,0.0058845905587077,Transformer,DL
2025-01-21,24,0.0016156988162292,0.0017772386781871,XGBoost,ML
2025-01-22,24,-0.0019659975077956,0.0030481319408863,CNN_LSTM,DL
2025-01-22,24,-0.0019659975077956,0.0044142520055174,LSTM,DL
2025-01-22,24,-0.0019659975628704,0.002027744929335,LightGBM,ML
2025-01-22,24,-0.0019659975628704,0.0045913911885192,RandomForest,ML
2025-01-22,24,-0.0019659975077956,0.0021238499321043,TCN,DL
2025-01-22,24,-0.0019659975077956,0.0020539539400488,TFT,DL
2025-01-22,24,-0.0019659975077956,0.0029190315399318,Transformer,DL
2025-01-22,24,-0.0019659975628704,0.0018977997824549,XGBoost,ML
2025-01-23,24,0.0112636750563979,0.0030271830037236,CNN_LSTM,DL
2025-01-23,24,0.0112636750563979,0.0042928857728838,LSTM,DL
2025-01-23,24,0.0112636750233146,0.0010606659376209,LightGBM,ML
2025-01-23,24,0.0112636750233146,-0.0002960565994326,RandomForest,ML
2025-01-23,24,0.0112636750563979,0.002493092790246,TCN,DL
2025-01-23,24,0.0112636750563979,0.0019915611483156,TFT,DL
2025-01-23,24,0.0112636750563979,0.0043492810800671,Transformer,DL
2025-01-23,24,0.0112636750233146,0.0008355459431186,XGBoost,ML
2025-01-24,24,-0.0419558882713317,0.0031203008256852,CNN_LSTM,DL
2025-01-24,24,-0.0419558882713317,0.0044685751199722,LSTM,DL
2025-01-24,24,-0.0419558867692824,-0.0003318130095549,LightGBM,ML
2025-01-24,24,-0.0419558867692824,-0.0006555964260493,RandomForest,ML
2025-01-24,24,-0.0419558882713317,0.0019251718185842,TCN,DL
2025-01-24,24,-0.0419558882713317,0.0019919299520552,TFT,DL
2025-01-24,24,-0.0419558882713317,0.0092303054407238,Transformer,DL
2025-01-24,24,-0.0419558867692824,0.0008355459431186,XGBoost,ML
2025-01-27,24,0.0181950591504573,0.0031441890168935,CNN_LSTM,DL
2025-01-27,24,0.0181950591504573,0.0044412831775844,LSTM,DL
2025-01-27,24,0.0181950594904523,0.0018202890720226,LightGBM,ML
2025-01-27,24,0.0181950594904523,0.0005079693761704,RandomForest,ML
2025-01-27,24,0.0181950591504573,0.0020253523252904,TCN,DL
2025-01-27,24,0.0181950591504573,0.0019700992852449,TFT,DL
2025-01-27,24,0.0181950591504573,0.0059020495973527,Transformer,DL
2025-01-27,24,0.0181950594904523,0.0012019579298794,XGBoost,ML
2025-01-28,24,0.0005632488755509,0.0032935044728219,CNN_LSTM,DL
2025-01-28,24,0.0005632488755509,0.0048184529878199,LSTM,DL
2025-01-28,24,0.0005632488627371,0.0015476752562513,LightGBM,ML
2025-01-28,24,0.0005632488627371,0.0031863026053875,RandomForest,ML
2025-01-28,24,0.0005632488755509,0.0017648399807512,TCN,DL
2025-01-28,24,0.0005632488755509,0.0019917476456612,TFT,DL
2025-01-28,24,0.0005632488755509,0.0080511672422289,Transformer,DL
2025-01-28,24,0.0005632488627371,0.0012019579298794,XGBoost,ML
2025-01-29,24,0.0279412809759378,0.0033139884471893,CNN_LSTM,DL
2025-01-29,24,0.0279412809759378,0.0049430201761424,LSTM,DL
2025-01-29,24,0.0279412813773132,0.0015864133529506,LightGBM,ML
2025-01-29,24,0.0279412813773132,0.0027659088964005,RandomForest,ML
2025-01-29,24,0.0279412809759378,0.0020249960944056,TCN,DL
2025-01-29,24,0.0279412809759378,0.0020307265222072,TFT,DL
2025-01-29,24,0.0279412809759378,0.0083169257268309,Transformer,DL
2025-01-29,24,0.0279412813773132,0.0008355459431186,XGBoost,ML
2025-01-30,24,0.015681704506278,0.0031811753287911,CNN_LSTM,DL
2025-01-30,24,0.015681704506278,0.004797778557986,LSTM,DL
2025-01-30,24,0.0156817036343175,0.0019306384643774,LightGBM,ML
2025-01-30,24,0.0156817036343175,0.0011214575482226,RandomForest,ML
2025-01-30,24,0.015681704506278,0.0019689940381795,TCN,DL
2025-01-30,24,0.015681704506278,0.0020282645709812,TFT,DL
2025-01-30,24,0.015681704506278,0.0032767350785434,Transformer,DL
2025-01-30,24,0.0156817036343175,0.0009903487516567,XGBoost,ML
2025-01-31,24,-0.0136751206591725,0.0029928004369139,CNN_LSTM,DL
2025-01-31,24,-0.0136751206591725,0.0046326927840709,LSTM,DL
2025-01-31,24,-0.0136751207512741,0.0002224211896305,LightGBM,ML
2025-01-31,24,-0.0136751207512741,-0.0038267680391376,RandomForest,ML
2025-01-31,24,-0.0136751206591725,0.0024086378980427,TCN,DL
2025-01-31,24,-0.0136751206591725,0.0019920486956834,TFT,DL
2025-01-31,24,-0.0136751206591725,0.0052309604361653,Transformer,DL
2025-01-31,24,-0.0136751207512741,0.0012019579298794,XGBoost,ML
2025-02-03,25,0.02559270337224,-0.0003196225734427,CNN_LSTM,DL
2025-02-03,25,0.02559270337224,-0.0006134390132501,LSTM,DL
2025-02-03,25,0.0255927040981898,0.004752115594974,LightGBM,ML
2025-02-03,25,0.0255927040981898,0.0017240076411401,RandomForest,ML
2025-02-03,25,0.02559270337224,0.0023568097967654,TCN,DL
2025-02-03,25,0.02559270337224,0.0016655169893056,TFT,DL
2025-02-03,25,0.02559270337224,0.0016196775250136,Transformer,DL
2025-02-03,25,0.0255927040981898,0.0014220080338418,XGBoost,ML
2025-02-04,25,-0.0729237273335456,-0.0001740610459819,CNN_LSTM,DL
2025-02-04,25,-0.0729237273335456,-0.000836597639136,LSTM,DL
2025-02-04,25,-0.0729237273164795,-0.000562259384369,LightGBM,ML
2025-02-04,25,-0.0729237273164795,0.0009779374700693,RandomForest,ML
2025-02-04,25,-0.0729237273335456,0.0021613191347569,TCN,DL
2025-02-04,25,-0.0729237273335456,0.0016636201180517,TFT,DL
2025-02-04,25,-0.0729237273335456,-0.0006071497919037,Transformer,DL
2025-02-04,25,-0.0729237273164795,0.0017157359980046,XGBoost,ML
2025-02-05,25,0.0014111191267147,0.0018310952000319,CNN_LSTM,DL
2025-02-05,25,0.0014111191267147,-5.364988464862108e-05,LSTM,DL
2025-02-05,25,0.0014111190738703,0.0016867398345164,LightGBM,ML
2025-02-05,25,0.0014111190738703,0.0007771727930658,RandomForest,ML
2025-02-05,25,0.0014111191267147,0.0027059554122388,TCN,DL
2025-02-05,25,0.0014111191267147,0.0016664273571223,TFT,DL
2025-02-05,25,0.0014111191267147,0.002021204913035,Transformer,DL
2025-02-05,25,0.0014111190738703,0.0014220080338418,XGBoost,ML
2025-02-06,25,-0.0326722413301467,0.0058518783189356,CNN_LSTM,DL
2025-02-06,25,-0.0326722413301467,0.0079135773703455,LSTM,DL
2025-02-06,25,-0.0326722425332465,0.0049690261952259,LightGBM,ML
2025-02-06,25,-0.0326722425332465,0.0025372153464014,RandomForest,ML
2025-02-06,25,-0.0326722413301467,0.0029033604077994,TCN,DL
2025-02-06,25,-0.0326722413301467,0.0016675873193889,TFT,DL
2025-02-06,25,-0.0326722413301467,0.0044777831062674,Transformer,DL
2025-02-06,25,-0.0326722425332465,0.0017222701571881,XGBoost,ML
2025-02-07,25,0.0060969213955104,0.0091296816244721,CNN_LSTM,DL
2025-02-07,25,0.0060969213955104,0.0132807772606611,LSTM,DL
2025-02-07,25,0.0060969214377615,0.0073175432303815,LightGBM,ML
2025-02-07,25,0.0060969214377615,0.0068211778777072,RandomForest,ML
2025-02-07,25,0.0060969213955104,0.0039124265313148,TCN,DL
2025-02-07,25,0.0060969213955104,0.001667664386332,TFT,DL
2025-02-07,25,0.0060969213955104,0.0057460330426692,Transformer,DL
2025-02-07,25,0.0060969214377615,0.0017222701571881,XGBoost,ML
2025-02-10,25,-0.0061670979484915,0.0092848101630806,CNN_LSTM,DL
2025-02-10,25,-0.0061670979484915,0.0108019793406128,LSTM,DL
2025-02-10,25,-0.0061670981195489,0.0040561067818913,LightGBM,ML
2025-02-10,25,-0.0061670981195489,0.0050243430367749,RandomForest,ML
2025-02-10,25,-0.0061670979484915,0.0022714338265359,TCN,DL
2025-02-10,25,-0.0061670979484915,0.0016792359529063,TFT,DL
2025-02-10,25,-0.0061670979484915,0.0030191792175173,Transformer,DL
2025-02-10,25,-0.0061670981195489,0.0014220080338418,XGBoost,ML
2025-02-11,25,-0.0092274164780974,0.0088809169828891,CNN_LSTM,DL
2025-02-11,25,-0.0092274164780974,0.0077874530106782,LSTM,DL
2025-02-11,25,-0.0092274160333739,0.0078401429566616,LightGBM,ML
2025-02-11,25,-0.0092274160333739,0.0070061956571324,RandomForest,ML
2025-02-11,25,-0.0092274164780974,0.0031992916483432,TCN,DL
2025-02-11,25,-0.0092274164780974,0.0016828831285238,TFT,DL
2025-02-11,25,-0.0092274164780974,0.0051762680523097,Transformer,DL
2025-02-11,25,-0.0092274160333739,0.002015998121351,XGBoost,ML
2025-02-12,25,0.0137792686000466,0.0077406531199812,CNN_LSTM,DL
2025-02-12,25,0.0137792686000466,0.0022503568325191,LSTM,DL
2025-02-12,25,0.0137792690579987,-0.0017395159090012,LightGBM,ML
2025-02-12,25,0.0137792690579987,-0.002392309262309,RandomForest,ML
2025-02-12,25,0.0137792686000466,0.0025353485252708,TCN,DL
2025-02-12,25,0.0137792686000466,0.0016849648673087,TFT,DL
2025-02-12,25,0.0137792686000466,0.0024676881730556,Transformer,DL
2025-02-12,25,0.0137792690579987,0.0014220080338418,XGBoost,ML
2025-02-13,25,-0.0048889489844441,0.0047813677228987,CNN_LSTM,DL
2025-02-13,25,-0.0048889489844441,-0.0008800040232017,LSTM,DL
2025-02-13,25,-0.0048889491660221,0.0074961126121682,LightGBM,ML
2025-02-13,25,-0.0048889491660221,0.0059430615890713,RandomForest,ML
2025-02-13,25,-0.0048889489844441,0.0018794985953718,TCN,DL
2025-02-13,25,-0.0048889489844441,0.0016783260507509,TFT,DL
2025-02-13,25,-0.0048889489844441,0.0017043934203684,Transformer,DL
2025-02-13,25,-0.0048889491660221,0.002015998121351,XGBoost,ML
2025-02-14,25,-0.0078819869086146,0.0036639240570366,CNN_LSTM,DL
2025-02-14,25,-0.0078819869086146,-0.001133146113716,LSTM,DL
2025-02-14,25,-0.0078819868713495,0.003207668129266,LightGBM,ML
2025-02-14,25,-0.0078819868713495,0.0022187515881185,RandomForest,ML
2025-02-14,25,-0.0078819869086146,0.0027613358106464,TCN,DL
2025-02-14,25,-0.0078819869086146,0.001679909415543,TFT,DL
2025-02-14,25,-0.0078819869086146,0.0029761833138763,Transformer,DL
2025-02-14,25,-0.0078819868713495,0.0017157359980046,XGBoost,ML
2025-02-18,25,0.0081624183803796,0.0025235791690647,CNN_LSTM,DL
2025-02-18,25,0.0081624183803796,-0.0015234755119308,LSTM,DL
2025-02-18,25,0.0081624184652158,0.001145638626567,LightGBM,ML
2025-02-18,25,0.0081624184652158,-0.0002145582217417,RandomForest,ML
2025-02-18,25,0.0081624183803796,0.0018963306210935,TCN,DL
2025-02-18,25,0.0081624183803796,0.0016814643749967,TFT,DL
2025-02-18,25,0.0081624183803796,0.0020474959164857,Transformer,DL
2025-02-18,25,0.0081624184652158,0.0009448284399695,XGBoost,ML
2025-02-19,25,-0.0038323241751641,0.0024813585914671,CNN_LSTM,DL
2025-02-19,25,-0.0038323241751641,0.0005923762801103,LSTM,DL
2025-02-19,25,-0.0038323242786298,0.0104367830120465,LightGBM,ML
2025-02-19,25,-0.0038323242786298,0.0084212722125017,RandomForest,ML
2025-02-19,25,-0.0038323241751641,0.0031306096352636,TCN,DL
2025-02-19,25,-0.0038323241751641,0.0016861198237165,TFT,DL
2025-02-19,25,-0.0038323241751641,0.0054772640578448,Transformer,DL
2025-02-19,25,-0.0038323242786298,0.0020781247876584,XGBoost,ML
2025-02-20,25,-0.0265495795756578,0.003440567292273,CNN_LSTM,DL
2025-02-20,25,-0.0265495795756578,0.0016624667914584,LSTM,DL
2025-02-20,25,-0.0265495796943894,0.0002326365186659,LightGBM,ML
2025-02-20,25,-0.0265495796943894,0.0001526895047196,RandomForest,ML
2025-02-20,25,-0.0265495795756578,0.0025994004681706,TCN,DL
2025-02-20,25,-0.0265495795756578,0.0016869122628122,TFT,DL
2025-02-20,25,-0.0265495795756578,0.0037594544701278,Transformer,DL
2025-02-20,25,-0.0265495796943894,0.0009666674304753,XGBoost,ML
2025-02-21,25,-0.0022820937447249,0.0044590411707758,CNN_LSTM,DL
2025-02-21,25,-0.0022820937447249,0.0016231695190072,LSTM,DL
2025-02-21,25,-0.0022820937282709,-0.0028755751697326,LightGBM,ML
2025-02-21,25,-0.0022820937282709,-0.0022539720326636,RandomForest,ML
2025-02-21,25,-0.0022820937447249,0.0028825844638049,TCN,DL
2025-02-21,25,-0.0022820937447249,0.001702019595541,TFT,DL
2025-02-21,25,-0.0022820937447249,0.0038895979523658,Transformer,DL
2025-02-21,25,-0.0022820937282709,0.0009448284399695,XGBoost,ML
2025-02-24,25,-0.0213668327778577,0.0045997081324458,CNN_LSTM,DL
2025-02-24,25,-0.0213668327778577,0.0027802987024188,LSTM,DL
2025-02-24,25,-0.0213668333119685,0.0062053210476538,LightGBM,ML
2025-02-24,25,-0.0213668333119685,0.0066457542526345,RandomForest,ML
2025-02-24,25,-0.0213668327778577,0.0029433784075081,TCN,DL
2025-02-24,25,-0.0213668327778577,0.0016954513266682,TFT,DL
2025-02-24,25,-0.0213668327778577,0.0045282044447958,Transformer,DL
2025-02-24,25,-0.0213668333119685,0.0020781247876584,XGBoost,ML
2025-02-25,25,-0.0153346173465251,0.0069967727176845,CNN_LSTM,DL
2025-02-25,25,-0.0153346173465251,0.0042363093234598,LSTM,DL
2025-02-25,25,-0.0153346171270847,0.0077900543595748,LightGBM,ML
2025-02-25,25,-0.0153346171270847,0.0059924318359742,RandomForest,ML
2025-02-25,25,-0.0153346173465251,0.0027447370812296,TCN,DL
2025-02-25,25,-0.0153346173465251,0.0016978292260318,TFT,DL
2025-02-25,25,-0.0153346173465251,0.0057966611348092,Transformer,DL
2025-02-25,25,-0.0153346171270847,0.0017222701571881,XGBoost,ML
2025-02-26,25,-0.024489015340805,0.0060287849046289,CNN_LSTM,DL
2025-02-26,25,-0.024489015340805,0.0037493179552257,LSTM,DL
2025-02-26,25,-0.0244890151289407,0.0027896680004045,LightGBM,ML
2025-02-26,25,-0.0244890151289407,0.0041643909274884,RandomForest,ML
2025-02-26,25,-0.024489015340805,0.0025395886041224,TCN,DL
2025-02-26,25,-0.024489015340805,0.0017011419404298,TFT,DL
2025-02-26,25,-0.024489015340805,0.0039894664660096,Transformer,DL
2025-02-26,25,-0.0244890151289407,0.0017222701571881,XGBoost,ML
2025-02-27,25,0.0105637069791555,0.0067061283625662,CNN_LSTM,DL
2025-02-27,25,0.0105637069791555,0.0060505201108753,LSTM,DL
2025-02-27,25,0.0105637071140882,0.0082850493102765,LightGBM,ML
2025-02-27,25,0.0105637071140882,0.00631053102853,RandomForest,ML
2025-02-27,25,0.0105637069791555,0.0030044917948544,TCN,DL
2025-02-27,25,0.0105637069791555,0.0016957181505858,TFT,DL
2025-02-27,25,0.0105637069791555,0.0066971378400921,Transformer,DL
2025-02-27,25,0.0105637071140882,0.0017222701571881,XGBoost,ML
2025-02-28,25,-0.0192036926746368,0.0067639644257724,CNN_LSTM,DL
2025-02-28,25,-0.0192036926746368,0.006995306815952,LSTM,DL
2025-02-28,25,-0.0192036927168069,0.0051253575046008,LightGBM,ML
2025-02-28,25,-0.0192036927168069,0.006852090649309,RandomForest,ML
2025-02-28,25,-0.0192036926746368,0.0025026588700711,TCN,DL
2025-02-28,25,-0.0192036926746368,0.0017032173927873,TFT,DL
2025-02-28,25,-0.0192036926746368,0.0056583951227366,Transformer,DL
2025-02-28,25,-0.0192036927168069,0.0017778625478968,XGBoost,ML
2025-03-03,26,0.0234118551015853,-0.0006559831090271,CNN_LSTM,DL
2025-03-03,26,0.0234118551015853,0.0034547136165201,LSTM,DL
2025-03-03,26,0.0234118550038395,0.001577798247514,LightGBM,ML
2025-03-03,26,0.0234118550038395,0.0048654705414351,RandomForest,ML
2025-03-03,26,0.0234118551015853,0.0028972667641937,TCN,DL
2025-03-03,26,0.0234118551015853,-0.0026729120872914,TFT,DL
2025-03-03,26,0.0234118551015853,0.0039114579558372,Transformer,DL
2025-03-03,26,0.0234118550038395,0.0023857997730374,XGBoost,ML
2025-03-04,26,0.0122864758595824,-0.0004710170906037,CNN_LSTM,DL
2025-03-04,26,0.0122864758595824,0.0037128520198166,LSTM,DL
2025-03-04,26,0.0122864762184731,0.001577798247514,LightGBM,ML
2025-03-04,26,0.0122864762184731,-0.0015853360055916,RandomForest,ML
2025-03-04,26,0.0122864758595824,0.0033088731579482,TCN,DL
2025-03-04,26,0.0122864758595824,-0.0027914894744753,TFT,DL
2025-03-04,26,0.0122864758595824,0.003714901395142,Transformer,DL
2025-03-04,26,0.0122864762184731,0.0008271752740256,XGBoost,ML
2025-03-05,26,-0.003872400149703,0.0001885171514004,CNN_LSTM,DL
2025-03-05,26,-0.003872400149703,0.003541367361322,LSTM,DL
2025-03-05,26,-0.0038724000876863,0.001577798247514,LightGBM,ML
2025-03-05,26,-0.0038724000876863,0.0021434555114253,RandomForest,ML
2025-03-05,26,-0.003872400149703,0.0032866473775357,TCN,DL
2025-03-05,26,-0.003872400149703,-0.0028231241740286,TFT,DL
2025-03-05,26,-0.003872400149703,0.0027742004022002,Transformer,DL
2025-03-05,26,-0.0038724000876863,0.0008271752740256,XGBoost,ML
2025-03-06,26,0.0087611256167292,0.0003167800605297,CNN_LSTM,DL
2025-03-06,26,0.0087611256167292,0.0038746464997529,LSTM,DL
2025-03-06,26,0.0087611253902519,0.0018855396944764,LightGBM,ML
2025-03-06,26,0.0087611253902519,-0.0004321040103472,RandomForest,ML
2025-03-06,26,0.0087611256167292,0.0031429536174982,TCN,DL
2025-03-06,26,0.0087611256167292,-0.0029259561561048,TFT,DL
2025-03-06,26,0.0087611256167292,0.0029964041896164,Transformer,DL
2025-03-06,26,0.0087611253902519,0.0015777982771396,XGBoost,ML
2025-03-07,26,-0.0448577292263507,0.00046080222819,CNN_LSTM,DL
2025-03-07,26,-0.0448577292263507,0.0041800392791628,LSTM,DL
2025-03-07,26,-0.0448577302641722,0.0018855396944764,LightGBM,ML
2025-03-07,26,-0.0448577302641722,0.0026408474977535,RandomForest,ML
2025-03-07,26,-0.0448577292263507,0.0032187472097575,TCN,DL
2025-03-07,26,-0.0448577292263507,-0.0029800031334161,TFT,DL
2025-03-07,26,-0.0448577292263507,0.0014565795427188,Transformer,DL
2025-03-07,26,-0.0448577302641722,0.0023857997730374,XGBoost,ML
2025-03-10,26,-0.0110327741131186,0.0006356075173243,CNN_LSTM,DL
2025-03-10,26,-0.0110327741131186,0.0051893470808863,LSTM,DL
2025-03-10,26,-0.0110327743533312,0.0011398189043808,LightGBM,ML
2025-03-10,26,-0.0110327743533312,-0.0023518795856704,RandomForest,ML
2025-03-10,26,-0.0110327741131186,0.0035760693717747,TCN,DL
2025-03-10,26,-0.0110327741131186,-0.0029508462175726,TFT,DL
2025-03-10,26,-0.0110327741131186,0.0033823454286903,Transformer,DL
2025-03-10,26,-0.0110327743533312,0.0003316017682664,XGBoost,ML
2025-03-11,26,0.0187150947749614,0.000722340599168,CNN_LSTM,DL
2025-03-11,26,0.0187150947749614,0.0052672587335109,LSTM,DL
2025-03-11,26,0.0187150951065944,0.001577798247514,LightGBM,ML
2025-03-11,26,0.0187150951065944,0.0024371098995789,RandomForest,ML
2025-03-11,26,0.0187150947749614,0.0031557469628751,TCN,DL
2025-03-11,26,0.0187150947749614,-0.0029485891573131,TFT,DL
2025-03-11,26,0.0187150947749614,0.0017847479321062,Transformer,DL
2025-03-11,26,0.0187150951065944,0.0015777982771396,XGBoost,ML
2025-03-12,26,-0.0260308030992746,0.0006190459826029,CNN_LSTM,DL
2025-03-12,26,-0.0260308030992746,0.0063656996935606,LSTM,DL
2025-03-12,26,-0.0260308027396449,0.0018855396944764,LightGBM,ML
2025-03-12,26,-0.0260308027396449,0.0082449909855514,RandomForest,ML
2025-03-12,26,-0.0260308030992746,0.0038095118943601,TCN,DL
2025-03-12,26,-0.0260308030992746,-0.0029131551273167,TFT,DL
2025-03-12,26,-0.0260308030992746,0.0061528687365353,Transformer,DL
2025-03-12,26,-0.0260308027396449,0.0023857997730374,XGBoost,ML
2025-03-13,26,0.0167732033878564,0.0005164713365957,CNN_LSTM,DL
2025-03-13,26,0.0167732033878564,0.0061499015428125,LSTM,DL
2025-03-13,26,0.016773204087066,0.0018855396944764,LightGBM,ML
2025-03-13,26,0.016773204087066,0.0061074534196032,RandomForest,ML
2025-03-13,26,0.0167732033878564,0.0032977573573589,TCN,DL
2025-03-13,26,0.0167732033878564,-0.0029348265379667,TFT,DL
2025-03-13,26,0.0167732033878564,0.004388271830976,Transformer,DL
2025-03-13,26,0.016773204087066,0.0023857997730374,XGBoost,ML
2025-03-14,26,-0.0072513208724558,3.4299795515835285e-05,CNN_LSTM,DL
2025-03-14,26,-0.0072513208724558,0.0048495111986994,LSTM,DL
2025-03-14,26,-0.0072513206514427,0.0018855396944764,LightGBM,ML
2025-03-14,26,-0.0072513206514427,0.0065052512194778,RandomForest,ML
2025-03-14,26,-0.0072513208724558,0.0032614071387797,TCN,DL
2025-03-14,26,-0.0072513208724558,-0.0028691533952951,TFT,DL
2025-03-14,26,-0.0072513208724558,0.0016178552759811,Transformer,DL
2025-03-14,26,-0.0072513206514427,0.0015777982771396,XGBoost,ML
2025-03-17,26,-0.0220342129468917,-0.0003632088191807,CNN_LSTM,DL
2025-03-17,26,-0.0220342129468917,0.0044342037290334,LSTM,DL
2025-03-17,26,-0.0220342122760031,0.0018855396944764,LightGBM,ML
2025-03-17,26,-0.0220342122760031,0.0061933731221205,RandomForest,ML
2025-03-17,26,-0.0220342129468917,0.0030603106133639,TCN,DL
2025-03-17,26,-0.0220342129468917,-0.0028315312229096,TFT,DL
2025-03-17,26,-0.0220342129468917,0.0029302868060767,Transformer,DL
2025-03-17,26,-0.0220342122760031,0.0015777982771396,XGBoost,ML
2025-03-18,26,0.0200411025434732,-0.0006731392350047,CNN_LSTM,DL
2025-03-18,26,0.0200411025434732,0.0027581737376749,LSTM,DL
2025-03-18,26,0.0200411021391968,0.0018855396944764,LightGBM,ML
2025-03-18,26,0.0200411021391968,0.0059249792505378,RandomForest,ML
2025-03-18,26,0.0200411025434732,0.002712610643357,TCN,DL
2025-03-18,26,0.0200411025434732,-0.0028779977001249,TFT,DL
2025-03-18,26,0.0200411025434732,0.0009958751033991,Transformer,DL
2025-03-18,26,0.0200411021391968,0.0019300791900604,XGBoost,ML
2025-03-19,26,-0.0066507547162473,-0.0007703660521656,CNN_LSTM,DL
2025-03-19,26,-0.0066507547162473,0.0022123109083622,LSTM,DL
2025-03-19,26,-0.0066507548467176,0.001577798247514,LightGBM,ML
2025-03-19,26,-0.0066507548467176,0.0069772717156586,RandomForest,ML
2025-03-19,26,-0.0066507547162473,0.0027716867625713,TCN,DL
2025-03-19,26,-0.0066507547162473,-0.0028262268751859,TFT,DL
2025-03-19,26,-0.0066507547162473,0.0015737566864117,Transformer,DL
2025-03-19,26,-0.0066507548467176,0.0015777982771396,XGBoost,ML
2025-03-20,26,0.0073095764964818,-0.0007771428208798,CNN_LSTM,DL
2025-03-20,26,0.0073095764964818,0.0025172249879688,LSTM,DL
2025-03-20,26,0.0073095762940138,0.0018855396944764,LightGBM,ML
2025-03-20,26,0.0073095762940138,0.0052991480692575,RandomForest,ML
2025-03-20,26,0.0073095764964818,0.0030753053724765,TCN,DL
2025-03-20,26,0.0073095764964818,-0.0028288071043789,TFT,DL
2025-03-20,26,0.0073095764964818,0.004086104221642,Transformer,DL
2025-03-20,26,0.0073095762940138,0.0015777982771396,XGBoost,ML
2025-03-21,26,0.0225013867020607,-0.0008083414286375,CNN_LSTM,DL
2025-03-21,26,0.0225013867020607,0.0014547880273312,LSTM,DL
2025-03-21,26,0.0225013857980633,0.0018855396944764,LightGBM,ML
2025-03-21,26,0.0225013857980633,0.005988709252188,RandomForest,ML
2025-03-21,26,0.0225013867020607,0.0028746994212269,TCN,DL
2025-03-21,26,0.0225013867020607,-0.0028821751475334,TFT,DL
2025-03-21,26,0.0225013867020607,0.0013266628375276,Transformer,DL
2025-03-21,26,0.0225013857980633,0.0023857997730374,XGBoost,ML
2025-03-24,26,0.0171754918992519,-0.0008411610033363,CNN_LSTM,DL
2025-03-24,26,0.0171754918992519,0.0014011526945978,LSTM,DL
2025-03-24,26,0.0171754915427428,0.0018855396944764,LightGBM,ML
2025-03-24,26,0.0171754915427428,0.0091872166905179,RandomForest,ML
2025-03-24,26,0.0171754918992519,0.0033101267181336,TCN,DL
2025-03-24,26,0.0171754918992519,-0.0028479075990617,TFT,DL
2025-03-24,26,0.0171754918992519,0.0024804880376905,Transformer,DL
2025-03-24,26,0.0171754915427428,0.0019300791900604,XGBoost,ML
2025-03-25,26,-0.0322466902434825,-0.0008945195004343,CNN_LSTM,DL
2025-03-25,26,-0.0322466902434825,0.0014705216744914,LSTM,DL
2025-03-25,26,-0.0322466887161753,0.0018855396944764,LightGBM,ML
2025-03-25,26,-0.0322466887161753,0.0031396915268223,RandomForest,ML
2025-03-25,26,-0.0322466902434825,0.0033591128885746,TCN,DL
2025-03-25,26,-0.0322466902434825,-0.0028824773617088,TFT,DL
2025-03-25,26,-0.0322466902434825,0.0029137837700545,Transformer,DL
2025-03-25,26,-0.0322466887161753,0.0015777982771396,XGBoost,ML
2025-03-26,26,-0.0170845538377761,-0.0012596186716109,CNN_LSTM,DL
2025-03-26,26,-0.0170845538377761,0.0005477020749822,LSTM,DL
2025-03-26,26,-0.0170845530615251,0.001577798247514,LightGBM,ML
2025-03-26,26,-0.0170845530615251,0.0050383350080233,RandomForest,ML
2025-03-26,26,-0.0170845538377761,0.0028100162744522,TCN,DL
2025-03-26,26,-0.0170845538377761,-0.0029324805364012,TFT,DL
2025-03-26,26,-0.0170845538377761,0.0006706696585752,Transformer,DL
2025-03-26,26,-0.0170845530615251,0.0023857997730374,XGBoost,ML
2025-03-27,26,-0.0487549118697643,-0.0013018506579101,CNN_LSTM,DL
2025-03-27,26,-0.0487549118697643,-2.7112197130918503e-05,LSTM,DL
2025-03-27,26,-0.0487549135739129,0.0018855396944764,LightGBM,ML
2025-03-27,26,-0.0487549135739129,0.0044823298727133,RandomForest,ML
2025-03-27,26,-0.0487549118697643,0.0029907228890806,TCN,DL
2025-03-27,26,-0.0487549118697643,-0.0028698085807263,TFT,DL
2025-03-27,26,-0.0487549118697643,0.0005679413443431,Transformer,DL
2025-03-27,26,-0.0487549135739129,0.0015777982771396,XGBoost,ML
2025-03-28,26,0.0020085624419152,-0.0010893256403505,CNN_LSTM,DL
2025-03-28,26,0.0020085624419152,0.0005103982985019,LSTM,DL
2025-03-28,26,0.0020085624902963,0.001577798247514,LightGBM,ML
2025-03-28,26,0.0020085624902963,0.005422227383865,RandomForest,ML
2025-03-28,26,0.0020085624419152,0.0031261541880667,TCN,DL
2025-03-28,26,0.0020085624419152,-0.0028499960899353,TFT,DL
2025-03-28,26,0.0020085624419152,0.0026305997744202,Transformer,DL
2025-03-28,26,0.0020085624902963,0.0015777982771396,XGBoost,ML
2025-03-31,26,0.0157139264047145,-0.0010942574590444,CNN_LSTM,DL
2025-03-31,26,0.0157139264047145,0.0004501320654526,LSTM,DL
2025-03-31,26,0.0157139256941296,0.001577798247514,LightGBM,ML
2025-03-31,26,0.0157139256941296,0.0076091040225774,RandomForest,ML
2025-03-31,26,0.0157139264047145,0.0031089815311133,TCN,DL
2025-03-31,26,0.0157139264047145,-0.0027854773215949,TFT,DL
2025-03-31,26,0.0157139264047145,0.0029483255930244,Transformer,DL
2025-03-31,26,0.0157139256941296,0.0015777982771396,XGBoost,ML
2025-04-01,27,-0.0001910302235046,-0.0016334990505129,CNN_LSTM,DL
2025-04-01,27,-0.0001910302235046,0.0009527971851639,LSTM,DL
2025-04-01,27,-0.0001910302296327,0.0012604676095784,LightGBM,ML
2025-04-01,27,-0.0001910302296327,0.004927256703991,RandomForest,ML
2025-04-01,27,-0.0001910302235046,-0.0001271500368602,TCN,DL
2025-04-01,27,-0.0001910302235046,-0.0005227825022302,TFT,DL
2025-04-01,27,-0.0001910302235046,-0.0013524985406547,Transformer,DL
2025-04-01,27,-0.0001910302296327,0.0011901715770363,XGBoost,ML
2025-04-02,27,-0.0402444414794445,-0.0018606605008244,CNN_LSTM,DL
2025-04-02,27,-0.0402444414794445,0.0005682469345629,LSTM,DL
2025-04-02,27,-0.0402444406986748,0.0009651342610013,LightGBM,ML
2025-04-02,27,-0.0402444406986748,0.0031540315986474,RandomForest,ML
2025-04-02,27,-0.0402444414794445,-0.000593238917645,TCN,DL
2025-04-02,27,-0.0402444414794445,-0.0005710836849175,TFT,DL
2025-04-02,27,-0.0402444414794445,-0.0015139153692871,Transformer,DL
2025-04-02,27,-0.0402444406986748,0.0009651342406868,XGBoost,ML
2025-04-03,27,-0.0339703522622585,-0.0021551423706114,CNN_LSTM,DL
2025-04-03,27,-0.0339703522622585,-0.0004169970634393,LSTM,DL
2025-04-03,27,-0.0339703508005373,0.0006375087831771,LightGBM,ML
2025-04-03,27,-0.0339703508005373,-0.0043120797475345,RandomForest,ML
2025-04-03,27,-0.0339703522622585,-0.0005364707321859,TCN,DL
2025-04-03,27,-0.0339703522622585,-0.0005977592081762,TFT,DL
2025-04-03,27,-0.0339703522622585,-0.0029844548553228,Transformer,DL
2025-04-03,27,-0.0339703508005373,0.0004947622073814,XGBoost,ML
2025-04-04,27,0.0078983679413795,-0.0022918393369764,CNN_LSTM,DL
2025-04-04,27,0.0078983679413795,-0.0007320056320168,LSTM,DL
2025-04-04,27,0.0078983682128275,0.0009282780518042,LightGBM,ML
2025-04-04,27,0.0078983682128275,-0.0038405945246001,RandomForest,ML
2025-04-04,27,0.0078983679413795,-0.0005092314095236,TCN,DL
2025-04-04,27,0.0078983679413795,-0.0006489870720542,TFT,DL
2025-04-04,27,0.0078983679413795,-0.0029624016024172,Transformer,DL
2025-04-04,27,0.0078983682128275,0.0009651342406868,XGBoost,ML
2025-04-07,27,-0.0139692509546875,-0.0022920935880392,CNN_LSTM,DL
2025-04-07,27,-0.0139692509546875,-0.0007483941153623,LSTM,DL
2025-04-07,27,-0.013969251339965,0.0012604676095784,LightGBM,ML
2025-04-07,27,-0.013969251339965,0.0020155601187528,RandomForest,ML
2025-04-07,27,-0.0139692509546875,-0.0006865227478556,TCN,DL
2025-04-07,27,-0.0139692509546875,-0.0007015641895122,TFT,DL
2025-04-07,27,-0.0139692509546875,3.0391616746783257e-05,Transformer,DL
2025-04-07,27,-0.013969251339965,0.0011901715770363,XGBoost,ML
2025-04-08,27,0.0968209207057952,-0.0019934889860451,CNN_LSTM,DL
2025-04-08,27,0.0968209207057952,0.0003095421125181,LSTM,DL
2025-04-08,27,0.0968209180470984,0.0015791138297353,LightGBM,ML
2025-04-08,27,0.0968209180470984,0.0010199045601869,RandomForest,ML
2025-04-08,27,0.0968209207057952,-0.0006276876083575,TCN,DL
2025-04-08,27,0.0968209207057952,-0.0006847811746411,TFT,DL
2025-04-08,27,0.0968209207057952,0.0013504209928214,Transformer,DL
2025-04-08,27,0.0968209180470984,0.0011901715770363,XGBoost,ML
2025-04-09,27,-0.0371117144823074,-0.0016998124774545,CNN_LSTM,DL
2025-04-09,27,-0.0371117144823074,0.0010832024272531,LSTM,DL
2025-04-09,27,-0.0371117140258532,0.0006375087831771,LightGBM,ML
2025-04-09,27,-0.0371117140258532,-0.0019619053666088,RandomForest,ML
2025-04-09,27,-0.0371117144823074,-0.000220350746531,TCN,DL
2025-04-09,27,-0.0371117144823074,-0.0006748730666004,TFT,DL
2025-04-09,27,-0.0371117144823074,7.087830454111099e-06,Transformer,DL
2025-04-09,27,-0.0371117140258532,0.0009651342406868,XGBoost,ML
2025-04-10,27,0.0282685682177543,-0.0018425458110868,CNN_LSTM,DL
2025-04-10,27,0.0282685682177543,0.0012752431211993,LSTM,DL
2025-04-10,27,0.0282685682188867,0.0011958400746437,LightGBM,ML
2025-04-10,27,0.0282685682188867,-5.045324590350793e-05,RandomForest,ML
2025-04-10,27,0.0282685682177543,-0.0010334739927202,TCN,DL
2025-04-10,27,0.0282685682177543,-0.0006829322664998,TFT,DL
2025-04-10,27,0.0282685682177543,0.0019900081679224,Transformer,DL
2025-04-10,27,0.0282685682188867,0.0011901715770363,XGBoost,ML
2025-04-11,27,0.0122821247205138,-0.0019873408600687,CNN_LSTM,DL
2025-04-11,27,0.0122821247205138,0.0005784451495856,LSTM,DL
2025-04-11,27,0.0122821244004118,0.0006375087831771,LightGBM,ML
2025-04-11,27,0.0122821244004118,-0.0025087917944794,RandomForest,ML
2025-04-11,27,0.0122821247205138,-0.000463557022158,TCN,DL
2025-04-11,27,0.0122821247205138,-0.0006672234158031,TFT,DL
2025-04-11,27,0.0122821247205138,0.0003751229960471,Transformer,DL
2025-04-11,27,0.0122821244004118,0.0004947622073814,XGBoost,ML
2025-04-14,27,-0.0173509251326322,-0.0017886036075651,CNN_LSTM,DL
2025-04-14,27,-0.0173509251326322,0.0010662337299436,LSTM,DL
2025-04-14,27,-0.0173509246685993,0.0015791138297353,LightGBM,ML
2025-04-14,27,-0.0173509246685993,0.006026340355994,RandomForest,ML
2025-04-14,27,-0.0173509251326322,-0.0006914535188116,TCN,DL
2025-04-14,27,-0.0173509251326322,-0.00065531587461,TFT,DL
2025-04-14,27,-0.0173509251326322,0.0009699744405224,Transformer,DL
2025-04-14,27,-0.0173509246685993,0.0009651342406868,XGBoost,ML
2025-04-15,27,-0.0190647337585687,-0.0012861785944551,CNN_LSTM,DL
2025-04-15,27,-0.0190647337585687,0.0006595032755285,LSTM,DL
2025-04-15,27,-0.0190647336590339,0.0013271781550167,LightGBM,ML
2025-04-15,27,-0.0190647336590339,0.0038056374454163,RandomForest,ML
2025-04-15,27,-0.0190647337585687,-0.0013284557498991,TCN,DL
2025-04-15,27,-0.0190647337585687,-0.0006546542863361,TFT,DL
2025-04-15,27,-0.0190647337585687,0.003174296580255,Transformer,DL
2025-04-15,27,-0.0190647336590339,0.0017100903205573,XGBoost,ML
2025-04-16,27,-0.0141524346545338,-0.0011550851631909,CNN_LSTM,DL
2025-04-16,27,-0.0141524346545338,0.0001091278390958,LSTM,DL
2025-04-16,27,-0.014152435080827,0.0002363369312351,LightGBM,ML
2025-04-16,27,-0.014152435080827,-0.0002899288133995,RandomForest,ML
2025-04-16,27,-0.0141524346545338,-0.000425761390943,TCN,DL
2025-04-16,27,-0.0141524346545338,-0.000645340711344,TFT,DL
2025-04-16,27,-0.0141524346545338,0.0018036123365163,Transformer,DL
2025-04-16,27,-0.014152435080827,0.0009170125122182,XGBoost,ML
2025-04-17,27,-0.0230882447212934,-0.0008422417449764,CNN_LSTM,DL
2025-04-17,27,-0.0230882447212934,0.0012688325950875,LSTM,DL
2025-04-17,27,-0.0230882445233087,0.0016874885732237,LightGBM,ML
2025-04-17,27,-0.0230882445233087,0.0048424456472007,RandomForest,ML
2025-04-17,27,-0.0230882447212934,-0.0007052311557345,TCN,DL
2025-04-17,27,-0.0230882447212934,-0.0006301586399786,TFT,DL
2025-04-17,27,-0.0230882447212934,0.0014549136394634,Transformer,DL
2025-04-17,27,-0.0230882445233087,0.0017100903205573,XGBoost,ML
2025-04-21,27,0.0257331635802984,-0.0011703064665198,CNN_LSTM,DL
2025-04-21,27,0.0257331635802984,0.0003327640006318,LSTM,DL
2025-04-21,27,0.0257331639009565,0.0015561504928506,LightGBM,ML
2025-04-21,27,0.0257331639009565,0.0044527394033897,RandomForest,ML
2025-04-21,27,0.0257331635802984,-0.0016028028912842,TCN,DL
2025-04-21,27,0.0257331635802984,-0.0006377645186148,TFT,DL
2025-04-21,27,0.0257331635802984,0.0024337824434041,Transformer,DL
2025-04-21,27,0.0257331639009565,0.0017100903205573,XGBoost,ML
2025-04-22,27,0.025615694001317,-0.0016720213461667,CNN_LSTM,DL
2025-04-22,27,0.025615694001317,9.674957254901528e-05,LSTM,DL
2025-04-22,27,0.0256156938804372,0.0016874885732237,LightGBM,ML
2025-04-22,27,0.0256156938804372,0.0044316333970825,RandomForest,ML
2025-04-22,27,0.025615694001317,-0.0006133416318334,TCN,DL
2025-04-22,27,0.025615694001317,-0.0006537747685797,TFT,DL
2025-04-22,27,0.025615694001317,0.000506643555127,Transformer,DL
2025-04-22,27,0.0256156938804372,0.0017100903205573,XGBoost,ML
2025-04-23,27,0.0252976957708597,-0.0020254689734429,CNN_LSTM,DL
2025-04-23,27,0.0252976957708597,-0.0004004482761956,LSTM,DL
2025-04-23,27,0.0252976958489035,0.0011958400746437,LightGBM,ML
2025-04-23,27,0.0252976958489035,0.0036340692942434,RandomForest,ML
2025-04-23,27,0.0252976957708597,-0.0006975611322559,TCN,DL
2025-04-23,27,0.0252976957708597,-0.0006612085853703,TFT,DL
2025-04-23,27,0.0252976957708597,0.0005074411164969,Transformer,DL
2025-04-23,27,0.0252976958489035,0.0009651342406868,XGBoost,ML
2025-04-24,27,0.0168257355690002,-0.0023064550478011,CNN_LSTM,DL
2025-04-24,27,0.0168257355690002,-0.0021538932342082,LSTM,DL
2025-04-24,27,0.0168257359128063,0.0009005067260666,LightGBM,ML
2025-04-24,27,0.0168257359128063,0.00242544002225,RandomForest,ML
2025-04-24,27,0.0168257355690002,-0.0011743849609047,TCN,DL
2025-04-24,27,0.0168257355690002,-0.0007449649856425,TFT,DL
2025-04-24,27,0.0168257355690002,0.0005467241862788,Transformer,DL
2025-04-24,27,0.0168257359128063,0.0017100903205573,XGBoost,ML
2025-04-25,27,-0.0083353957161307,-0.0025728070177137,CNN_LSTM,DL
2025-04-25,27,-0.0083353957161307,-0.0036223102360963,LSTM,DL
2025-04-25,27,-0.0083353960045271,0.0016415991022408,LightGBM,ML
2025-04-25,27,-0.0083353960045271,0.0024349771756021,RandomForest,ML
2025-04-25,27,-0.0083353957161307,3.614573506638408e-05,TCN,DL
2025-04-25,27,-0.0083353957161307,-0.000731592241209,TFT,DL
2025-04-25,27,-0.0083353957161307,-0.0011509070172905,Transformer,DL
2025-04-25,27,-0.0083353960045271,0.0017100903205573,XGBoost,ML
2025-04-28,27,-0.002801819704473,-0.0025006690993905,CNN_LSTM,DL
2025-04-28,27,-0.002801819704473,-0.0037277741357684,LSTM,DL
2025-04-28,27,-0.0028018196108319,0.0016415991022408,LightGBM,ML
2025-04-28,27,-0.0028018196108319,0.0014976558286562,RandomForest,ML
2025-04-28,27,-0.002801819704473,-0.0011967890895903,TCN,DL
2025-04-28,27,-0.002801819704473,-0.0007232964853756,TFT,DL
2025-04-28,27,-0.002801819704473,0.0006232502637431,Transformer,DL
2025-04-28,27,-0.0028018196108319,0.0009807178284972,XGBoost,ML
2025-04-29,27,-0.0084915552288293,-0.0023757827002555,CNN_LSTM,DL
2025-04-29,27,-0.0084915552288293,-0.0034373058006167,LSTM,DL
2025-04-29,27,-0.0084915556387773,0.0013050547852335,LightGBM,ML
2025-04-29,27,-0.0084915556387773,0.0051530020433815,RandomForest,ML
2025-04-29,27,-0.0084915552288293,-0.0004939800710417,TCN,DL
2025-04-29,27,-0.0084915552288293,-0.0006486535421572,TFT,DL
2025-04-29,27,-0.0084915552288293,-0.0011849736329168,Transformer,DL
2025-04-29,27,-0.0084915556387773,0.0009807178284972,XGBoost,ML
2025-04-30,27,0.0157429967075586,-0.0017802931834012,CNN_LSTM,DL
2025-04-30,27,0.0157429967075586,-0.0026102899573743,LSTM,DL
2025-04-30,27,0.015742996838836,0.0014264959086755,LightGBM,ML
2025-04-30,27,0.015742996838836,0.0062515770962511,RandomForest,ML
2025-04-30,27,0.0157429967075586,-0.0010986567940562,TCN,DL
2025-04-30,27,0.0157429967075586,-0.0006105247302912,TFT,DL
2025-04-30,27,0.0157429967075586,0.0001849983818829,Transformer,DL
2025-04-30,27,0.015742996838836,0.0017100903205573,XGBoost,ML
2025-05-01,28,0.0169250275939703,-8.547131437808275e-05,CNN_LSTM,DL
2025-05-01,28,0.0169250275939703,0.0031129014678299,LSTM,DL
2025-05-01,28,0.0169250275378767,0.0023222246110758,LightGBM,ML
2025-05-01,28,0.0169250275378767,0.0006605263218454,RandomForest,ML
2025-05-01,28,0.0169250275939703,-0.0014841319061815,TCN,DL
2025-05-01,28,0.0169250275939703,0.0014012189349159,TFT,DL
2025-05-01,28,0.0169250275939703,0.0017954095965251,Transformer,DL
2025-05-01,28,0.0169250275378767,-0.0001192211639136,XGBoost,ML
2025-05-02,28,0.0010974542237818,0.0010273230727761,CNN_LSTM,DL
2025-05-02,28,0.0010974542237818,0.0035609956830739,LSTM,DL
2025-05-02,28,0.0010974542140516,-3.341174657113755e-05,LightGBM,ML
2025-05-02,28,0.0010974542140516,0.0011784147250782,RandomForest,ML
2025-05-02,28,0.0010974542237818,0.0030129619408398,TCN,DL
2025-05-02,28,0.0010974542237818,0.0013914346927776,TFT,DL
2025-05-02,28,0.0010974542237818,0.0020309784449636,Transformer,DL
2025-05-02,28,0.0010974542140516,0.001029331702739,XGBoost,ML
2025-05-05,28,-0.0059680226258933,0.0014573733787983,CNN_LSTM,DL
2025-05-05,28,-0.0059680226258933,0.0034729493781924,LSTM,DL
2025-05-05,28,-0.0059680228251318,-0.0061219203667828,LightGBM,ML
2025-05-05,28,-0.0059680228251318,-0.0040695435448024,RandomForest,ML
2025-05-05,28,-0.0059680226258933,-0.0011008093133568,TCN,DL
2025-05-05,28,-0.0059680226258933,0.0013936712639406,TFT,DL
2025-05-05,28,-0.0059680226258933,0.0008847523713484,Transformer,DL
2025-05-05,28,-0.0059680228251318,-0.0031917074229568,XGBoost,ML
2025-05-06,28,-0.0725969597697258,0.0008168240310624,CNN_LSTM,DL
2025-05-06,28,-0.0725969597697258,0.0024127869401127,LSTM,DL
2025-05-06,28,-0.0725969609432187,-0.0007612696782012,LightGBM,ML
2025-05-06,28,-0.0725969609432187,-0.000802510395406,RandomForest,ML
2025-05-06,28,-0.0725969597697258,-0.0012664722744375,TCN,DL
2025-05-06,28,-0.0725969597697258,0.0013846217188984,TFT,DL
2025-05-06,28,-0.0725969597697258,0.0013302711304277,Transformer,DL
2025-05-06,28,-0.0725969609432187,0.0012145631480962,XGBoost,ML
2025-05-07,28,0.0191571898758411,-1.402186171617359e-05,CNN_LSTM,DL
2025-05-07,28,0.0191571898758411,0.002053810050711,LSTM,DL
2025-05-07,28,0.0191571895861513,-0.0015896571894443,LightGBM,ML
2025-05-07,28,0.0191571895861513,-0.0002005412334443,RandomForest,ML
2025-05-07,28,0.0191571898758411,-0.0015689401188865,TCN,DL
2025-05-07,28,0.0191571898758411,0.0014011595631018,TFT,DL
2025-05-07,28,0.0191571898758411,-0.0022921292111277,Transformer,DL
2025-05-07,28,0.0191571895861513,-0.002107237232849,XGBoost,ML
2025-05-08,28,-0.0099171381443738,0.0003581096534617,CNN_LSTM,DL
2025-05-08,28,-0.0099171381443738,0.0024233674630522,LSTM,DL
2025-05-08,28,-0.0099171381675187,0.0006029803501925,LightGBM,ML
2025-05-08,28,-0.0099171381675187,0.0012774617525238,RandomForest,ML
2025-05-08,28,-0.0099171381443738,0.0001560732489451,TCN,DL
2025-05-08,28,-0.0099171381443738,0.0014245060738176,TFT,DL
2025-05-08,28,-0.0099171381443738,0.0015630619600415,Transformer,DL
2025-05-08,28,-0.0099171381675187,0.0003713241603691,XGBoost,ML
2025-05-09,28,0.0373813435435295,0.0051940660923719,CNN_LSTM,DL
2025-05-09,28,0.0373813435435295,0.0030905792955309,LSTM,DL
2025-05-09,28,0.0373813426851801,0.0056845437178443,LightGBM,ML
2025-05-09,28,0.0373813426851801,0.0052253382694904,RandomForest,ML
2025-05-09,28,0.0373813435435295,0.0006190084386616,TCN,DL
2025-05-09,28,0.0373813435435295,0.0014430595329031,TFT,DL
2025-05-09,28,0.0373813435435295,0.0018153057899326,Transformer,DL
2025-05-09,28,0.0373813426851801,0.0022871163673698,XGBoost,ML
2025-05-12,28,0.0067524537444114,0.0039514075033366,CNN_LSTM,DL
2025-05-12,28,0.0067524537444114,0.0028033088892698,LSTM,DL
2025-05-12,28,0.0067524539564813,0.0035654233506219,LightGBM,ML
2025-05-12,28,0.0067524539564813,0.0024387678119894,RandomForest,ML
2025-05-12,28,0.0067524537444114,0.0019875634461641,TCN,DL
2025-05-12,28,0.0067524537444114,0.0014244159683585,TFT,DL
2025-05-12,28,0.0067524537444114,-0.0008925035363063,Transformer,DL
2025-05-12,28,0.0067524539564813,0.0013102543307468,XGBoost,ML
2025-05-13,28,0.0366076119244098,0.0021197681780904,CNN_LSTM,DL
2025-05-13,28,0.0366076119244098,0.0010644816793501,LSTM,DL
2025-05-13,28,0.0366076117153335,0.0021699671216937,LightGBM,ML
2025-05-13,28,0.0366076117153335,0.0022353127913351,RandomForest,ML
2025-05-13,28,0.0366076119244098,0.004017427098006,TCN,DL
2025-05-13,28,0.0366076119244098,0.0014014976331964,TFT,DL
2025-05-13,28,0.0366076119244098,0.0035238119307905,Transformer,DL
2025-05-13,28,0.0366076117153335,0.0013701291754841,XGBoost,ML
2025-05-14,28,-0.0085264015942811,0.0003444815520197,CNN_LSTM,DL
2025-05-14,28,-0.0085264015942811,-0.0009373400826007,LSTM,DL
2025-05-14,28,-0.0085264014777418,-4.144859147757967e-05,LightGBM,ML
2025-05-14,28,-0.0085264014777418,-0.0038994310453323,RandomForest,ML
2025-05-14,28,-0.0085264015942811,0.0008370091672986,TCN,DL
2025-05-14,28,-0.0085264015942811,0.0013860744656994,TFT,DL
2025-05-14,28,-0.0085264015942811,-0.0015582666965201,Transformer,DL
2025-05-14,28,-0.0085264014777418,0.0004154992930125,XGBoost,ML
2025-05-15,28,0.0136009911075234,-0.0016033945139497,CNN_LSTM,DL
2025-05-15,28,0.0136009911075234,-0.0030740043148398,LSTM,DL
2025-05-15,28,0.0136009906968193,0.0003983771775544,LightGBM,ML
2025-05-15,28,0.0136009906968193,-0.000782408517029,RandomForest,ML
2025-05-15,28,0.0136009911075234,-0.0065948460251092,TCN,DL
2025-05-15,28,0.0136009911075234,0.0014034217456355,TFT,DL
2025-05-15,28,0.0136009911075234,0.0009339769603684,Transformer,DL
2025-05-15,28,0.0136009906968193,0.001377347507514,XGBoost,ML
2025-05-16,28,0.0021058914717286,-0.0017691361717879,CNN_LSTM,DL
2025-05-16,28,0.0021058914717286,-0.0019961951766163,LSTM,DL
2025-05-16,28,0.0021058913583602,-0.0024005052150914,LightGBM,ML
2025-05-16,28,0.0021058913583602,-0.0009214328697201,RandomForest,ML
2025-05-16,28,0.0021058914717286,-7.253047078847885e-05,TCN,DL
2025-05-16,28,0.0021058914717286,0.0014135789824649,TFT,DL
2025-05-16,28,0.0021058914717286,-0.0034647753927856,Transformer,DL
2025-05-16,28,0.0021058913583602,0.0003937952860724,XGBoost,ML
2025-05-19,28,-0.0153715806081891,-0.0010147430002689,CNN_LSTM,DL
2025-05-19,28,-0.0153715806081891,-0.0012381576234474,LSTM,DL
2025-05-19,28,-0.0153715803863305,-0.001640326561571,LightGBM,ML
2025-05-19,28,-0.0153715803863305,-0.0018096024427054,RandomForest,ML
2025-05-19,28,-0.0153715806081891,-0.0053984257392585,TCN,DL
2025-05-19,28,-0.0153715806081891,0.0014116746606305,TFT,DL
2025-05-19,28,-0.0153715806081891,-0.0023401174694299,Transformer,DL
2025-05-19,28,-0.0153715803863305,-0.0012320193927735,XGBoost,ML
2025-05-20,28,0.0279302094131708,-0.0003640728245954,CNN_LSTM,DL
2025-05-20,28,0.0279302094131708,0.0010081805521622,LSTM,DL
2025-05-20,28,0.0279302095605504,-2.649504004612383e-05,LightGBM,ML
2025-05-20,28,0.0279302095605504,-0.0013431939236457,RandomForest,ML
2025-05-20,28,0.0279302094131708,-0.0002871363831218,TCN,DL
2025-05-20,28,0.0279302094131708,0.0014182333834469,TFT,DL
2025-05-20,28,0.0279302094131708,-0.0027572931721806,Transformer,DL
2025-05-20,28,0.0279302095605504,-0.000792690552771,XGBoost,ML
2025-05-21,28,0.01370429713279,0.0012790812179446,CNN_LSTM,DL
2025-05-21,28,0.01370429713279,0.0023280915338546,LSTM,DL
2025-05-21,28,0.0137042966956497,-0.0039741713697797,LightGBM,ML
2025-05-21,28,0.0137042966956497,-0.0048855220006368,RandomForest,ML
2025-05-21,28,0.01370429713279,0.0020239609293639,TCN,DL
2025-05-21,28,0.01370429713279,0.0014170721406117,TFT,DL
2025-05-21,28,0.01370429713279,0.0009219378698617,Transformer,DL
2025-05-21,28,0.0137042966956497,-0.0032147874590009,XGBoost,ML
2025-05-22,28,-0.0140458336099982,0.0040445304475724,CNN_LSTM,DL
2025-05-22,28,-0.0140458336099982,0.0033125791233032,LSTM,DL
2025-05-22,28,-0.0140458340097876,-0.0009704048550064,LightGBM,ML
2025-05-22,28,-0.0140458340097876,-0.0005710634303383,RandomForest,ML
2025-05-22,28,-0.0140458336099982,0.0038728211075067,TCN,DL
2025-05-22,28,-0.0140458336099982,0.0014019203372299,TFT,DL
2025-05-22,28,-0.0140458336099982,0.0022104289382696,Transformer,DL
2025-05-22,28,-0.0140458340097876,0.0010540460934862,XGBoost,ML
2025-05-23,28,0.0262954905629158,0.0040194634348154,CNN_LSTM,DL
2025-05-23,28,0.0262954905629158,0.0030114904511719,LSTM,DL
2025-05-23,28,0.0262954905629138,0.0033565405074161,LightGBM,ML
2025-05-23,28,0.0262954905629138,0.0007142693589256,RandomForest,ML
2025-05-23,28,0.0262954905629158,0.003810963127762,TCN,DL
2025-05-23,28,0.0262954905629158,0.0014096783706918,TFT,DL
2025-05-23,28,0.0262954905629158,-0.0043181413784623,Transformer,DL
2025-05-23,28,0.0262954905629138,0.0010688697220757,XGBoost,ML
2025-05-27,28,-0.0031231062021106,0.0042564021423459,CNN_LSTM,DL
2025-05-27,28,-0.0031231062021106,0.0035369803663343,LSTM,DL
2025-05-27,28,-0.0031231061893272,0.0005541087367352,LightGBM,ML
2025-05-27,28,-0.0031231061893272,0.0011674484113738,RandomForest,ML
2025-05-27,28,-0.0031231062021106,0.0027817289810627,TCN,DL
2025-05-27,28,-0.0031231062021106,0.0014096777886152,TFT,DL
2025-05-27,28,-0.0031231062021106,0.0006465475307777,Transformer,DL
2025-05-27,28,-0.0031231061893272,-0.000165020202985,XGBoost,ML
2025-05-28,28,-0.0029010153375566,0.0039907624013721,CNN_LSTM,DL
2025-05-28,28,-0.0029010153375566,0.0036781060043722,LSTM,DL
2025-05-28,28,-0.0029010152710103,-0.0017574806630612,LightGBM,ML
2025-05-28,28,-0.0029010152710103,-0.0022669005580094,RandomForest,ML
2025-05-28,28,-0.0029010153375566,-0.001684348215349,TCN,DL
2025-05-28,28,-0.0029010153375566,0.0014088697498664,TFT,DL
2025-05-28,28,-0.0029010153375566,-0.0010829337406903,Transformer,DL
2025-05-28,28,-0.0029010152710103,-0.0021390074398368,XGBoost,ML
2025-05-29,28,-0.0006980948382988,0.0028610848821699,CNN_LSTM,DL
2025-05-29,28,-0.0006980948382988,0.0032558261882513,LSTM,DL
2025-05-29,28,-0.0006980948536493,0.0038706160981707,LightGBM,ML
2025-05-29,28,-0.0006980948536493,0.0024063589444817,RandomForest,ML
2025-05-29,28,-0.0006980948382988,0.0059911999851465,TCN,DL
2025-05-29,28,-0.0006980948382988,0.0014078228268772,TFT,DL
2025-05-29,28,-0.0006980948382988,-0.0029128338210284,Transformer,DL
2025-05-29,28,-0.0006980948536493,0.0004138624644838,XGBoost,ML
2025-05-30,28,-0.0157796256244182,0.0032603326253592,CNN_LSTM,DL
2025-05-30,28,-0.0157796256244182,0.0041102543473243,LSTM,DL
2025-05-30,28,-0.015779626033385,0.0028028035507455,LightGBM,ML
2025-05-30,28,-0.015779626033385,0.0014150655175325,RandomForest,ML
2025-05-30,28,-0.0157796256244182,-0.0017081332625821,TCN,DL
2025-05-30,28,-0.0157796256244182,0.0014176029944792,TFT,DL
2025-05-30,28,-0.0157796256244182,-0.0006503184558823,Transformer,DL
2025-05-30,28,-0.015779626033385,0.000883063301444,XGBoost,ML
2025-06-02,29,-0.0168610718101263,0.0005855227354913,CNN_LSTM,DL
2025-06-02,29,-0.0168610718101263,0.0017492042388767,LSTM,DL
2025-06-02,29,-0.0168610716133654,0.0030619160456223,LightGBM,ML
2025-06-02,29,-0.0168610716133654,0.0011425907241783,RandomForest,ML
2025-06-02,29,-0.0168610718101263,0.0007177281659096,TCN,DL
2025-06-02,29,-0.0168610718101263,0.001582222408615,TFT,DL
2025-06-02,29,-0.0168610718101263,0.0048654819838702,Transformer,DL
2025-06-02,29,-0.0168610716133654,0.0014301050687208,XGBoost,ML
2025-06-03,29,0.0112528763711452,0.0002138163690688,CNN_LSTM,DL
2025-06-03,29,0.0112528763711452,0.0018384490394964,LSTM,DL
2025-06-03,29,0.0112528760598111,0.0022924939548638,LightGBM,ML
2025-06-03,29,0.0112528760598111,0.0039050546598042,RandomForest,ML
2025-06-03,29,0.0112528763711452,-0.0002949226181954,TCN,DL
2025-06-03,29,0.0112528763711452,0.0015785719733685,TFT,DL
2025-06-03,29,0.0112528763711452,0.0020338725298643,Transformer,DL
2025-06-03,29,0.0112528760598111,0.0007970128208398,XGBoost,ML
2025-06-04,29,0.000952290429268,0.0001975071209017,CNN_LSTM,DL
2025-06-04,29,0.000952290429268,0.0029040717054158,LSTM,DL
2025-06-04,29,0.0009522904228118,0.0031834317379293,LightGBM,ML
2025-06-04,29,0.0009522904228118,0.0066973239668714,RandomForest,ML
2025-06-04,29,0.000952290429268,0.0008907171431928,TCN,DL
2025-06-04,29,0.000952290429268,0.0015826994786038,TFT,DL
2025-06-04,29,0.000952290429268,0.0059506995603442,Transformer,DL
2025-06-04,29,0.0009522904228118,0.0024410036858171,XGBoost,ML
2025-06-05,29,0.0325187183916568,-0.0004898929037153,CNN_LSTM,DL
2025-06-05,29,0.0325187183916568,0.0026542986743152,LSTM,DL
2025-06-05,29,0.0325187181861785,-0.0002238969437242,LightGBM,ML
2025-06-05,29,0.0325187181861785,0.0007030009932639,RandomForest,ML
2025-06-05,29,0.0325187183916568,0.0001669815683271,TCN,DL
2025-06-05,29,0.0325187183916568,0.0015746431890875,TFT,DL
2025-06-05,29,0.0325187183916568,0.0050690523348748,Transformer,DL
2025-06-05,29,0.0325187181861785,0.0029858793132007,XGBoost,ML
2025-06-06,29,0.0151034109294414,-0.0035995179787278,CNN_LSTM,DL
2025-06-06,29,0.0151034109294414,0.0011879374505952,LSTM,DL
2025-06-06,29,0.0151034107641776,0.0002655800244347,LightGBM,ML
2025-06-06,29,0.0151034107641776,-0.002106471153545,RandomForest,ML
2025-06-06,29,0.0151034109294414,0.000373915041564,TCN,DL
2025-06-06,29,0.0151034109294414,0.0015331966569647,TFT,DL
2025-06-06,29,0.0151034109294414,-0.0021551132667809,Transformer,DL
2025-06-06,29,0.0151034107641776,-4.981641541235149e-05,XGBoost,ML
2025-06-09,29,0.0142542552202939,-0.0036657718010246,CNN_LSTM,DL
2025-06-09,29,0.0142542552202939,0.0006081359460949,LSTM,DL
2025-06-09,29,0.0142542550222246,0.0008767105515987,LightGBM,ML
2025-06-09,29,0.0142542550222246,-0.0018291730213323,RandomForest,ML
2025-06-09,29,0.0142542552202939,-0.0015708500286564,TCN,DL
2025-06-09,29,0.0142542552202939,0.0015707720303907,TFT,DL
2025-06-09,29,0.0142542552202939,-0.0013762718299403,Transformer,DL
2025-06-09,29,0.0142542550222246,-0.0006338875973597,XGBoost,ML
2025-06-10,29,-0.0069989399053156,-0.0032776242587715,CNN_LSTM,DL
2025-06-10,29,-0.0069989399053156,-0.0004808522353414,LSTM,DL
2025-06-10,29,-0.0069989398994252,-0.0011084283973767,LightGBM,ML
2025-06-10,29,-0.0069989398994252,-0.0041115621479373,RandomForest,ML
2025-06-10,29,-0.0069989399053156,-0.0010287626646459,TCN,DL
2025-06-10,29,-0.0069989399053156,0.0015671201981604,TFT,DL
2025-06-10,29,-0.0069989399053156,-0.0002277915482409,Transformer,DL
2025-06-10,29,-0.0069989398994252,-0.0010007076198235,XGBoost,ML
2025-06-11,29,-0.0093037094920873,-0.0025080521591007,CNN_LSTM,DL
2025-06-11,29,-0.0093037094920873,-0.0010496388422325,LSTM,DL
2025-06-11,29,-0.0093037099284409,0.0003416605577912,LightGBM,ML
2025-06-11,29,-0.0093037099284409,-0.0012230496130701,RandomForest,ML
2025-06-11,29,-0.0093037094920873,-0.0005038584349676,TCN,DL
2025-06-11,29,-0.0093037094920873,0.0015631081769242,TFT,DL
2025-06-11,29,-0.0093037094920873,-0.0032026872504502,Transformer,DL
2025-06-11,29,-0.0093037099284409,-0.0009966773213818,XGBoost,ML
2025-06-12,29,-0.0058622066862881,3.5849036066792905e-05,CNN_LSTM,DL
2025-06-12,29,-0.0058622066862881,-0.0003599133051466,LSTM,DL
2025-06-12,29,-0.0058622067841972,0.0027728863101896,LightGBM,ML
2025-06-12,29,-0.0058622067841972,0.0035570389804247,RandomForest,ML
2025-06-12,29,-0.0058622066862881,0.001075206673704,TCN,DL
2025-06-12,29,-0.0058622066862881,0.0015667465049773,TFT,DL
2025-06-12,29,-0.0058622066862881,0.0019408307271078,Transformer,DL
2025-06-12,29,-0.0058622067841972,-0.0009966773213818,XGBoost,ML
2025-06-13,29,0.0120226945728063,0.0019680676050484,CNN_LSTM,DL
2025-06-13,29,0.0120226945728063,0.0008916234364733,LSTM,DL
2025-06-13,29,0.0120226943196306,0.0012168679637425,LightGBM,ML
2025-06-13,29,0.0120226943196306,0.0048036336008088,RandomForest,ML
2025-06-13,29,0.0120226945728063,0.0001872770662885,TCN,DL
2025-06-13,29,0.0120226945728063,0.0015986142680048,TFT,DL
2025-06-13,29,0.0120226945728063,0.0024581188336014,Transformer,DL
2025-06-13,29,0.0120226943196306,-0.0005273187998682,XGBoost,ML
2025-06-16,29,-0.0046388478949666,0.0029326085932552,CNN_LSTM,DL
2025-06-16,29,-0.0046388478949666,0.0021801488474011,LSTM,DL
2025-06-16,29,-0.004638847758527,0.000771746484185,LightGBM,ML
2025-06-16,29,-0.004638847758527,0.0068634281330842,RandomForest,ML
2025-06-16,29,-0.0046388478949666,0.0009702936513349,TCN,DL
2025-06-16,29,-0.0046388478949666,0.0016382688190788,TFT,DL
2025-06-16,29,-0.0046388478949666,0.0058558164164423,Transformer,DL
2025-06-16,29,-0.004638847758527,0.0034177112393081,XGBoost,ML
2025-06-17,29,-0.0149473333731293,0.0017687368672341,CNN_LSTM,DL
2025-06-17,29,-0.0149473333731293,0.0022411285899579,LSTM,DL
2025-06-17,29,-0.0149473336052525,0.0008360991844606,LightGBM,ML
2025-06-17,29,-0.0149473336052525,0.0032655625050418,RandomForest,ML
2025-06-17,29,-0.0149473333731293,0.000809293356724,TCN,DL
2025-06-17,29,-0.0149473333731293,0.0016566989943385,TFT,DL
2025-06-17,29,-0.0149473333731293,0.0057146521285176,Transformer,DL
2025-06-17,29,-0.0149473336052525,0.0017654243856668,XGBoost,ML
2025-06-18,29,-0.0385414771735668,0.0001750174851622,CNN_LSTM,DL
2025-06-18,29,-0.0385414771735668,0.0022487132810056,LSTM,DL
2025-06-18,29,-0.0385414789282058,-0.0002264477406826,LightGBM,ML
2025-06-18,29,-0.0385414789282058,0.0004199365979619,RandomForest,ML
2025-06-18,29,-0.0385414771735668,0.0002679243334569,TCN,DL
2025-06-18,29,-0.0385414771735668,0.0016619346570223,TFT,DL
2025-06-18,29,-0.0385414771735668,0.0059413644485175,Transformer,DL
2025-06-18,29,-0.0385414789282058,-0.0007065921672619,XGBoost,ML
2025-06-20,29,-0.0087014632299542,-0.0011612047674134,CNN_LSTM,DL
2025-06-20,29,-0.0087014632299542,0.002162497723475,LSTM,DL
2025-06-20,29,-0.0087014633491403,-0.0048026332235493,LightGBM,ML
2025-06-20,29,-0.0087014633491403,-0.0010064193089523,RandomForest,ML
2025-06-20,29,-0.0087014632299542,0.0007049097912386,TCN,DL
2025-06-20,29,-0.0087014632299542,0.0016668896423652,TFT,DL
2025-06-20,29,-0.0087014632299542,0.0023334673605859,Transformer,DL
2025-06-20,29,-0.0087014633491403,-0.0022157828789204,XGBoost,ML
2025-06-23,29,0.0095648616552352,-0.0011730369878932,CNN_LSTM,DL
2025-06-23,29,0.0095648616552352,0.0026065334677696,LSTM,DL
2025-06-23,29,0.0095648620561825,0.0022094133362432,LightGBM,ML
2025-06-23,29,0.0095648620561825,0.0027660951213668,RandomForest,ML
2025-06-23,29,0.0095648616552352,0.0008366425754502,TCN,DL
2025-06-23,29,0.0095648616552352,0.0016850761603564,TFT,DL
2025-06-23,29,0.0095648616552352,0.0053616138175129,Transformer,DL
2025-06-23,29,0.0095648620561825,0.0048514497466385,XGBoost,ML
2025-06-24,29,0.0234453305602073,-0.0004682832222897,CNN_LSTM,DL
2025-06-24,29,0.0234453305602073,0.0038466865662485,LSTM,DL
2025-06-24,29,0.0234453314468177,0.0030414482734151,LightGBM,ML
2025-06-24,29,0.0234453314468177,0.0058649245848334,RandomForest,ML
2025-06-24,29,0.0234453305602073,0.002506306162104,TCN,DL
2025-06-24,29,0.0234453305602073,0.001668180571869,TFT,DL
2025-06-24,29,0.0234453305602073,0.0065351277589797,Transformer,DL
2025-06-24,29,0.0234453314468177,0.0038356899749487,XGBoost,ML
2025-06-25,29,0.0167565885931253,-0.0026372415013611,CNN_LSTM,DL
2025-06-25,29,0.0167565885931253,0.0032370931003242,LSTM,DL
2025-06-25,29,0.0167565886664167,0.0031153392419113,LightGBM,ML
2025-06-25,29,0.0167565886664167,0.0038845106226952,RandomForest,ML
2025-06-25,29,0.0167565885931253,0.0017239815788343,TCN,DL
2025-06-25,29,0.0167565885931253,0.0016709845513105,TFT,DL
2025-06-25,29,0.0167565885931253,0.0056850467808544,Transformer,DL
2025-06-25,29,0.0167565886664167,0.0035353391431272,XGBoost,ML
2025-06-26,29,0.0287541914731264,-0.0046976255252957,CNN_LSTM,DL
2025-06-26,29,0.0287541914731264,0.0016502251382917,LSTM,DL
2025-06-26,29,0.0287541916812843,-0.0013405134480133,LightGBM,ML
2025-06-26,29,0.0287541916812843,-0.0020008412381597,RandomForest,ML
2025-06-26,29,0.0287541914731264,0.00052980275359,TCN,DL
2025-06-26,29,0.0287541914731264,0.0016568931750953,TFT,DL
2025-06-26,29,0.0287541914731264,-0.0015854351222515,Transformer,DL
2025-06-26,29,0.0287541916812843,-0.0011538703693076,XGBoost,ML
2025-06-27,29,-0.0128831025213003,-0.0069470736198127,CNN_LSTM,DL
2025-06-27,29,-0.0128831025213003,-0.0001834744471125,LSTM,DL
2025-06-27,29,-0.0128831028400333,0.0004915758815602,LightGBM,ML
2025-06-27,29,-0.0128831028400333,-0.0017334484406972,RandomForest,ML
2025-06-27,29,-0.0128831025213003,-0.0003976153384428,TCN,DL
2025-06-27,29,-0.0128831025213003,0.0016455568838864,TFT,DL
2025-06-27,29,-0.0128831025213003,-0.0036364037077873,Transformer,DL
2025-06-27,29,-0.0128831028400333,0.0003326140576973,XGBoost,ML
2025-06-30,29,-0.0022129733115434,-0.0071068950928747,CNN_LSTM,DL
2025-06-30,29,-0.0022129733115434,-0.0014510048786178,LSTM,DL
2025-06-30,29,-0.0022129731965664,0.0027588450157776,LightGBM,ML
2025-06-30,29,-0.0022129731965664,0.0001345477731597,RandomForest,ML
2025-06-30,29,-0.0022129733115434,-0.0012675512116402,TCN,DL
2025-06-30,29,-0.0022129733115434,0.0016489756526425,TFT,DL
2025-06-30,29,-0.0022129733115434,-0.0032201788853853,Transformer,DL
2025-06-30,29,-0.0022129731965664,-0.0002574365353211,XGBoost,ML
2025-07-01,30,0.0159235689789056,-0.0056419428437948,CNN_LSTM,DL
2025-07-01,30,0.0159235689789056,-0.0010523039381951,LSTM,DL
2025-07-01,30,0.0159235690932733,-0.0003679977426874,LightGBM,ML
2025-07-01,30,0.0159235690932733,0.0005144644345322,RandomForest,ML
2025-07-01,30,0.0159235689789056,-0.0001906367251649,TCN,DL
2025-07-01,30,0.0159235689789056,0.0029094035271555,TFT,DL
2025-07-01,30,0.0159235689789056,0.0006221268558874,Transformer,DL
2025-07-01,30,0.0159235690932733,-0.0013175063068047,XGBoost,ML
2025-07-02,30,0.0049821017310023,-0.0004913897137157,CNN_LSTM,DL
2025-07-02,30,0.0049821017310023,0.001771721872501,LSTM,DL
2025-07-02,30,0.0049821019205436,0.0010875714107933,LightGBM,ML
2025-07-02,30,0.0049821019205436,0.0001393455372548,RandomForest,ML
2025-07-02,30,0.0049821017310023,-3.953513078158721e-05,TCN,DL
2025-07-02,30,0.0049821017310023,0.0028919130563735,TFT,DL
2025-07-02,30,0.0049821017310023,-0.0016813640249893,Transformer,DL
2025-07-02,30,0.0049821019205436,0.0003801165439654,XGBoost,ML
2025-07-03,30,-0.0152620812878012,0.0060423957183957,CNN_LSTM,DL
2025-07-03,30,-0.0152620812878012,0.0028784773312509,LSTM,DL
2025-07-03,30,-0.0152620817400838,4.831196397746002e-06,LightGBM,ML
2025-07-03,30,-0.0152620817400838,0.0033060511510956,RandomForest,ML
2025-07-03,30,-0.0152620812878012,-1.619237445993349e-05,TCN,DL
2025-07-03,30,-0.0152620812878012,0.002906609326601,TFT,DL
2025-07-03,30,-0.0152620812878012,0.0011261192848905,Transformer,DL
2025-07-03,30,-0.0152620817400838,-0.0003750615869648,XGBoost,ML
2025-07-07,30,-0.0137451076880097,0.0049075144343078,CNN_LSTM,DL
2025-07-07,30,-0.0137451076880097,0.0024403401184827,LSTM,DL
2025-07-07,30,-0.0137451073802477,-8.499123053257976e-05,LightGBM,ML
2025-07-07,30,-0.0137451073802477,-0.0005401186433785,RandomForest,ML
2025-07-07,30,-0.0137451076880097,-0.0003583100042305,TCN,DL
2025-07-07,30,-0.0137451076880097,0.0029182159341871,TFT,DL
2025-07-07,30,-0.0137451076880097,0.0001540520897833,Transformer,DL
2025-07-07,30,-0.0137451073802477,-0.0013546836562454,XGBoost,ML
2025-07-08,30,0.012961664237082,0.000518279382959,CNN_LSTM,DL
2025-07-08,30,0.012961664237082,0.0020982490386813,LSTM,DL
2025-07-08,30,0.0129616643014667,0.0013341928294768,LightGBM,ML
2025-07-08,30,0.0129616643014667,0.0033257946961469,RandomForest,ML
2025-07-08,30,0.012961664237082,-0.0006751175969839,TCN,DL
2025-07-08,30,0.012961664237082,0.002961550373584,TFT,DL
2025-07-08,30,0.012961664237082,-0.0013220739783719,Transformer,DL
2025-07-08,30,0.0129616643014667,0.0015859061386436,XGBoost,ML
2025-07-09,30,0.0056619048118591,0.0098755760118365,CNN_LSTM,DL
2025-07-09,30,0.0056619048118591,0.0033732592128217,LSTM,DL
2025-07-09,30,0.005661904644475,0.0021399587260523,LightGBM,ML
2025-07-09,30,0.005661904644475,0.0028558465450725,RandomForest,ML
2025-07-09,30,0.0056619048118591,-0.0009135142317973,TCN,DL
2025-07-09,30,0.0056619048118591,0.0029540553223341,TFT,DL
2025-07-09,30,0.0056619048118591,0.0021858881227672,Transformer,DL
2025-07-09,30,0.005661904644475,0.0002780260692816,XGBoost,ML
2025-07-10,30,0.014469176530838,0.013204451650381,CNN_LSTM,DL
2025-07-10,30,0.014469176530838,0.0033859668765217,LSTM,DL
2025-07-10,30,0.0144691761669175,0.0060281199125336,LightGBM,ML
2025-07-10,30,0.0144691761669175,0.0067418551441401,RandomForest,ML
2025-07-10,30,0.014469176530838,-0.0002193474210798,TCN,DL
2025-07-10,30,0.014469176530838,0.0029353534337133,TFT,DL
2025-07-10,30,0.014469176530838,0.0035321752075105,Transformer,DL
2025-07-10,30,0.0144691761669175,0.0053813229314982,XGBoost,ML
2025-07-11,30,0.0076029617339372,0.0075191496871411,CNN_LSTM,DL
2025-07-11,30,0.0076029617339372,0.0029424407985061,LSTM,DL
2025-07-11,30,0.0076029619356596,0.0011914353671015,LightGBM,ML
2025-07-11,30,0.0076029619356596,0.0015502038083515,RandomForest,ML
2025-07-11,30,0.0076029617339372,-0.0005295525770634,TCN,DL
2025-07-11,30,0.0076029617339372,0.0029116675723344,TFT,DL
2025-07-11,30,0.0076029617339372,0.0003416732652112,Transformer,DL
2025-07-11,30,0.0076029619356596,0.0009536502184346,XGBoost,ML
2025-07-14,30,0.0024235052987933,0.0020469904411584,CNN_LSTM,DL
2025-07-14,30,0.0024235052987933,0.000505669217091,LSTM,DL
2025-07-14,30,0.0024235053759531,5.401341308960228e-05,LightGBM,ML
2025-07-14,30,0.0024235053759531,-0.0018356684607504,RandomForest,ML
2025-07-14,30,0.0024235052987933,-0.000760204042308,TCN,DL
2025-07-14,30,0.0024235052987933,0.0028830366209149,TFT,DL
2025-07-14,30,0.0024235052987933,-0.0024192377459257,Transformer,DL
2025-07-14,30,0.0024235053759531,-0.0027262009680271,XGBoost,ML
2025-07-15,30,0.0053297039121389,-0.0032549740280956,CNN_LSTM,DL
2025-07-15,30,0.0053297039121389,-0.0020845381077378,LSTM,DL
2025-07-15,30,0.0053297040650581,-0.0019252713306677,LightGBM,ML
2025-07-15,30,0.0053297040650581,-0.002202089529492,RandomForest,ML
2025-07-15,30,0.0053297039121389,-0.0004956913762725,TCN,DL
2025-07-15,30,0.0053297039121389,0.0028761769644916,TFT,DL
2025-07-15,30,0.0053297039121389,-0.0044964049011468,Transformer,DL
2025-07-15,30,0.0053297040650581,-0.0027262009680271,XGBoost,ML
2025-07-16,30,0.0033337855711579,-0.0071009066887199,CNN_LSTM,DL
2025-07-16,30,0.0033337855711579,-0.0035715238191187,LSTM,DL
2025-07-16,30,0.0033337854777453,0.0004825953163392,LightGBM,ML
2025-07-16,30,0.0033337854777453,0.0031608234979718,RandomForest,ML
2025-07-16,30,0.0033337855711579,-0.0009071253589354,TCN,DL
2025-07-16,30,0.0033337855711579,0.0028980358038097,TFT,DL
2025-07-16,30,0.0033337855711579,-0.0050620348192751,Transformer,DL
2025-07-16,30,0.0033337854777453,0.0006103243213146,XGBoost,ML
2025-07-17,30,0.0080619426444172,-0.0061691626906394,CNN_LSTM,DL
2025-07-17,30,0.0080619426444172,-0.0021934988908469,LSTM,DL
2025-07-17,30,0.0080619421951648,0.0009488962602723,LightGBM,ML
2025-07-17,30,0.0080619421951648,0.003213840031827,RandomForest,ML
2025-07-17,30,0.0080619426444172,-0.0008541018469259,TCN,DL
2025-07-17,30,0.0080619426444172,0.0029043650720268,TFT,DL
2025-07-17,30,0.0080619426444172,-0.0012436332181096,Transformer,DL
2025-07-17,30,0.0080619421951648,0.0007926080143079,XGBoost,ML
2025-07-18,30,0.0272344462573528,-0.0041949609294533,CNN_LSTM,DL
2025-07-18,30,0.0272344462573528,-0.0008771852008067,LSTM,DL
2025-07-18,30,0.0272344457589495,-0.0007147378997449,LightGBM,ML
2025-07-18,30,0.0272344457589495,-0.0002538981573368,RandomForest,ML
2025-07-18,30,0.0272344462573528,-0.0006746989092789,TCN,DL
2025-07-18,30,0.0272344462573528,0.0028946851380169,TFT,DL
2025-07-18,30,0.0272344462573528,-0.0023580966517329,Transformer,DL
2025-07-18,30,0.0272344457589495,-0.0008376108016818,XGBoost,ML
2025-07-21,30,0.0065228058956563,-0.0036136589478701,CNN_LSTM,DL
2025-07-21,30,0.0065228058956563,-1.462485670344904e-05,LSTM,DL
2025-07-21,30,0.0065228060655391,-0.0014939646559858,LightGBM,ML
2025-07-21,30,0.0065228060655391,-0.0022289868370017,RandomForest,ML
2025-07-21,30,0.0065228058956563,-0.0005643069162033,TCN,DL
2025-07-21,30,0.0065228058956563,0.0028854049742221,TFT,DL
2025-07-21,30,0.0065228058956563,-0.0017042389372363,Transformer,DL
2025-07-21,30,0.0065228060655391,-0.0006016911938786,XGBoost,ML
2025-07-22,30,-0.0058011561632156,-0.0041254190728068,CNN_LSTM,DL
2025-07-22,30,-0.0058011561632156,-0.0013510927092283,LSTM,DL
2025-07-22,30,-0.0058011560939256,-0.0004627370201657,LightGBM,ML
2025-07-22,30,-0.0058011560939256,0.0010608869151436,RandomForest,ML
2025-07-22,30,-0.0058011561632156,-0.0006070531671866,TCN,DL
2025-07-22,30,-0.0058011561632156,0.0028941531199961,TFT,DL
2025-07-22,30,-0.0058011561632156,-0.0021998658776283,Transformer,DL
2025-07-22,30,-0.0058011560939256,0.0003780298575293,XGBoost,ML
2025-07-23,30,0.0101980846375226,-0.0060039102099835,CNN_LSTM,DL
2025-07-23,30,0.0101980846375226,-0.0019828837830573,LSTM,DL
2025-07-23,30,0.0101980850814105,-0.0004817740454795,LightGBM,ML
2025-07-23,30,0.0101980850814105,-0.0008892580030982,RandomForest,ML
2025-07-23,30,0.0101980846375226,-0.0007229844923131,TCN,DL
2025-07-23,30,0.0101980846375226,0.0028967724647372,TFT,DL
2025-07-23,30,0.0101980846375226,-0.0008532544597983,Transformer,DL
2025-07-23,30,0.0101980850814105,-0.0001780639286153,XGBoost,ML
2025-07-24,30,0.0052557648159563,-0.0040750787593424,CNN_LSTM,DL
2025-07-24,30,0.0052557648159563,-0.0009080290910787,LSTM,DL
2025-07-24,30,0.0052557649472468,-0.0022408964068782,LightGBM,ML
2025-07-24,30,0.0052557649472468,-0.0026717332975539,RandomForest,ML
2025-07-24,30,0.0052557648159563,-0.0003994278376922,TCN,DL
2025-07-24,30,0.0052557648159563,0.0029134510550647,TFT,DL
2025-07-24,30,0.0052557648159563,-0.0021005177404731,Transformer,DL
2025-07-24,30,0.0052557649472468,-6.0324877267703414e-05,XGBoost,ML
2025-07-25,30,-0.0031058499589562,-0.0006017610430717,CNN_LSTM,DL
2025-07-25,30,-0.0031058499589562,0.0001780689199222,LSTM,DL
2025-07-25,30,-0.0031058499942486,-0.0014821270945245,LightGBM,ML
2025-07-25,30,-0.0031058499942486,-0.0012807132516868,RandomForest,ML
2025-07-25,30,-0.0031058499589562,0.0001319634611718,TCN,DL
2025-07-25,30,-0.0031058499589562,0.0029314782004803,TFT,DL
2025-07-25,30,-0.0031058499589562,-0.0012813521316275,Transformer,DL
2025-07-25,30,-0.0031058499942486,2.5672168703749776e-05,XGBoost,ML
2025-07-28,30,0.01646070741117,0.0034039926249533,CNN_LSTM,DL
2025-07-28,30,0.01646070741117,0.0021505043841898,LSTM,DL
2025-07-28,30,0.0164607081021621,0.0004251847046349,LightGBM,ML
2025-07-28,30,0.0164607081021621,0.0011262351432733,RandomForest,ML
2025-07-28,30,0.01646070741117,-0.0002375378098804,TCN,DL
2025-07-28,30,0.01646070741117,0.0029566118028014,TFT,DL
2025-07-28,30,0.01646070741117,0.0004754378460347,Transformer,DL
2025-07-28,30,0.0164607081021621,-0.0009237206541001,XGBoost,ML
2025-07-29,30,0.003984672948718,0.0071563888341188,CNN_LSTM,DL
2025-07-29,30,0.003984672948718,0.0037875461857765,LSTM,DL
2025-07-29,30,0.0039846730731847,-0.0020394910905356,LightGBM,ML
2025-07-29,30,0.0039846730731847,-0.0039772986305314,RandomForest,ML
2025-07-29,30,0.003984672948718,-0.0002708296815399,TCN,DL
2025-07-29,30,0.003984672948718,0.0029661033768206,TFT,DL
2025-07-29,30,0.003984672948718,0.0005041434778831,Transformer,DL
2025-07-29,30,0.0039846730731847,-0.001120196422562,XGBoost,ML
2025-07-30,30,-0.0235587935894727,0.0090734185650944,CNN_LSTM,DL
2025-07-30,30,-0.0235587935894727,0.0031811168882995,LSTM,DL
2025-07-30,30,-0.0235587936393441,-0.0023152715381398,LightGBM,ML
2025-07-30,30,-0.0235587936393441,-0.0051710575435589,RandomForest,ML
2025-07-30,30,-0.0235587935894727,-0.000349339476088,TCN,DL
2025-07-30,30,-0.0235587935894727,0.0029213700909167,TFT,DL
2025-07-30,30,-0.0235587935894727,-0.0004611648037098,Transformer,DL
2025-07-30,30,-0.0235587936393441,-0.0004813666746485,XGBoost,ML
2025-07-31,30,-0.0144345266744494,0.0067641758359968,CNN_LSTM,DL
2025-07-31,30,-0.0144345266744494,0.001434008590877,LSTM,DL
2025-07-31,30,-0.0144345271040494,-0.0001018776817069,LightGBM,ML
2025-07-31,30,-0.0144345271040494,-5.153972820307514e-06,RandomForest,ML
2025-07-31,30,-0.0144345266744494,-0.0004488166305236,TCN,DL
2025-07-31,30,-0.0144345266744494,0.0029023997485637,TFT,DL
2025-07-31,30,-0.0144345266744494,-0.0015220422064885,Transformer,DL
2025-07-31,30,-0.0144345271040494,0.0003207665577065,XGBoost,ML
2025-08-01,31,0.031248290091753,0.0019799193833023,CNN_LSTM,DL
2025-08-01,31,0.031248290091753,0.0037868958897888,LSTM,DL
2025-08-01,31,0.031248290494247,0.0008631796970402,LightGBM,ML
2025-08-01,31,0.031248290494247,-0.0008688887020724,RandomForest,ML
2025-08-01,31,0.031248290091753,-0.0014706699876114,TCN,DL
2025-08-01,31,0.031248290091753,0.0040374249219894,TFT,DL
2025-08-01,31,0.031248290091753,0.0003591136774048,Transformer,DL
2025-08-01,31,0.031248290494247,0.0002511737693566,XGBoost,ML
2025-08-04,31,-0.0018970612436532,0.0024221211206167,CNN_LSTM,DL
2025-08-04,31,-0.0018970612436532,0.0044378717429935,LSTM,DL
2025-08-04,31,-0.0018970612905705,-0.0002736974235338,LightGBM,ML
2025-08-04,31,-0.0018970612905705,0.0004008296896689,RandomForest,ML
2025-08-04,31,-0.0018970612436532,0.0007394059211947,TCN,DL
2025-08-04,31,-0.0018970612436532,0.0040244460105896,TFT,DL
2025-08-04,31,-0.0018970612436532,0.0013330661458894,Transformer,DL
2025-08-04,31,-0.0018970612905705,0.006477303802967,XGBoost,ML
2025-08-05,31,0.0072944601997733,0.0022459342144429,CNN_LSTM,DL
2025-08-05,31,0.0072944601997733,0.0046902289614081,LSTM,DL
2025-08-05,31,0.0072944601104085,0.0021962754852431,LightGBM,ML
2025-08-05,31,0.0072944601104085,0.0008306076892023,RandomForest,ML
2025-08-05,31,0.0072944601997733,0.0038606030866503,TCN,DL
2025-08-05,31,0.0072944601997733,0.0041347667574882,TFT,DL
2025-08-05,31,0.0072944601997733,0.0006337095983326,Transformer,DL
2025-08-05,31,0.0072944601104085,0.0047103543765842,XGBoost,ML
2025-08-06,31,0.0021928788628429,0.001931294449605,CNN_LSTM,DL
2025-08-06,31,0.0021928788628429,0.0042289211414754,LSTM,DL
2025-08-06,31,0.0021928788835978,-0.0045842959847146,LightGBM,ML
2025-08-06,31,0.0021928788835978,-0.0039600975097108,RandomForest,ML
2025-08-06,31,0.0021928788628429,-0.0001701097789919,TCN,DL
2025-08-06,31,0.0021928788628429,0.0040874076075851,TFT,DL
2025-08-06,31,0.0021928788628429,0.0021459765266627,Transformer,DL
2025-08-06,31,0.0021928788835978,-0.0033310656435787,XGBoost,ML
2025-08-07,31,0.0249337926506996,0.0016304777236655,CNN_LSTM,DL
2025-08-07,31,0.0249337926506996,0.0040975338779389,LSTM,DL
2025-08-07,31,0.024933792614868,-0.0039659795120385,LightGBM,ML
2025-08-07,31,0.024933792614868,-0.0046331938514735,RandomForest,ML
2025-08-07,31,0.0249337926506996,-0.0040970370173454,TCN,DL
2025-08-07,31,0.0249337926506996,0.0040894779376685,TFT,DL
2025-08-07,31,0.0249337926506996,0.0020092378836125,Transformer,DL
2025-08-07,31,0.024933792614868,-0.0047035217285156,XGBoost,ML
2025-08-08,31,-0.0020851537119597,0.0015363168204203,CNN_LSTM,DL
2025-08-08,31,-0.0020851537119597,0.0039216857403516,LSTM,DL
2025-08-08,31,-0.002085153663427,-0.0081776097941864,LightGBM,ML
2025-08-08,31,-0.002085153663427,-0.0074263747827213,RandomForest,ML
2025-08-08,31,-0.0020851537119597,-0.001699891174212,TCN,DL
2025-08-08,31,-0.0020851537119597,0.0040919980965554,TFT,DL
2025-08-08,31,-0.0020851537119597,0.0007200361578725,Transformer,DL
2025-08-08,31,-0.002085153663427,-0.0098045328631997,XGBoost,ML
2025-08-11,31,0.0116417873650789,0.001286482438445,CNN_LSTM,DL
2025-08-11,31,0.0116417873650789,0.0037391756195575,LSTM,DL
2025-08-11,31,0.0116417872318292,-0.0004770110997429,LightGBM,ML
2025-08-11,31,0.0116417872318292,-0.0006253376735712,RandomForest,ML
2025-08-11,31,0.0116417873650789,-0.0017686930950731,TCN,DL
2025-08-11,31,0.0116417873650789,0.004087533801794,TFT,DL
2025-08-11,31,0.0116417873650789,0.0016001230105757,Transformer,DL
2025-08-11,31,0.0116417872318292,0.0017616319237276,XGBoost,ML
2025-08-12,31,-0.0067866779863834,0.001584279583767,CNN_LSTM,DL
2025-08-12,31,-0.0067866779863834,0.0035938408691436,LSTM,DL
2025-08-12,31,-0.0067866778790902,-0.0063940923278024,LightGBM,ML
2025-08-12,31,-0.0067866778790902,-0.0063122382949018,RandomForest,ML
2025-08-12,31,-0.0067866779863834,-0.0034421242307871,TCN,DL
2025-08-12,31,-0.0067866779863834,0.0040067229419946,TFT,DL
2025-08-12,31,-0.0067866779863834,0.003827586537227,Transformer,DL
2025-08-12,31,-0.0067866778790902,-0.0082942917943,XGBoost,ML
2025-08-13,31,0.0048524504527449,0.0016453969292342,CNN_LSTM,DL
2025-08-13,31,0.0048524504527449,0.0035848210100084,LSTM,DL
2025-08-13,31,0.0048524503527345,-0.0007184326456413,LightGBM,ML
2025-08-13,31,0.0048524503527345,-0.0005510412284236,RandomForest,ML
2025-08-13,31,0.0048524504527449,-0.0007912617875263,TCN,DL
2025-08-13,31,0.0048524504527449,0.0040460913442075,TFT,DL
2025-08-13,31,0.0048524504527449,0.0017648527864366,Transformer,DL
2025-08-13,31,0.0048524503527345,0.0035932548344135,XGBoost,ML
2025-08-14,31,0.00473044347018,0.0017650116933509,CNN_LSTM,DL
2025-08-14,31,0.00473044347018,0.003645185381174,LSTM,DL
2025-08-14,31,0.0047304433477506,-0.0047988012238197,LightGBM,ML
2025-08-14,31,0.0047304433477506,-0.0048781457242779,RandomForest,ML
2025-08-14,31,0.00473044347018,-0.0016209575114771,TCN,DL
2025-08-14,31,0.00473044347018,0.0040635764598846,TFT,DL
2025-08-14,31,0.00473044347018,0.0024911379441618,Transformer,DL
2025-08-14,31,0.0047304433477506,-0.0098933447152376,XGBoost,ML
2025-08-15,31,-0.0019617569632828,0.0016017411835491,CNN_LSTM,DL
2025-08-15,31,-0.0019617569632828,0.0038108772132545,LSTM,DL
2025-08-15,31,-0.0019617569079343,-0.0005781541237195,LightGBM,ML
2025-08-15,31,-0.0019617569079343,-0.0002057452776529,RandomForest,ML
2025-08-15,31,-0.0019617569632828,-0.0035667319316416,TCN,DL
2025-08-15,31,-0.0019617569632828,0.0040566716343164,TFT,DL
2025-08-15,31,-0.0019617569632828,0.0014720212202519,Transformer,DL
2025-08-15,31,-0.0019617569079343,0.0041887606494128,XGBoost,ML
2025-08-18,31,-0.0094839660450816,0.0014055507490411,CNN_LSTM,DL
2025-08-18,31,-0.0094839660450816,0.0037825559265911,LSTM,DL
2025-08-18,31,-0.0094839661434544,0.0004949562631763,LightGBM,ML
2025-08-18,31,-0.0094839661434544,-0.0012315542426107,RandomForest,ML
2025-08-18,31,-0.0094839660450816,-0.0008492982015013,TCN,DL
2025-08-18,31,-0.0094839660450816,0.0040396908298134,TFT,DL
2025-08-18,31,-0.0094839660450816,0.001910958206281,Transformer,DL
2025-08-18,31,-0.0094839661434544,0.0073824324645102,XGBoost,ML
2025-08-19,31,-0.0111623806878924,0.0013845309149473,CNN_LSTM,DL
2025-08-19,31,-0.0111623806878924,0.0039924322627484,LSTM,DL
2025-08-19,31,-0.0111623802281484,-0.0002758406209337,LightGBM,ML
2025-08-19,31,-0.0111623802281484,-1.942230221705044e-05,RandomForest,ML
2025-08-19,31,-0.0111623806878924,-0.0002041571278823,TCN,DL
2025-08-19,31,-0.0111623806878924,0.0040922937914729,TFT,DL
2025-08-19,31,-0.0111623806878924,0.0020889928564429,Transformer,DL
2025-08-19,31,-0.0111623802281484,0.0015394904185086,XGBoost,ML
2025-08-20,31,0.0021573430858552,0.0016040547052398,CNN_LSTM,DL
2025-08-20,31,0.0021573430858552,0.0042444923892617,LSTM,DL
2025-08-20,31,0.0021573430476768,-0.000875584065134,LightGBM,ML
2025-08-20,31,0.0021573430476768,-0.0026835510288292,RandomForest,ML
2025-08-20,31,0.0021573430858552,-0.0012290644226595,TCN,DL
2025-08-20,31,0.0021573430858552,0.0041085644625127,TFT,DL
2025-08-20,31,0.0021573430858552,0.0016628976445645,Transformer,DL
2025-08-20,31,0.0021573430476768,-0.0016154060140252,XGBoost,ML
2025-08-21,31,0.031739629805088,0.0014979557599872,CNN_LSTM,DL
2025-08-21,31,0.031739629805088,0.0046624466776847,LSTM,DL
2025-08-21,31,0.0317396281676796,0.0025886369201911,LightGBM,ML
2025-08-21,31,0.0317396281676796,0.0023696270209527,RandomForest,ML
2025-08-21,31,0.031739629805088,-5.0246817409060895e-06,TCN,DL
2025-08-21,31,0.031739629805088,0.0041089467704296,TFT,DL
2025-08-21,31,0.031739629805088,0.001299076131545,Transformer,DL
2025-08-21,31,0.0317396281676796,0.0082368897274136,XGBoost,ML
2025-08-22,31,0.0116453887894749,0.001463639549911,CNN_LSTM,DL
2025-08-22,31,0.0116453887894749,0.0051287445239722,LSTM,DL
2025-08-22,31,0.0116453883837839,0.0003802358505251,LightGBM,ML
2025-08-22,31,0.0116453883837839,-0.0002715747193816,RandomForest,ML
2025-08-22,31,0.0116453887894749,0.0007306122570298,TCN,DL
2025-08-22,31,0.0116453887894749,0.0041759605519473,TFT,DL
2025-08-22,31,0.0116453887894749,0.001397774904035,Transformer,DL
2025-08-22,31,0.0116453883837839,-0.0012335092760622,XGBoost,ML
2025-08-25,31,-0.0064751487225294,0.0013383186887949,CNN_LSTM,DL
2025-08-25,31,-0.0064751487225294,0.0050006192177534,LSTM,DL
2025-08-25,31,-0.0064751485196922,-0.0022257020989629,LightGBM,ML
2025-08-25,31,-0.0064751485196922,-0.0036427318944529,RandomForest,ML
2025-08-25,31,-0.0064751487225294,-0.0013258601538836,TCN,DL
2025-08-25,31,-0.0064751487225294,0.0042953039519488,TFT,DL
2025-08-25,31,-0.0064751487225294,0.001793710864149,Transformer,DL
2025-08-25,31,-0.0064751485196922,-0.0069286627694964,XGBoost,ML
2025-08-26,31,0.0016414185520261,0.0011007956927642,CNN_LSTM,DL
2025-08-26,31,0.0016414185520261,0.004666063003242,LSTM,DL
2025-08-26,31,0.0016414185196687,-0.0065983167077483,LightGBM,ML
2025-08-26,31,0.0016414185196687,-0.0047788476405505,RandomForest,ML
2025-08-26,31,0.0016414185520261,-0.0020627626217901,TCN,DL
2025-08-26,31,0.0016414185520261,0.0043311715126037,TFT,DL
2025-08-26,31,0.0016414185520261,0.0026503361295908,Transformer,DL
2025-08-26,31,0.0016414185196687,-0.0057877139188349,XGBoost,ML
2025-08-27,31,0.0200501196086406,0.0011250546667724,CNN_LSTM,DL
2025-08-27,31,0.0200501196086406,0.0044637871906161,LSTM,DL
2025-08-27,31,0.0200501194059272,-0.0068993838804381,LightGBM,ML
2025-08-27,31,0.0200501194059272,-0.0051653896521592,RandomForest,ML
2025-08-27,31,0.0200501196086406,-0.001999573316425,TCN,DL
2025-08-27,31,0.0200501196086406,0.0043802736327052,TFT,DL
2025-08-27,31,0.0200501196086406,0.0022036274895071,Transformer,DL
2025-08-27,31,0.0200501194059272,-0.010795060545206,XGBoost,ML
2025-08-28,31,0.0060008293949067,0.0013775980332866,CNN_LSTM,DL
2025-08-28,31,0.0060008293949067,0.0045556686818599,LSTM,DL
2025-08-28,31,0.0060008292543367,-0.0036803718712914,LightGBM,ML
2025-08-28,31,0.0060008292543367,-0.0026512301984911,RandomForest,ML
2025-08-28,31,0.0060008293949067,-0.0003207104746252,TCN,DL
2025-08-28,31,0.0060008293949067,0.004468890838325,TFT,DL
2025-08-28,31,0.0060008293949067,0.0016401489265263,Transformer,DL
2025-08-28,31,0.0060008292543367,-0.008427070453763,XGBoost,ML
2025-08-29,31,-0.0073270369321107,0.0013904701918363,CNN_LSTM,DL
2025-08-29,31,-0.0073270369321107,0.0044046281836926,LSTM,DL
2025-08-29,31,-0.007327036944336,-0.0015473464444095,LightGBM,ML
2025-08-29,31,-0.007327036944336,-0.0036770266925776,RandomForest,ML
2025-08-29,31,-0.0073270369321107,-0.001746729016304,TCN,DL
2025-08-29,31,-0.0073270369321107,0.0045283683575689,TFT,DL
2025-08-29,31,-0.0073270369321107,0.0018762997351586,Transformer,DL
2025-08-29,31,-0.007327036944336,-0.0076940446160733,XGBoost,ML
2025-09-02,32,0.0913650393486023,0.0025656030047684,CNN_LSTM,DL
2025-09-02,32,0.0913650393486023,0.0034169217105954,LSTM,DL
2025-09-02,32,0.0913650427333061,0.0006233448555576,LightGBM,ML
2025-09-02,32,0.0913650427333061,0.0009535171716727,RandomForest,ML
2025-09-02,32,0.0913650393486023,0.0019329856149852,TCN,DL
2025-09-02,32,0.0913650393486023,0.004142306279391,TFT,DL
2025-09-02,32,0.0913650393486023,-0.0015197447501122,Transformer,DL
2025-09-02,32,0.0913650427333061,0.0010990287410095,XGBoost,ML
2025-09-03,32,0.0071099787019193,0.0027033623773604,CNN_LSTM,DL
2025-09-03,32,0.0071099787019193,0.0038443580269813,LSTM,DL
2025-09-03,32,0.007109978471034,0.0006233448555576,LightGBM,ML
2025-09-03,32,0.007109978471034,-0.0021507048100971,RandomForest,ML
2025-09-03,32,0.0071099787019193,0.0020257115829735,TCN,DL
2025-09-03,32,0.0071099787019193,0.0041588614694774,TFT,DL
2025-09-03,32,0.0071099787019193,-0.0001667209435254,Transformer,DL
2025-09-03,32,0.007109978471034,0.000623344851192,XGBoost,ML
2025-09-04,32,0.0116229327395558,0.0028706227894872,CNN_LSTM,DL
2025-09-04,32,0.0116229327395558,0.0022194529883563,LSTM,DL
2025-09-04,32,0.0116229331390234,0.0006233448555576,LightGBM,ML
2025-09-04,32,0.0116229331390234,-0.0009554329325819,RandomForest,ML
2025-09-04,32,0.0116229327395558,0.0007968303980305,TCN,DL
2025-09-04,32,0.0116229327395558,0.0040930360555648,TFT,DL
2025-09-04,32,0.0116229327395558,7.591443136334419e-05,Transformer,DL
2025-09-04,32,0.0116229331390234,0.0011844760738313,XGBoost,ML
2025-09-05,32,-0.0031944171059876,0.0032016448676586,CNN_LSTM,DL
2025-09-05,32,-0.0031944171059876,0.0025542543735355,LSTM,DL
2025-09-05,32,-0.0031944171673016,0.0006233448555576,LightGBM,ML
2025-09-05,32,-0.0031944171673016,-0.0011769671342204,RandomForest,ML
2025-09-05,32,-0.0031944171059876,0.0020172260701656,TCN,DL
2025-09-05,32,-0.0031944171059876,0.0041014016605913,TFT,DL
2025-09-05,32,-0.0031944171059876,-0.0011896437499672,Transformer,DL
2025-09-05,32,-0.0031944171673016,0.0010990287410095,XGBoost,ML
2025-09-08,32,0.0238848216831684,0.0034820768050849,CNN_LSTM,DL
2025-09-08,32,0.0238848216831684,0.0027598377782851,LSTM,DL
2025-09-08,32,0.0238848216459022,0.0006233448555576,LightGBM,ML
2025-09-08,32,0.0238848216459022,-0.0007913566442915,RandomForest,ML
2025-09-08,32,0.0238848216831684,0.0022372941020876,TCN,DL
2025-09-08,32,0.0238848216831684,0.00412283744663,TFT,DL
2025-09-08,32,0.0238848216831684,-0.0033588532824069,Transformer,DL
2025-09-08,32,0.0238848216459022,0.0012645333772525,XGBoost,ML
2025-09-09,32,-0.001919635455124,0.0036561046727001,CNN_LSTM,DL
2025-09-09,32,-0.001919635455124,0.0024168691597878,LSTM,DL
2025-09-09,32,-0.0019196354100889,0.0006233448555576,LightGBM,ML
2025-09-09,32,-0.0019196354100889,-0.0009599879830002,RandomForest,ML
2025-09-09,32,-0.001919635455124,0.0015148794045671,TCN,DL
2025-09-09,32,-0.001919635455124,0.0041714357212185,TFT,DL
2025-09-09,32,-0.001919635455124,-0.0027895104140043,Transformer,DL
2025-09-09,32,-0.0019196354100889,0.0007888495456427,XGBoost,ML
2025-09-10,32,0.0050173648633062,0.0034847084898501,CNN_LSTM,DL
2025-09-10,32,0.0050173648633062,0.0019255687948316,LSTM,DL
2025-09-10,32,0.0050173649781259,0.0006233448555576,LightGBM,ML
2025-09-10,32,0.0050173649781259,-0.0009099388058616,RandomForest,ML
2025-09-10,32,0.0050173648633062,0.0013308668276295,TCN,DL
2025-09-10,32,0.0050173648633062,0.0041374927386641,TFT,DL
2025-09-10,32,0.0050173648633062,-0.003016356844455,Transformer,DL
2025-09-10,32,0.0050173649781259,0.0008777836337685,XGBoost,ML
2025-09-11,32,0.0017889050068333,0.0035641235299408,CNN_LSTM,DL
2025-09-11,32,0.0017889050068333,0.00186088681221,LSTM,DL
2025-09-11,32,0.0017889050156989,0.0006233448555576,LightGBM,ML
2025-09-11,32,0.0017889050156989,0.0006733303417154,RandomForest,ML
2025-09-11,32,0.0017889050068333,0.0012298584915697,TCN,DL
2025-09-11,32,0.0017889050068333,0.0042276908643543,TFT,DL
2025-09-11,32,0.0017889050068333,-0.0045750676654279,Transformer,DL
2025-09-11,32,0.0017889050156989,0.0012135988799855,XGBoost,ML
2025-09-12,32,0.0448920242488384,0.0035558985546231,CNN_LSTM,DL
2025-09-12,32,0.0448920242488384,0.00242585176602,LSTM,DL
2025-09-12,32,0.0448920225939752,0.0006233448555576,LightGBM,ML
2025-09-12,32,0.0448920225939752,-0.0006954286633978,RandomForest,ML
2025-09-12,32,0.0448920242488384,0.0018519556615501,TCN,DL
2025-09-12,32,0.0448920242488384,0.004215485882014,TFT,DL
2025-09-12,32,0.0448920242488384,-0.0052604186348617,Transformer,DL
2025-09-12,32,0.0448920225939752,0.0008529952028766,XGBoost,ML
2025-09-15,32,-0.0017884869594126,0.0035552533809095,CNN_LSTM,DL
2025-09-15,32,-0.0017884869594126,0.002687748754397,LSTM,DL
2025-09-15,32,-0.0017884869068218,0.0001558501965886,LightGBM,ML
2025-09-15,32,-0.0017884869068218,-0.0016020739913324,RandomForest,ML
2025-09-15,32,-0.0017884869594126,0.0014763993676751,TCN,DL
2025-09-15,32,-0.0017884869594126,0.0042424811981618,TFT,DL
2025-09-15,32,-0.0017884869594126,-0.0037848728243261,Transformer,DL
2025-09-15,32,-0.0017884869068218,-0.00010395431309,XGBoost,ML
2025-09-16,32,-0.0064898962154984,0.0033508068881928,CNN_LSTM,DL
2025-09-16,32,-0.0064898962154984,0.0024900494609028,LSTM,DL
2025-09-16,32,-0.006489896020867,0.0006233448555576,LightGBM,ML
2025-09-16,32,-0.006489896020867,0.001466373565202,RandomForest,ML
2025-09-16,32,-0.0064898962154984,0.0015683972742408,TCN,DL
2025-09-16,32,-0.0064898962154984,0.004229059908539,TFT,DL
2025-09-16,32,-0.0064898962154984,-0.0030793715268373,Transformer,DL
2025-09-16,32,-0.006489896020867,0.0012135988799855,XGBoost,ML
2025-09-17,32,0.0100188413634896,0.0034394622780382,CNN_LSTM,DL
2025-09-17,32,0.0100188413634896,0.0030593853443861,LSTM,DL
2025-09-17,32,0.0100188416612676,0.0006233448555576,LightGBM,ML
2025-09-17,32,0.0100188416612676,0.0014492940229087,RandomForest,ML
2025-09-17,32,0.0100188413634896,0.0014949336182326,TCN,DL
2025-09-17,32,0.0100188413634896,0.0042617795988917,TFT,DL
2025-09-17,32,0.0100188413634896,-0.0038647076580673,Transformer,DL
2025-09-17,32,0.0100188416612676,0.000377311342163,XGBoost,ML
2025-09-18,32,0.0106733571738004,0.0034577108453959,CNN_LSTM,DL
2025-09-18,32,0.0106733571738004,0.002993193687871,LSTM,DL
2025-09-18,32,0.0106733568230346,0.0006233448555576,LightGBM,ML
2025-09-18,32,0.0106733568230346,0.0006809884321616,RandomForest,ML
2025-09-18,32,0.0106733571738004,0.0019961728248745,TCN,DL
2025-09-18,32,0.0106733571738004,0.0043118591420352,TFT,DL
2025-09-18,32,0.0106733571738004,-0.0044959224760532,Transformer,DL
2025-09-18,32,0.0106733568230346,0.0008777836337685,XGBoost,ML
2025-09-19,32,-0.0085976747795939,0.0033954717218875,CNN_LSTM,DL
2025-09-19,32,-0.0085976747795939,0.002790089463815,LSTM,DL
2025-09-19,32,-0.0085976745097743,0.0006233448555576,LightGBM,ML
2025-09-19,32,-0.0085976745097743,-0.0001602441947767,RandomForest,ML
2025-09-19,32,-0.0085976747795939,0.0016252372879534,TCN,DL
2025-09-19,32,-0.0085976747795939,0.0043364730663597,TFT,DL
2025-09-19,32,-0.0085976747795939,-0.0017894606571644,Transformer,DL
2025-09-19,32,-0.0085976745097743,0.0015712258173152,XGBoost,ML
2025-09-22,32,-0.0034451321698725,0.0036788396537303,CNN_LSTM,DL
2025-09-22,32,-0.0034451321698725,0.0025386326014995,LSTM,DL
2025-09-22,32,-0.0034451321930942,0.0006233448555576,LightGBM,ML
2025-09-22,32,-0.0034451321930942,0.0002671806946091,RandomForest,ML
2025-09-22,32,-0.0034451321698725,0.0017914324998855,TCN,DL
2025-09-22,32,-0.0034451321698725,0.0043661147356033,TFT,DL
2025-09-22,32,-0.0034451321698725,-0.0026408100966364,Transformer,DL
2025-09-22,32,-0.0034451321930942,0.0014348439872264,XGBoost,ML
2025-09-23,32,-0.0179607346653938,0.0037657872308045,CNN_LSTM,DL
2025-09-23,32,-0.0179607346653938,0.0030838134698569,LSTM,DL
2025-09-23,32,-0.0179607352477479,0.0006233448555576,LightGBM,ML
2025-09-23,32,-0.0179607352477479,-0.0009780633774595,RandomForest,ML
2025-09-23,32,-0.0179607346653938,0.0017570313066244,TCN,DL
2025-09-23,32,-0.0179607346653938,0.0044445339590311,TFT,DL
2025-09-23,32,-0.0179607346653938,-0.0040432787500321,Transformer,DL
2025-09-23,32,-0.0179607352477479,0.000623344851192,XGBoost,ML
2025-09-24,32,-0.0054625668562948,0.0037009944207966,CNN_LSTM,DL
2025-09-24,32,-0.0054625668562948,0.0031763212755322,LSTM,DL
2025-09-24,32,-0.0054625669869849,0.0001558501965886,LightGBM,ML
2025-09-24,32,-0.0054625669869849,-0.0027345923817572,RandomForest,ML
2025-09-24,32,-0.0054625668562948,0.0019733814988285,TCN,DL
2025-09-24,32,-0.0054625668562948,0.0044497940689325,TFT,DL
2025-09-24,32,-0.0054625668562948,-0.0020343817304819,Transformer,DL
2025-09-24,32,-0.0054625669869849,0.0009920203592628,XGBoost,ML
2025-09-25,32,0.0030513936653733,0.003581000259146,CNN_LSTM,DL
2025-09-25,32,0.0030513936653733,0.0035434828605502,LSTM,DL
2025-09-25,32,0.0030513935556579,0.0006233448555576,LightGBM,ML
2025-09-25,32,0.0030513935556579,-0.0042566952777492,RandomForest,ML
2025-09-25,32,0.0030513936653733,0.0021698225755244,TCN,DL
2025-09-25,32,0.0030513936653733,0.004468195606023,TFT,DL
2025-09-25,32,0.0030513936653733,-0.0006856432300992,Transformer,DL
2025-09-25,32,0.0030513935556579,-0.000118829018902,XGBoost,ML
2025-09-26,32,-0.0100997211411595,0.0033605729695409,CNN_LSTM,DL
2025-09-26,32,-0.0100997211411595,0.0035290664527565,LSTM,DL
2025-09-26,32,-0.0100997214102737,0.0006233448555576,LightGBM,ML
2025-09-26,32,-0.0100997214102737,0.0025651673667364,RandomForest,ML
2025-09-26,32,-0.0100997211411595,0.0025296083185821,TCN,DL
2025-09-26,32,-0.0100997211411595,0.0044923042878508,TFT,DL
2025-09-26,32,-0.0100997211411595,0.0013989261351525,Transformer,DL
2025-09-26,32,-0.0100997214102737,0.0017461710376664,XGBoost,ML
2025-09-29,32,-0.0038926135748624,0.0031494174618273,CNN_LSTM,DL
2025-09-29,32,-0.0038926135748624,0.0034764201845973,LSTM,DL
2025-09-29,32,-0.0038926134690756,0.0001558501965886,LightGBM,ML
2025-09-29,32,-0.0038926134690756,-0.0050155751186654,RandomForest,ML
2025-09-29,32,-0.0038926135748624,0.0019614188931882,TCN,DL
2025-09-29,32,-0.0038926135748624,0.0045975884422659,TFT,DL
2025-09-29,32,-0.0038926135748624,0.0006111679249443,Transformer,DL
2025-09-29,32,-0.0038926134690756,-0.0006942915497347,XGBoost,ML
2025-09-30,32,0.0074043166823685,0.0029605352319777,CNN_LSTM,DL
2025-09-30,32,0.0074043166823685,0.0032104139681905,LSTM,DL
2025-09-30,32,0.0074043167593176,0.0006233448555576,LightGBM,ML
2025-09-30,32,0.0074043167593176,0.0007012926012831,RandomForest,ML
2025-09-30,32,0.0074043166823685,0.0021638327743858,TCN,DL
2025-09-30,32,0.0074043166823685,0.0045892507769167,TFT,DL
2025-09-30,32,0.0074043166823685,0.0015676040202379,Transformer,DL
2025-09-30,32,0.0074043167593176,0.0009591601556167,XGBoost,ML
2025-10-01,33,0.003225831547752,0.0002882818225771,CNN_LSTM,DL
2025-10-01,33,0.003225831547752,0.0021494061220437,LSTM,DL
2025-10-01,33,0.0032258315915152,0.001394327898427,LightGBM,ML
2025-10-01,33,0.0032258315915152,0.0054102498543224,RandomForest,ML
2025-10-01,33,0.003225831547752,0.0010736330877989,TCN,DL
2025-10-01,33,0.003225831547752,0.0053536845371127,TFT,DL
2025-10-01,33,0.003225831547752,0.003343743039295,Transformer,DL
2025-10-01,33,0.0032258315915152,0.0023099216632544,XGBoost,ML
2025-10-02,33,-0.0013838779414072,0.0003666430711746,CNN_LSTM,DL
2025-10-02,33,-0.0013838779414072,0.0033168795052915,LSTM,DL
2025-10-02,33,-0.0013838778970748,0.001394327898427,LightGBM,ML
2025-10-02,33,-0.0013838778970748,0.0040034182899011,RandomForest,ML
2025-10-02,33,-0.0013838779414072,0.0011470885947346,TCN,DL
2025-10-02,33,-0.0013838779414072,0.005419997498393,TFT,DL
2025-10-02,33,-0.0013838779414072,0.0049551716074347,Transformer,DL
2025-10-02,33,-0.0013838778970748,0.0017618419369682,XGBoost,ML
2025-10-03,33,0.020705098286271,0.000466744415462,CNN_LSTM,DL
2025-10-03,33,0.020705098286271,0.00396383786574,LSTM,DL
2025-10-03,33,0.0207050991592561,0.001369630240248,LightGBM,ML
2025-10-03,33,0.0207050991592561,0.0021310222756081,RandomForest,ML
2025-10-03,33,0.020705098286271,0.0011547408066689,TCN,DL
2025-10-03,33,0.020705098286271,0.0054259523749351,TFT,DL
2025-10-03,33,0.020705098286271,0.0035529877059161,Transformer,DL
2025-10-03,33,0.0207050991592561,0.001798121491447,XGBoost,ML
2025-10-06,33,-0.0186479222029447,0.0005015768110752,CNN_LSTM,DL
2025-10-06,33,-0.0186479222029447,0.004254559520632,LSTM,DL
2025-10-06,33,-0.0186479221473807,0.0009817836577952,LightGBM,ML
2025-10-06,33,-0.0186479221473807,0.0009260340981786,RandomForest,ML
2025-10-06,33,-0.0186479222029447,0.0008869470912031,TCN,DL
2025-10-06,33,-0.0186479222029447,0.0054563865996897,TFT,DL
2025-10-06,33,-0.0186479222029447,0.0048328405246138,Transformer,DL
2025-10-06,33,-0.0186479221473807,-0.0001265212486032,XGBoost,ML
2025-10-07,33,-0.0046386593021452,0.0004818249726668,CNN_LSTM,DL
2025-10-07,33,-0.0046386593021452,0.0043473402038216,LSTM,DL
2025-10-07,33,-0.004638659300595,0.0009817836577952,LightGBM,ML
2025-10-07,33,-0.004638659300595,0.0041285815758084,RandomForest,ML
2025-10-07,33,-0.0046386593021452,0.0010169063461944,TCN,DL
2025-10-07,33,-0.0046386593021452,0.0054764519445598,TFT,DL
2025-10-07,33,-0.0046386593021452,0.0041064633987843,Transformer,DL
2025-10-07,33,-0.004638659300595,0.0012274184264242,XGBoost,ML
2025-10-08,33,-0.0126318456605076,0.0004425455699674,CNN_LSTM,DL
2025-10-08,33,-0.0126318456605076,0.0042922236025333,LSTM,DL
2025-10-08,33,-0.0126318454407504,0.001369630240248,LightGBM,ML
2025-10-08,33,-0.0126318454407504,-0.0002415614587798,RandomForest,ML
2025-10-08,33,-0.0126318456605076,0.0009563701460137,TCN,DL
2025-10-08,33,-0.0126318456605076,0.0055071003735065,TFT,DL
2025-10-08,33,-0.0126318456605076,0.0034741661511361,Transformer,DL
2025-10-08,33,-0.0126318454407504,0.0010186824947595,XGBoost,ML
2025-10-09,33,-0.020535746589303,0.0004437941825017,CNN_LSTM,DL
2025-10-09,33,-0.020535746589303,0.0044493954628705,LSTM,DL
2025-10-09,33,-0.0205357465150279,0.0018365585509325,LightGBM,ML
2025-10-09,33,-0.0205357465150279,0.0072846826014574,RandomForest,ML
2025-10-09,33,-0.020535746589303,0.0007294284296222,TCN,DL
2025-10-09,33,-0.020535746589303,0.0055171367712318,TFT,DL
2025-10-09,33,-0.020535746589303,0.0055232690647244,Transformer,DL
2025-10-09,33,-0.0205357465150279,0.0045019607059657,XGBoost,ML
2025-10-10,33,0.032041247934103,0.0004319073632359,CNN_LSTM,DL
2025-10-10,33,0.032041247934103,0.0045350636355578,LSTM,DL
2025-10-10,33,0.0320412461386767,0.001369630240248,LightGBM,ML
2025-10-10,33,0.0320412461386767,0.0006739199025502,RandomForest,ML
2025-10-10,33,0.032041247934103,0.0009572799317538,TCN,DL
2025-10-10,33,0.032041247934103,0.0055205505341291,TFT,DL
2025-10-10,33,0.032041247934103,0.0055146845988929,Transformer,DL
2025-10-10,33,0.0320412461386767,0.0007085716351866,XGBoost,ML
2025-10-13,33,0.0053245886228978,0.0003534520510584,CNN_LSTM,DL
2025-10-13,33,0.0053245886228978,0.0045307129621505,LSTM,DL
2025-10-13,33,0.0053245887860373,0.0018365585509325,LightGBM,ML
2025-10-13,33,0.0053245887860373,0.008545258835581,RandomForest,ML
2025-10-13,33,0.0053245886228978,0.0012405563611537,TCN,DL
2025-10-13,33,0.0053245886228978,0.0055070878006517,TFT,DL
2025-10-13,33,0.0053245886228978,0.0053158560767769,Transformer,DL
2025-10-13,33,0.0053245887860373,0.0043110782280564,XGBoost,ML
2025-10-14,33,0.0227337647229433,0.0002787677804008,CNN_LSTM,DL
2025-10-14,33,0.0227337647229433,0.0049588093534111,LSTM,DL
2025-10-14,33,0.0227337649023695,0.0009817836577952,LightGBM,ML
2025-10-14,33,0.0227337649023695,0.0038884361109881,RandomForest,ML
2025-10-14,33,0.0227337647229433,0.0012383761350065,TCN,DL
2025-10-14,33,0.0227337647229433,0.0055028134956955,TFT,DL
2025-10-14,33,0.0227337647229433,0.0066602509468793,Transformer,DL
2025-10-14,33,0.0227337649023695,0.0038126967847347,XGBoost,ML
2025-10-15,33,0.0017129391198977,-8.236791472882032e-05,CNN_LSTM,DL
2025-10-15,33,0.0017129391198977,0.0039491192437708,LSTM,DL
2025-10-15,33,0.0017129390949852,0.0009817836577952,LightGBM,ML
2025-10-15,33,0.0017129390949852,0.00165756890653,RandomForest,ML
2025-10-15,33,0.0017129391198977,0.0015272391028702,TCN,DL
2025-10-15,33,0.0017129391198977,0.0054732426069676,TFT,DL
2025-10-15,33,0.0017129391198977,0.0038702525198459,Transformer,DL
2025-10-15,33,0.0017129390949852,0.0014325467636808,XGBoost,ML
2025-10-16,33,0.0073173027485609,-0.0004251948557794,CNN_LSTM,DL
2025-10-16,33,0.0073173027485609,0.0024143778719007,LSTM,DL
2025-10-16,33,0.0073173027237383,0.0009817836577952,LightGBM,ML
2025-10-16,33,0.0073173027237383,-0.0009269489282164,RandomForest,ML
2025-10-16,33,0.0073173027485609,0.0012979941675439,TCN,DL
2025-10-16,33,0.0073173027485609,0.0054483371786773,TFT,DL
2025-10-16,33,0.0073173027485609,0.0032482089009135,Transformer,DL
2025-10-16,33,0.0073173027237383,0.0009788915049284,XGBoost,ML
2025-10-17,33,0.012830588966608,-0.000691324356012,CNN_LSTM,DL
2025-10-17,33,0.012830588966608,0.0013366908533498,LSTM,DL
2025-10-17,33,0.0128305887524202,0.0009817836577952,LightGBM,ML
2025-10-17,33,0.0128305887524202,-0.0007281729403265,RandomForest,ML
2025-10-17,33,0.012830588966608,0.0010130476439371,TCN,DL
2025-10-17,33,0.012830588966608,0.0054385238327085,TFT,DL
2025-10-17,33,0.012830588966608,0.0026977155357599,Transformer,DL
2025-10-17,33,0.0128305887524202,0.0010633906349539,XGBoost,ML
2025-10-20,33,-0.0237380433827638,-0.0007960709044709,CNN_LSTM,DL
2025-10-20,33,-0.0237380433827638,0.0009240956860594,LSTM,DL
2025-10-20,33,-0.0237380425382999,0.001369630240248,LightGBM,ML
2025-10-20,33,-0.0237380425382999,0.004033624640362,RandomForest,ML
2025-10-20,33,-0.0237380433827638,0.0012034677201882,TCN,DL
2025-10-20,33,-0.0237380433827638,0.0054315463639795,TFT,DL
2025-10-20,33,-0.0237380433827638,0.0031826819758862,Transformer,DL
2025-10-20,33,-0.0237380425382999,0.0021311643067747,XGBoost,ML
2025-10-21,33,0.0049109891988337,-0.0005963564617559,CNN_LSTM,DL
2025-10-21,33,0.0049109891988337,0.0011699500028043,LSTM,DL
2025-10-21,33,0.0049109889726026,0.001394327898427,LightGBM,ML
2025-10-21,33,0.0049109889726026,0.0029998157320438,RandomForest,ML
2025-10-21,33,0.0049109891988337,0.0008034704369492,TCN,DL
2025-10-21,33,0.0049109891988337,0.0054178140126168,TFT,DL
2025-10-21,33,0.0049109891988337,0.0032092379406094,Transformer,DL
2025-10-21,33,0.0049109889726026,0.001482194289565,XGBoost,ML
2025-10-22,33,0.0055226366966962,-0.0004996538627892,CNN_LSTM,DL
2025-10-22,33,0.0055226366966962,0.0015745279379189,LSTM,DL
2025-10-22,33,0.0055226367136951,0.001369630240248,LightGBM,ML
2025-10-22,33,0.0055226367136951,0.0010684529316026,RandomForest,ML
2025-10-22,33,0.0055226366966962,0.0009833042277023,TCN,DL
2025-10-22,33,0.0055226366966962,0.0054102740250527,TFT,DL
2025-10-22,33,0.0055226366966962,0.004339728038758,Transformer,DL
2025-10-22,33,0.0055226367136951,0.0007716368418186,XGBoost,ML
2025-10-23,33,0.0270271338522434,-0.0003763813292607,CNN_LSTM,DL
2025-10-23,33,0.0270271338522434,0.002859964268282,LSTM,DL
2025-10-23,33,0.0270271346458998,0.0018365585509325,LightGBM,ML
2025-10-23,33,0.0270271346458998,0.0084253961527334,RandomForest,ML
2025-10-23,33,0.0270271338522434,0.0012269809376448,TCN,DL
2025-10-23,33,0.0270271338522434,0.0053917448967695,TFT,DL
2025-10-23,33,0.0270271338522434,0.0043591707944869,Transformer,DL
2025-10-23,33,0.0270271346458998,0.0054917498491704,XGBoost,ML
2025-10-24,33,0.03597242385149,-0.000486641889438,CNN_LSTM,DL
2025-10-24,33,0.03597242385149,0.003515335265547,LSTM,DL
2025-10-24,33,0.0359724241061378,0.001369630240248,LightGBM,ML
2025-10-24,33,0.0359724241061378,0.0001612832443403,RandomForest,ML
2025-10-24,33,0.03597242385149,0.0010177257936447,TCN,DL
2025-10-24,33,0.03597242385149,0.0053941388614475,TFT,DL
2025-10-24,33,0.03597242385149,0.0040305876173079,Transformer,DL
2025-10-24,33,0.0359724241061378,-0.0001499469217378,XGBoost,ML
2025-10-27,33,-0.0066846450790762,-0.0006071721436455,CNN_LSTM,DL
2025-10-27,33,-0.0066846450790762,0.0026435046456754,LSTM,DL
2025-10-27,33,-0.0066846449589693,0.001394327898427,LightGBM,ML
2025-10-27,33,-0.0066846449589693,-0.0035027516594932,RandomForest,ML
2025-10-27,33,-0.0066846450790762,0.0011806346010416,TCN,DL
2025-10-27,33,-0.0066846450790762,0.0053841336630284,TFT,DL
2025-10-27,33,-0.0066846450790762,0.0025717234238982,Transformer,DL
2025-10-27,33,-0.0066846449589693,-0.0009130453690886,XGBoost,ML
2025-10-28,33,0.0265450645238161,-0.000749735510908,CNN_LSTM,DL
2025-10-28,33,0.0265450645238161,0.001145847258158,LSTM,DL
2025-10-28,33,0.0265450645344849,0.001394327898427,LightGBM,ML
2025-10-28,33,0.0265450645344849,-0.0010167134940049,RandomForest,ML
2025-10-28,33,0.0265450645238161,0.0010950383730232,TCN,DL
2025-10-28,33,0.0265450645238161,0.0053833117708563,TFT,DL
2025-10-28,33,0.0265450645238161,0.0009980690665543,Transformer,DL
2025-10-28,33,0.0265450645344849,0.0016237950185313,XGBoost,ML
2025-10-29,33,0.0251666381955146,-0.0009805570589378,CNN_LSTM,DL
2025-10-29,33,0.0251666381955146,2.3087020963430405e-05,LSTM,DL
2025-10-29,33,0.0251666373974013,0.0015427235379386,LightGBM,ML
2025-10-29,33,0.0251666373974013,-0.0038303459553286,RandomForest,ML
2025-10-29,33,0.0251666381955146,0.0015718601644039,TCN,DL
2025-10-29,33,0.0251666381955146,0.0053752600215375,TFT,DL
2025-10-29,33,0.0251666381955146,-0.000486729783006,Transformer,DL
2025-10-29,33,0.0251666373974013,0.0009321559919044,XGBoost,ML
2025-10-30,33,-0.0010303218150511,-0.0012042162707075,CNN_LSTM,DL
2025-10-30,33,-0.0010303218150511,-0.000813566497527,LSTM,DL
2025-10-30,33,-0.0010303218613968,0.001394327898427,LightGBM,ML
2025-10-30,33,-0.0010303218613968,-0.0043147001032818,RandomForest,ML
2025-10-30,33,-0.0010303218150511,0.0010460274061188,TCN,DL
2025-10-30,33,-0.0010303218150511,0.0053635081276297,TFT,DL
2025-10-30,33,-0.0010303218150511,0.0008675528224557,Transformer,DL
2025-10-30,33,-0.0010303218613968,0.0005355781177058,XGBoost,ML
2025-10-31,33,0.0089974915608763,-0.0013784995535388,CNN_LSTM,DL
2025-10-31,33,0.0089974915608763,-0.0012416223762556,LSTM,DL
2025-10-31,33,0.0089974914235007,0.001394327898427,LightGBM,ML
2025-10-31,33,0.0089974914235007,-0.0023260429515472,RandomForest,ML
2025-10-31,33,0.0089974915608763,0.0008462887490168,TCN,DL
2025-10-31,33,0.0089974915608763,0.0053596789948642,TFT,DL
2025-10-31,33,0.0089974915608763,0.0016540337819606,Transformer,DL
2025-10-31,33,0.0089974914235007,0.001852749614045,XGBoost,ML
2025-11-03,34,-0.0217820517718791,0.0043005673214793,CNN_LSTM,DL
2025-11-03,34,-0.0217820517718791,0.0080844275653362,LSTM,DL
2025-11-03,34,-0.0217820524687704,0.0020181348043474,LightGBM,ML
2025-11-03,34,-0.0217820524687704,0.002817437784771,RandomForest,ML
2025-11-03,34,-0.0217820517718791,0.0014413448516279,TCN,DL
2025-11-03,34,-0.0217820517718791,0.0036954199895262,TFT,DL
2025-11-03,34,-0.0217820517718791,0.0023032098542898,Transformer,DL
2025-11-03,34,-0.0217820524687704,0.0022922689095139,XGBoost,ML
2025-11-04,34,0.0243928413838148,0.0047353850677609,CNN_LSTM,DL
2025-11-04,34,0.0243928413838148,0.0093080168589949,LSTM,DL
2025-11-04,34,0.0243928416680181,0.0017540674358024,LightGBM,ML
2025-11-04,34,0.0243928416680181,0.0002542213161235,RandomForest,ML
2025-11-04,34,0.0243928413838148,0.001083736307919,TCN,DL
2025-11-04,34,0.0243928413838148,0.0037200341466814,TFT,DL
2025-11-04,34,0.0243928413838148,0.0020705601200461,Transformer,DL
2025-11-04,34,0.0243928416680181,0.0010538999922573,XGBoost,ML
2025-11-05,34,0.0015476606786251,0.0046347267925739,CNN_LSTM,DL
2025-11-05,34,0.0015476606786251,0.0089817866683006,LSTM,DL
2025-11-05,34,0.0015476607326603,0.0014541313998531,LightGBM,ML
2025-11-05,34,0.0015476607326603,0.0010034463313579,RandomForest,ML
2025-11-05,34,0.0015476606786251,0.0013512857258319,TCN,DL
2025-11-05,34,0.0015476606786251,0.0037299813702702,TFT,DL
2025-11-05,34,0.0015476606786251,0.0035610063932836,Transformer,DL
2025-11-05,34,0.0015476607326603,9.369649342261256e-05,XGBoost,ML
2025-11-06,34,-0.0207902994006872,0.0043139480985701,CNN_LSTM,DL
2025-11-06,34,-0.0207902994006872,0.0090993270277976,LSTM,DL
2025-11-06,34,-0.0207902997118692,0.0017540674358024,LightGBM,ML
2025-11-06,34,-0.0207902997118692,0.0012018566753218,RandomForest,ML
2025-11-06,34,-0.0207902994006872,0.0012475764378905,TCN,DL
2025-11-06,34,-0.0207902994006872,0.0037524399813264,TFT,DL
2025-11-06,34,-0.0207902994006872,0.0024775634519755,Transformer,DL
2025-11-06,34,-0.0207902997118692,0.0014982584398239,XGBoost,ML
2025-11-07,34,0.0404190123081207,0.0043187895789742,CNN_LSTM,DL
2025-11-07,34,0.0404190123081207,0.0080832578241825,LSTM,DL
2025-11-07,34,0.040419011496126,0.0020181348043474,LightGBM,ML
2025-11-07,34,0.040419011496126,0.0025671062829738,RandomForest,ML
2025-11-07,34,0.0404190123081207,0.0008732962887734,TCN,DL
2025-11-07,34,0.0404190123081207,0.0037403902970254,TFT,DL
2025-11-07,34,0.0404190123081207,0.0051686475053429,Transformer,DL
2025-11-07,34,0.040419011496126,0.0025821523740887,XGBoost,ML
2025-11-10,34,0.0041709374636411,0.0043725315481424,CNN_LSTM,DL
2025-11-10,34,0.0041709374636411,0.0068779238499701,LSTM,DL
2025-11-10,34,0.0041709373782536,0.0017181987683981,LightGBM,ML
2025-11-10,34,0.0041709373782536,0.0020502730312887,RandomForest,ML
2025-11-10,34,0.0041709374636411,0.0014522441197186,TCN,DL
2025-11-10,34,0.0041709374636411,0.0037735453806817,TFT,DL
2025-11-10,34,0.0041709374636411,0.0050789318047463,Transformer,DL
2025-11-10,34,0.0041709373782536,0.002732578665018,XGBoost,ML
2025-11-11,34,-0.0157907102257013,0.0042150812223553,CNN_LSTM,DL
2025-11-11,34,-0.0157907102257013,0.0063796201720833,LSTM,DL
2025-11-11,34,-0.0157907106585043,0.0022780720518286,LightGBM,ML
2025-11-11,34,-0.0157907106585043,0.0027259874149966,RandomForest,ML
2025-11-11,34,-0.0157907102257013,0.0014445149572566,TCN,DL
2025-11-11,34,-0.0157907102257013,0.0038054378237575,TFT,DL
2025-11-11,34,-0.0157907102257013,0.0043075326830148,Transformer,DL
2025-11-11,34,-0.0157907106585043,0.0035161322448402,XGBoost,ML
2025-11-12,34,-0.0283910389989614,0.003477472346276,CNN_LSTM,DL
2025-11-12,34,-0.0283910389989614,0.0044722962193191,LSTM,DL
2025-11-12,34,-0.028391039850579,0.0013017637430049,LightGBM,ML
2025-11-12,34,-0.028391039850579,-0.0026990969093718,RandomForest,ML
2025-11-12,34,-0.0283910389989614,0.0019221279071643,TCN,DL
2025-11-12,34,-0.0283910389989614,0.0037957841996103,TFT,DL
2025-11-12,34,-0.0283910389989614,0.0062835761345922,Transformer,DL
2025-11-12,34,-0.028391039850579,0.0005468613235279,XGBoost,ML
2025-11-13,34,-0.0077539281919598,0.0031663309782743,CNN_LSTM,DL
2025-11-13,34,-0.0077539281919598,0.0033335473854094,LSTM,DL
2025-11-13,34,-0.007753928185205,0.0014938734299281,LightGBM,ML
2025-11-13,34,-0.007753928185205,-0.0012117767434529,RandomForest,ML
2025-11-13,34,-0.0077539281919598,0.0014587977202609,TCN,DL
2025-11-13,34,-0.0077539281919598,0.0038163743447512,TFT,DL
2025-11-13,34,-0.0077539281919598,0.0033233703579753,Transformer,DL
2025-11-13,34,-0.007753928185205,0.0005321076023392,XGBoost,ML
2025-11-14,34,0.031149374321103,0.0032454147003591,CNN_LSTM,DL
2025-11-14,34,0.031149374321103,0.0037299403920769,LSTM,DL
2025-11-14,34,0.0311493742129742,0.0015950165342434,LightGBM,ML
2025-11-14,34,0.0311493742129742,0.0010941529191874,RandomForest,ML
2025-11-14,34,0.031149374321103,0.0014961033593863,TCN,DL
2025-11-14,34,0.031149374321103,0.003834783565253,TFT,DL
2025-11-14,34,0.031149374321103,0.0061202105134725,Transformer,DL
2025-11-14,34,0.0311493742129742,0.0016819115262478,XGBoost,ML
2025-11-17,34,-0.0025962588842958,0.0036343629471957,CNN_LSTM,DL
2025-11-17,34,-0.0025962588842958,0.0047318204306066,LSTM,DL
2025-11-17,34,-0.0025962588244621,0.0022780720518286,LightGBM,ML
2025-11-17,34,-0.0025962588244621,0.0049131671514433,RandomForest,ML
2025-11-17,34,-0.0025962588842958,0.0015165784861892,TCN,DL
2025-11-17,34,-0.0025962588842958,0.0038525711279362,TFT,DL
2025-11-17,34,-0.0025962588842958,0.0064181103371083,Transformer,DL
2025-11-17,34,-0.0025962588244621,0.0037047527730464,XGBoost,ML
2025-11-18,34,0.0300055928528308,0.0041948393918573,CNN_LSTM,DL
2025-11-18,34,0.0300055928528308,0.0043777339160442,LSTM,DL
2025-11-18,34,0.0300055923184789,0.0017540674358024,LightGBM,ML
2025-11-18,34,0.0300055923184789,0.0026365151488681,RandomForest,ML
2025-11-18,34,0.0300055928528308,0.0010546054691076,TCN,DL
2025-11-18,34,0.0300055928528308,0.0038620505947619,TFT,DL
2025-11-18,34,0.0300055928528308,0.0046558752655982,Transformer,DL
2025-11-18,34,0.0300055923184789,0.0017806097166612,XGBoost,ML
2025-11-19,34,-0.0114749651402235,0.0042205732315778,CNN_LSTM,DL
2025-11-19,34,-0.0114749651402235,0.0028535849414765,LSTM,DL
2025-11-19,34,-0.0114749649737613,0.0017540674358024,LightGBM,ML
2025-11-19,34,-0.0114749649737613,-0.0014405096525634,RandomForest,ML
2025-11-19,34,-0.0114749651402235,0.0014837319031357,TCN,DL
2025-11-19,34,-0.0114749651402235,0.0038731948006898,TFT,DL
2025-11-19,34,-0.0114749651402235,0.0064686387777328,Transformer,DL
2025-11-19,34,-0.0114749649737613,-0.0006135223666206,XGBoost,ML
2025-11-20,34,0.0352737307548522,0.0038297353312373,CNN_LSTM,DL
2025-11-20,34,0.0352737307548522,0.0024455157108604,LSTM,DL
2025-11-20,34,0.0352737321883698,0.0017540674358024,LightGBM,ML
2025-11-20,34,0.0352737321883698,0.0016147814597889,RandomForest,ML
2025-11-20,34,0.0352737307548522,0.0014658583095297,TCN,DL
2025-11-20,34,0.0352737307548522,0.0038716511335223,TFT,DL
2025-11-20,34,0.0352737307548522,0.0040473863482475,Transformer,DL
2025-11-20,34,0.0352737321883698,0.0025775961112231,XGBoost,ML
2025-11-21,34,0.0631381943821907,0.0034796192776411,CNN_LSTM,DL
2025-11-21,34,0.0631381943821907,0.0033226311206817,LSTM,DL
2025-11-21,34,0.0631381944472753,0.0014541313998531,LightGBM,ML
2025-11-21,34,0.0631381944472753,0.0001385297569267,RandomForest,ML
2025-11-21,34,0.0631381943821907,0.0018151882104575,TCN,DL
2025-11-21,34,0.0631381943821907,0.0038653111550956,TFT,DL
2025-11-21,34,0.0631381943821907,0.0058118514716625,Transformer,DL
2025-11-21,34,0.0631381944472753,0.0014825396938249,XGBoost,ML
2025-11-24,34,0.0152552546933293,0.0035648611374199,CNN_LSTM,DL
2025-11-24,34,0.0152552546933293,0.0049764988943934,LSTM,DL
2025-11-24,34,0.0152552551401139,0.0014541313998531,LightGBM,ML
2025-11-24,34,0.0152552551401139,0.0009131670138503,RandomForest,ML
2025-11-24,34,0.0152552546933293,0.0015231589786708,TCN,DL
2025-11-24,34,0.0152552546933293,0.0038736551068723,TFT,DL
2025-11-24,34,0.0152552546933293,0.0027489634230732,Transformer,DL
2025-11-24,34,0.0152552551401139,0.00105156598147,XGBoost,ML
2025-11-25,34,-0.0107902009040117,0.0037533279974013,CNN_LSTM,DL
2025-11-25,34,-0.0107902009040117,0.0074665835127234,LSTM,DL
2025-11-25,34,-0.0107902013245648,0.0014541313998531,LightGBM,ML
2025-11-25,34,-0.0107902013245648,-0.0002210595385034,RandomForest,ML
2025-11-25,34,-0.0107902009040117,0.0012822917196899,TCN,DL
2025-11-25,34,-0.0107902009040117,0.0038600265979766,TFT,DL
2025-11-25,34,-0.0107902009040117,0.0021676120813935,Transformer,DL
2025-11-25,34,-0.0107902013245648,0.0016308923950418,XGBoost,ML
2025-11-26,34,0.0007187941810116,0.0046807075850665,CNN_LSTM,DL
2025-11-26,34,0.0007187941810116,0.0086695700883865,LSTM,DL
2025-11-26,34,0.000718794181957,0.0017540674358024,LightGBM,ML
2025-11-26,34,0.000718794181957,0.0030479487033379,RandomForest,ML
2025-11-26,34,0.0007187941810116,0.0016965887043625,TCN,DL
2025-11-26,34,0.0007187941810116,0.0038511455059051,TFT,DL
2025-11-26,34,0.0007187941810116,0.0008350051939487,Transformer,DL
2025-11-26,34,0.000718794181957,0.0020237965509295,XGBoost,ML
2025-11-28,34,-0.016521917656064,0.0055498862639069,CNN_LSTM,DL
2025-11-28,34,-0.016521917656064,0.0104980301111936,LSTM,DL
2025-11-28,34,-0.0165219174423928,0.0017540674358024,LightGBM,ML
2025-11-28,34,-0.0165219174423928,-0.0006015619202686,RandomForest,ML
2025-11-28,34,-0.016521917656064,0.0013645025901496,TCN,DL
2025-11-28,34,-0.016521917656064,0.0038747563958168,TFT,DL
2025-11-28,34,-0.016521917656064,0.0004045144887641,Transformer,DL
2025-11-28,34,-0.0165219174423928,0.0027096280828118,XGBoost,ML
2025-12-01,35,0.0029215721879154,0.0043494142591953,CNN_LSTM,DL
2025-12-01,35,0.0029215721879154,0.0047991266474127,LSTM,DL
2025-12-01,35,0.0029215722803053,0.0047400052954364,LightGBM,ML
2025-12-01,35,0.0029215722803053,0.0044981506091915,RandomForest,ML
2025-12-01,35,0.0029215721879154,0.0075711980462074,TCN,DL
2025-12-01,35,0.0029215721879154,0.0036882059648633,TFT,DL
2025-12-01,35,0.0029215721879154,0.0043377894908189,Transformer,DL
2025-12-01,35,0.0029215722803053,0.0008380914805456,XGBoost,ML
2025-12-02,35,0.0120959840714931,0.0044227675534784,CNN_LSTM,DL
2025-12-02,35,0.0120959840714931,0.0054326141253113,LSTM,DL
2025-12-02,35,0.0120959838602889,0.0005752749075885,LightGBM,ML
2025-12-02,35,0.0120959838602889,0.0019526875336409,RandomForest,ML
2025-12-02,35,0.0120959840714931,-0.0025771560613065,TCN,DL
2025-12-02,35,0.0120959840714931,0.0036624958738684,TFT,DL
2025-12-02,35,0.0120959840714931,0.0018898880807682,Transformer,DL
2025-12-02,35,0.0120959838602889,0.0020275497809052,XGBoost,ML
2025-12-03,35,-0.00628855638206,0.0047475518658757,CNN_LSTM,DL
2025-12-03,35,-0.00628855638206,0.0059224553406238,LSTM,DL
2025-12-03,35,-0.0062885564724237,0.0093874074942431,LightGBM,ML
2025-12-03,35,-0.0062885564724237,0.005844597359545,RandomForest,ML
2025-12-03,35,-0.00628855638206,0.001259331475012,TCN,DL
2025-12-03,35,-0.00628855638206,0.0036466415040194,TFT,DL
2025-12-03,35,-0.00628855638206,0.0035936776548624,Transformer,DL
2025-12-03,35,-0.0062885564724237,0.0101416995748877,XGBoost,ML
2025-12-04,35,0.0114916218444705,0.0049966890364885,CNN_LSTM,DL
2025-12-04,35,0.0114916218444705,0.0062626739963889,LSTM,DL
2025-12-04,35,0.0114916215979492,-0.000869772662412,LightGBM,ML
2025-12-04,35,0.0114916215979492,0.00096406730687,RandomForest,ML
2025-12-04,35,0.0114916218444705,0.0045388746075332,TCN,DL
2025-12-04,35,0.0114916218444705,0.0035911994054913,TFT,DL
2025-12-04,35,0.0114916218444705,0.0037676016800105,Transformer,DL
2025-12-04,35,0.0114916215979492,-0.0010498644551262,XGBoost,ML
2025-12-05,35,-0.0228616669774055,0.0048950337804853,CNN_LSTM,DL
2025-12-05,35,-0.0228616669774055,0.0061752181500196,LSTM,DL
2025-12-05,35,-0.0228616662736242,-0.0070895992946491,LightGBM,ML
2025-12-05,35,-0.0228616662736242,-0.0002382128757091,RandomForest,ML
2025-12-05,35,-0.0228616669774055,0.0013671317137777,TCN,DL
2025-12-05,35,-0.0228616669774055,0.0035763762425631,TFT,DL
2025-12-05,35,-0.0228616669774055,0.0031326680909842,Transformer,DL
2025-12-05,35,-0.0228616662736242,-0.0037129675038158,XGBoost,ML
2025-12-08,35,0.0107101406902074,0.0046877693384885,CNN_LSTM,DL
2025-12-08,35,0.0107101406902074,0.0052877878770232,LSTM,DL
2025-12-08,35,0.0107101406938945,0.0009632676790838,LightGBM,ML
2025-12-08,35,0.0107101406938945,-0.0002802457979963,RandomForest,ML
2025-12-08,35,0.0107101406902074,-0.000656142598018,TCN,DL
2025-12-08,35,0.0107101406902074,0.0035957838408648,TFT,DL
2025-12-08,35,0.0107101406902074,0.0020522363483905,Transformer,DL
2025-12-08,35,0.0107101406938945,0.0001925335673149,XGBoost,ML
2025-12-09,35,0.0098713412880897,0.0046229492872953,CNN_LSTM,DL
2025-12-09,35,0.0098713412880897,0.0049445894546806,LSTM,DL
2025-12-09,35,0.0098713416657065,0.0031414127218944,LightGBM,ML
2025-12-09,35,0.0098713416657065,0.0001645846952094,RandomForest,ML
2025-12-09,35,0.0098713412880897,-0.001264325575903,TCN,DL
2025-12-09,35,0.0098713412880897,0.0035863993689417,TFT,DL
2025-12-09,35,0.0098713412880897,0.0027100581210106,Transformer,DL
2025-12-09,35,0.0098713416657065,0.0050686807371675,XGBoost,ML
2025-12-10,35,-0.0242965519428253,0.0047142566181719,CNN_LSTM,DL
2025-12-10,35,-0.0242965519428253,0.0046374420635402,LSTM,DL
2025-12-10,35,-0.0242965522216951,0.0046856575792081,LightGBM,ML
2025-12-10,35,-0.0242965522216951,0.0048076580790457,RandomForest,ML
2025-12-10,35,-0.0242965519428253,0.0008973594522103,TCN,DL
2025-12-10,35,-0.0242965519428253,0.0035935174673795,TFT,DL
2025-12-10,35,-0.0242965519428253,0.0035726360511034,Transformer,DL
2025-12-10,35,-0.0242965522216951,0.0059626852162182,XGBoost,ML
2025-12-11,35,-0.010050200857222,0.0047542904503643,CNN_LSTM,DL
2025-12-11,35,-0.010050200857222,0.0045776511542499,LSTM,DL
2025-12-11,35,-0.0100502006992582,0.0106090461232239,LightGBM,ML
2025-12-11,35,-0.0100502006992582,0.0012272166027999,RandomForest,ML
2025-12-11,35,-0.010050200857222,0.0069102281704545,TCN,DL
2025-12-11,35,-0.010050200857222,0.0035669389180839,TFT,DL
2025-12-11,35,-0.010050200857222,0.0045112464576959,Transformer,DL
2025-12-11,35,-0.0100502006992582,0.0026961888652294,XGBoost,ML
2025-12-12,35,-0.0034595599863678,0.00471704127267,CNN_LSTM,DL
2025-12-12,35,-0.0034595599863678,0.0044537149369716,LSTM,DL
2025-12-12,35,-0.0034595599426333,0.0056818815500209,LightGBM,ML
2025-12-12,35,-0.0034595599426333,0.0030686790569543,RandomForest,ML
2025-12-12,35,-0.0034595599863678,0.0030690047424286,TCN,DL
2025-12-12,35,-0.0034595599863678,0.003558624535799,TFT,DL
2025-12-12,35,-0.0034595599863678,0.0030111474916338,Transformer,DL
2025-12-12,35,-0.0034595599426333,0.0032292495016008,XGBoost,ML
2025-12-15,35,-0.0053532994352281,0.0048983544111251,CNN_LSTM,DL
2025-12-15,35,-0.0053532994352281,0.0041059153154492,LSTM,DL
2025-12-15,35,-0.0053532992341496,0.0009152889721983,LightGBM,ML
2025-12-15,35,-0.0053532992341496,0.0025039207196503,RandomForest,ML
2025-12-15,35,-0.0053532994352281,0.0040346947498619,TCN,DL
2025-12-15,35,-0.0053532994352281,0.00357116619125,TFT,DL
2025-12-15,35,-0.0053532994352281,0.0063551655039191,Transformer,DL
2025-12-15,35,-0.0053532992341496,0.0017365224193781,XGBoost,ML
2025-12-16,35,-0.0321297124028205,0.0049304543063044,CNN_LSTM,DL
2025-12-16,35,-0.0321297124028205,0.0038050985895097,LSTM,DL
2025-12-16,35,-0.0321297121968574,0.0051939580105365,LightGBM,ML
2025-12-16,35,-0.0321297121968574,0.0047193514449129,RandomForest,ML
2025-12-16,35,-0.0321297124028205,0.0078169098123908,TCN,DL
2025-12-16,35,-0.0321297124028205,0.0035672083031386,TFT,DL
2025-12-16,35,-0.0321297124028205,0.0077437749132514,Transformer,DL
2025-12-16,35,-0.0321297121968574,0.0059044230729341,XGBoost,ML
2025-12-17,35,0.0193448048084974,0.0049879550933837,CNN_LSTM,DL
2025-12-17,35,0.0193448048084974,0.0032241242006421,LSTM,DL
2025-12-17,35,0.0193448038917523,0.0064532236374572,LightGBM,ML
2025-12-17,35,0.0193448038917523,0.0038186991763681,RandomForest,ML
2025-12-17,35,0.0193448048084974,-0.0024234380107373,TCN,DL
2025-12-17,35,0.0193448048084974,0.0035776034928858,TFT,DL
2025-12-17,35,0.0193448048084974,0.0045099449343979,Transformer,DL
2025-12-17,35,0.0193448038917523,0.0063968985341489,XGBoost,ML
2025-12-18,35,0.0155392857268452,0.0051063522696495,CNN_LSTM,DL
2025-12-18,35,0.0155392857268452,0.0029148927424103,LSTM,DL
2025-12-18,35,0.01553928565699,0.000108483159712,LightGBM,ML
2025-12-18,35,0.01553928565699,0.0017297715246414,RandomForest,ML
2025-12-18,35,0.0155392857268452,-0.0033349611330777,TCN,DL
2025-12-18,35,0.0155392857268452,0.0035721971653401,TFT,DL
2025-12-18,35,0.0155392857268452,0.0044799279421567,Transformer,DL
2025-12-18,35,0.01553928565699,0.0049075037240982,XGBoost,ML
2025-12-19,35,0.0085297403857111,0.0049396529793739,CNN_LSTM,DL
2025-12-19,35,0.0085297403857111,0.0030190288089215,LSTM,DL
2025-12-19,35,0.0085297404803705,-0.0019161175801134,LightGBM,ML
2025-12-19,35,0.0085297404803705,0.0014325238237795,RandomForest,ML
2025-12-19,35,0.0085297403857111,0.0019623874686658,TCN,DL
2025-12-19,35,0.0085297403857111,0.0035695759579539,TFT,DL
2025-12-19,35,0.0085297403857111,0.0100337835028767,Transformer,DL
2025-12-19,35,0.0085297404803705,-0.0007227965979836,XGBoost,ML
2025-12-22,35,0.0147524289786815,0.0049637360498309,CNN_LSTM,DL
2025-12-22,35,0.0147524289786815,0.0030134133994579,LSTM,DL
2025-12-22,35,0.0147524286339566,0.007003176992012,LightGBM,ML
2025-12-22,35,0.0147524286339566,0.0025774074198161,RandomForest,ML
2025-12-22,35,0.0147524289786815,0.0031789431814104,TCN,DL
2025-12-22,35,0.0147524289786815,0.0035549204330891,TFT,DL
2025-12-22,35,0.0147524289786815,0.0052488083019852,Transformer,DL
2025-12-22,35,0.0147524286339566,0.008045601658523,XGBoost,ML
2025-12-23,35,-0.0008271345868706,0.0050065666437149,CNN_LSTM,DL
2025-12-23,35,-0.0008271345868706,0.0028559290803968,LSTM,DL
2025-12-23,35,-0.0008271345970306,0.0006955199349392,LightGBM,ML
2025-12-23,35,-0.0008271345970306,-0.0022155999081998,RandomForest,ML
2025-12-23,35,-0.0008271345868706,-0.0061339074745774,TCN,DL
2025-12-23,35,-0.0008271345868706,0.0035581935662776,TFT,DL
2025-12-23,35,-0.0008271345868706,0.0043464517220854,Transformer,DL
2025-12-23,35,-0.0008271345970306,0.0003113998391199,XGBoost,ML
