ticker,date,simple_return,target_next_return,return_lag_1,return_lag_2,return_lag_5,return_lag_10,volume_lag_1,volume_lag_5,roc_5,roc_10,roc_20,ewm_vol_10,relative_return_1,relative_strength_5,relative_strength_20,target_5d_return,target_next_price
GOOGL,2022-01-03,0.0009629762025049,-0.0040827470958513,-0.0092236799973079,-0.0030990322259725,0.0067385117551943,-0.0188308909930008,18136000.0,15976000.0,-0.0197084146266673,0.0230481588147752,0.0210559867169357,0.0093387790041071,-0.030076328258052,-0.0074776062367417,-0.002164742381532,-0.0436024962609632,143.31666564941406
GOOGL,2022-01-04,-0.0040827470958513,-0.045876341949199,0.0009629762025049,-0.0092236799973079,-0.0082449890910148,-0.0008325706407713,28646000.0,18200000.0,-0.0155942828509109,0.0197203010999524,0.0086934884054603,0.0085466523133428,-0.002519922150947,-0.0076743357726573,-0.0029570236063736,-0.0322960018423403,136.7418212890625
GOOGL,2022-01-05,-0.045876341949199,-0.0001996314907574,-0.0040827470958513,0.0009629762025049,-0.0002182117972927,0.0131738286148312,28400000.0,17788000.0,-0.060550217122001,-0.0397114133866718,-0.0644701989554943,0.0196403985705534,-0.0288724226804131,-0.0141644781161068,-0.0048175758466379,0.0265322414342579,136.7145233154297
GOOGL,2022-01-06,-0.0001996314907574,-0.0053031773415316,-0.045876341949199,-0.0040827470958513,-0.0030990322259725,0.0205092035525111,54618000.0,15688000.0,-0.0578179082174804,-0.0591982125893461,-0.0704449199800554,0.0181668528635848,0.0001562779517713,-0.0139071071419956,-0.0050425718614081,0.0060946080587536,135.989501953125
GOOGL,2022-01-07,-0.0053031773415316,0.012060535391454,-0.0001996314907574,-0.045876341949199,-0.0092236799973079,0.0034251073948992,37348000.0,18136000.0,-0.0540896929599253,-0.067381768911135,-0.0719426550588618,0.0164649462726523,-0.0039835811992454,-0.0130591952673772,-0.0055610394675907,0.0179796072982139,137.62960815429688
GOOGL,2022-01-10,0.012060535391454,0.0076909482738549,-0.0053031773415316,-0.0001996314907574,0.0009629762025049,0.0067385117551943,29760000.0,28646000.0,-0.0436024962609632,-0.0624515748125619,-0.0630533509496359,0.0168606233067496,0.0027126350247334,-0.0065014026108201,-0.0052335436749894,-0.0192652877137516,138.6881103515625
GOOGL,2022-01-11,0.0076909482738549,0.0121263311601722,0.012060535391454,-0.0053031773415316,-0.0040827470958513,-0.0082449890910148,44408000.0,28400000.0,-0.0322960018423403,-0.0473866517055683,-0.0417654080275223,0.0159560223420602,-0.0052501483355333,-0.0070474478477374,-0.0052853358506961,-0.0330587396017896,140.36988830566406
GOOGL,2022-01-12,0.0121263311601722,-0.0201050495141957,0.0076909482738549,0.012060535391454,-0.045876341949199,-0.0002182117972927,28730000.0,54618000.0,0.0265322414342579,-0.0356245086673207,-0.0172090529812729,0.0154959776223135,0.0014384712775179,-0.0009852690561511,-0.004645024141388,-0.0574343799259964,137.54774475097656
GOOGL,2022-01-13,-0.0201050495141957,0.0064471798178211,0.0121263311601722,0.0076909482738549,-0.0001996314907574,-0.0030990322259725,26108000.0,37348000.0,0.0060946080587536,-0.0520756776480894,-0.0536323328875327,0.016386643663841,0.0030161237281166,-0.0004132999008821,-0.004547885615922,-0.0594248335067424,138.43453979492188
GOOGL,2022-01-14,0.0064471798178211,-0.0249677980998729,-0.0201050495141957,0.0121263311601722,-0.0053031773415316,-0.0092236799973079,31436000.0,29760000.0,0.0179796072982139,-0.0370825971000119,-0.034369518570869,0.0153140781948919,0.0125642262700438,0.0028962615929757,-0.0032878780009959,-0.0622059365247255,134.97813415527344
GOOGL,2022-01-18,-0.0249677980998729,-0.0064816270810283,0.0064471798178211,-0.0201050495141957,0.012060535391454,0.0009629762025049,29662000.0,44408000.0,-0.0192652877137516,-0.0620277693392097,-0.0404092364030909,0.0168661392075634,-0.0082590797185112,0.0007019186443268,-0.0036215084596687,-0.0666406132449431,134.10325622558594
GOOGL,2022-01-19,-0.0064816270810283,-0.0133883804582555,-0.0249677980998729,0.0064471798178211,0.0076909482738549,-0.0040827470958513,34872000.0,28730000.0,-0.0330587396017896,-0.0642870763290451,-0.0458345357311371,0.01526017276169,0.0066987792861432,0.0030917041686621,-0.0036690694289836,-0.0435438399625149,132.30783081054688
GOOGL,2022-01-20,-0.0133883804582555,-0.0221743329374509,-0.0064816270810283,-0.0249677980998729,0.0121263311601722,-0.045876341949199,28648000.0,26108000.0,-0.0574343799259964,-0.0324260013265618,-0.0708497323700777,0.0141471816223296,-0.0114725042136669,0.0005095090704251,-0.0043139076105552,-0.0322749842404375,129.37399291992188
GOOGL,2022-01-21,-0.0221743329374509,0.0034713057048914,-0.0133883804582555,-0.0064816270810283,-0.0201050495141957,-0.0001996314907574,29908000.0,31436000.0,-0.0594248335067424,-0.053692396517169,-0.1097121152030603,0.0141797699385565,0.0039331664272196,0.0006929176102457,-0.0039662934474079,0.0230106099387945,129.82308959960938
GOOGL,2022-01-24,0.0034713057048914,-0.0295785679646398,-0.0221743329374509,-0.0133883804582555,0.0064471798178211,-0.0053031773415316,55652000.0,29662000.0,-0.0622059365247255,-0.0453447675368438,-0.1096711258004821,0.0139276198534331,0.0089190456698181,-3.6118509799407464e-05,-0.0031815614710924,0.0343988060299342,125.9831085205078
GOOGL,2022-01-25,-0.0295785679646398,0.0181038315717365,0.0034713057048914,-0.0221743329374509,-0.0249677980998729,0.012060535391454,76622000.0,34872000.0,-0.0666406132449431,-0.0846220503711102,-0.1417888448741283,0.0154796968736196,-0.0331086096258726,-0.0050060244912716,-0.0045707786736266,0.0843658923246357,128.26388549804688
GOOGL,2022-01-26,0.0181038315717365,-0.0017642366042335,-0.0295785679646398,0.0034713057048914,-0.0064816270810283,0.0076909482738549,46960000.0,28648000.0,-0.0435438399625149,-0.0751630750977218,-0.118988000342515,0.0184575039794558,0.0086854106902131,-0.0046086982104577,-0.0040596944155475,0.1452183239823639,128.03759765625
GOOGL,2022-01-27,-0.0017642366042335,0.0336883058565102,0.0181038315717365,-0.0295785679646398,-0.0133883804582555,0.0121263311601722,49130000.0,29908000.0,-0.0322749842404375,-0.087855670459463,-0.1203503640330274,0.0167881595071665,0.0197749280679638,0.0016407882458684,-0.0032498624639911,0.1091817588980288,132.35096740722656
GOOGL,2022-01-28,0.0336883058565102,0.0146419894594647,-0.0017642366042335,0.0181038315717365,-0.0221743329374509,-0.0201050495141957,31950000.0,55652000.0,0.0230106099387945,-0.0377816252324493,-0.0878897991439128,0.0219541174586926,0.0169767206048301,0.0042494990813905,-0.0023444975878103,0.0745552703656653,134.28884887695312
GOOGL,2022-01-31,0.0146419894594647,0.0172980633250288,0.0336883058565102,-0.0017642366042335,0.0034713057048914,0.0064471798178211,34362000.0,76622000.0,0.0343988060299342,-0.0299469404392156,-0.065919027212542,0.0205351367265107,-0.0081256358182927,0.0008405627837683,-0.0023396223501081,0.0288057136922585,136.61178588867188
GOOGL,2022-02-01,0.0172980633250288,0.0752377697283253,0.0146419894594647,0.0336883058565102,-0.0295785679646398,-0.0249677980998729,39986000.0,46960000.0,0.0843658923246357,0.0121030842782221,-0.0506754123808902,0.019332086993251,-0.002690629050845,0.0069241588987738,-0.0009703373897477,0.0127502655537423,146.89015197753906
GOOGL,2022-02-02,0.0752377697283253,-0.0331757040107544,0.0172980633250288,0.0146419894594647,0.0181038315717365,-0.0064816270810283,68644000.0,49130000.0,0.1452183239823639,0.095351120560736,0.0249341994661429,0.0329606857011908,0.0648294814579315,0.0181529730523175,0.0023971327906961,-0.0432975612451882,142.0169677734375
GOOGL,2022-02-03,-0.0331757040107544,0.0014185755065097,0.0752377697283253,0.0172980633250288,-0.0017642366042335,-0.0133883804582555,123200000.0,31950000.0,0.1091817588980288,0.073382935109814,0.0385774186320344,0.0365926392261032,-0.017565658102125,0.0106848558182997,0.0029624710196105,-0.0312391750751889,142.2184295654297
GOOGL,2022-02-04,0.0014185755065097,-0.0285567388704401,-0.0331757040107544,0.0752377697283253,0.0336883058565102,-0.0221743329374509,71518000.0,34362000.0,0.0745552703656653,0.0992814425497254,0.0402583874523798,0.0332628346278271,-0.014197655470334,0.0044499806032669,0.0022447743485052,-0.0628814538218045,138.15713500976562
GOOGL,2022-02-07,-0.0285567388704401,0.0014222025286201,0.0014185755065097,-0.0331757040107544,0.0146419894594647,0.0034713057048914,57998000.0,39986000.0,0.0288057136922585,0.0641954018800468,0.0159397087680179,0.0335667683732152,-0.0232525679386231,0.0014245941792008,0.0012813250115363,-0.026400704375153,138.35362243652344
GOOGL,2022-02-08,0.0014222025286201,0.0157317470343194,-0.0285567388704401,0.0014185755065097,0.0172980633250288,-0.0295785679646398,54974000.0,68644000.0,0.0127502655537423,0.0981918454091959,0.0052605997498362,0.0303622867160701,0.0049894067442974,0.0029606013382293,0.0013951635975145,-0.020017882148765,140.53016662597656
GOOGL,2022-02-09,0.0157317470343194,-0.0209897408028526,0.0014222025286201,-0.0285567388704401,0.0752377697283253,0.0181038315717365,54284000.0,123200000.0,-0.0432975612451882,0.0956331634606255,0.01328200571588,0.028075153288932,0.0114297708819437,-0.0077193407769682,0.0022291595583884,-0.0272188764449984,137.58047485351562
GOOGL,2022-02-10,-0.0209897408028526,-0.0312903913436671,0.0157317470343194,0.0014222025286201,-0.0331757040107544,-0.0017642366042335,40144000.0,71518000.0,-0.0312391750751889,0.0745318357416073,-0.0198718791175093,0.0273525112671065,-0.004766371135187,-0.0051594833835806,0.0019189174377531,-0.0438681462398715,133.27552795410156
GOOGL,2022-02-11,-0.0312903913436671,0.0092602250082862,-0.0209897408028526,0.0157317470343194,0.0014185755065097,0.0336883058565102,39330000.0,57998000.0,-0.0628814538218045,0.00698567275319,-0.0310598825492168,0.0277205008204981,-0.018325941002669,-0.0059851404900476,0.0008518142012138,-0.0288907754387993,134.5096893310547
GOOGL,2022-02-14,0.0092602250082862,0.0079874290247998,-0.0312903913436671,-0.0209897408028526,-0.0285567388704401,0.0146419894594647,39958000.0,54974000.0,-0.026400704375153,0.0016445181856008,-0.0283516705417701,0.0258431331732321,0.0125278155504084,0.0011709362077587,0.0008499936652321,-0.0421507012808631,135.58407592773438
GOOGL,2022-02-15,0.0079874290247998,0.0082680613367323,0.0092602250082862,-0.0312903913436671,0.0014222025286201,0.0172980633250288,34302000.0,54284000.0,-0.020017882148765,-0.0075228499082429,0.0044891846835273,0.0238247277007923,-0.0046457817544924,-0.0007561014919992,0.001030658563433,-0.066031893264164,136.70509338378906
GOOGL,2022-02-16,0.0082680613367323,-0.037745623028193,0.0079874290247998,0.0092602250082862,0.0157317470343194,0.0752377697283253,26680000.0,40144000.0,-0.0272188764449984,-0.0693379267202841,0.0194017448303147,0.0218966988595216,0.0055630002987363,-0.0019294556086407,0.0009738696140627,-0.0366421645912174,131.54507446289062
GOOGL,2022-02-17,-0.037745623028193,-0.016115995730395,0.0082680613367323,0.0079874290247998,-0.0209897408028526,-0.0331757040107544,25022000.0,39330000.0,-0.0438681462398715,-0.0737369166144491,-0.0057650128717509,0.0251707203333493,-0.0119551206190571,-0.0033672055054147,0.0009497387937932,0.014490070570047,129.4250946044922
GOOGL,2022-02-18,-0.016115995730395,-0.0045206303275299,-0.037745623028193,0.0082680613367323,-0.0312903913436671,0.0014185755065097,38950000.0,39958000.0,-0.0288907754387993,-0.0899555352989729,0.0003949919409378,0.0231019466210927,-0.0056724448631946,-0.0008365062775198,0.0004694582292724,0.0356894474100044,128.8400115966797
GOOGL,2022-02-22,-0.0045206303275299,-0.0171438117053281,-0.016115995730395,-0.037745623028193,0.0092602250082862,-0.0285567388704401,45620000.0,34302000.0,-0.0421507012808631,-0.0674385974522948,-0.0075724434379248,0.0209510461830129,0.0114597345336268,-0.0010501224808762,0.0005964926724629,0.0327239648119375,126.6312026977539
GOOGL,2022-02-23,-0.0171438117053281,0.0399958307740089,-0.0045206303275299,-0.016115995730395,0.0079874290247998,0.0014222025286201,44990000.0,26680000.0,-0.066031893264164,-0.0847279567555072,0.0051442942221147,0.0193472426088759,0.0064348717372751,0.0011660082174773,0.0025736667406203,0.0547347676394558,131.6959228515625
GOOGL,2022-02-24,0.0399958307740089,0.0133280437649985,-0.0171438117053281,-0.0045206303275299,0.0082680613367323,0.0157317470343194,32786000.0,25022000.0,-0.0366421645912174,-0.0628636824855303,0.0267576281522197,0.0266079200890556,0.034360658078903,0.0069255397735106,0.0038574291100548,0.0091078209913677,133.451171875
GOOGL,2022-02-25,0.0133280437649985,0.0044438188783351,0.0399958307740089,-0.0171438117053281,-0.037745623028193,-0.0209897408028526,54456000.0,38950000.0,0.014490070570047,-0.0300137282046174,0.04228112927645,0.0247009320962831,-0.0093837430836316,0.0074398152805957,0.002399495552475,-0.018987163749323,134.04420471191406
GOOGL,2022-02-28,0.0044438188783351,-0.0073709796816541,0.0133280437649985,0.0399958307740089,-0.016115995730395,-0.0312903913436671,36406000.0,45620000.0,0.0356894474100044,0.0057675761605477,0.0127935393133744,0.0223623706168258,-0.0012819368180076,0.0083179168896331,0.0014865626813331,-0.0642580453038861,133.05616760253906
GOOGL,2022-03-01,-0.0073709796816541,0.0038041419642662,0.0044438188783351,0.0133280437649985,-0.0045206303275299,0.0092602250082862,38864000.0,44990000.0,0.0327239648119375,-0.010806074534439,-0.0091793271349249,0.0206267874495035,0.0061989370248017,0.0072657573878681,0.0022027913234878,-0.0518941065042777,133.5623321533203
GOOGL,2022-03-02,0.0038041419642662,-0.0049935217540766,-0.0073709796816541,0.0044438188783351,-0.0171438117053281,0.0079874290247998,26496000.0,32786000.0,0.0547347676394558,-0.0149113659593155,-0.0223220398995196,0.0186987181473555,-0.0166560029975004,0.002647582440913,0.001504522626155,-0.0085568140625176,132.8953857421875
GOOGL,2022-03-03,-0.0049935217540766,-0.0148844379289028,0.0038041419642662,-0.0073709796816541,0.0399958307740089,0.0082680613367323,23520000.0,54456000.0,0.0091078209913677,-0.0278680738756829,-0.0952736861317394,0.0171067342276262,0.0048434402642173,-0.0032558611220241,-0.0014947794335306,-0.0109782130453512,130.9173126220703
GOOGL,2022-03-04,-0.0148844379289028,-0.0419083341948532,-0.0049935217540766,0.0038041419642662,0.0133280437649985,-0.037745623028193,24604000.0,36406000.0,-0.018987163749323,-0.0047722185219287,-0.0781572464571606,0.016639319087368,-0.0169992110242735,-0.0047789547101525,-0.001466457079638,-0.0154349805712186,125.4307861328125
GOOGL,2022-03-07,-0.0419083341948532,0.005744606721562,-0.0148844379289028,-0.0049935217540766,0.0044438188783351,-0.016115995730395,30430000.0,38864000.0,-0.0642580453038861,-0.0308619320224243,-0.1180412657059596,0.0219611772059057,-0.0222132338117008,-0.0089652141088911,-0.0018672359967063,-0.0033826904155502,126.15133666992188
GOOGL,2022-03-08,0.005744606721562,0.0496873644534339,-0.0419083341948532,-0.0148844379289028,-0.0073709796816541,-0.0045206303275299,45112000.0,26496000.0,-0.0518941065042777,-0.020868322607533,-0.0868995896519938,0.0208363158929807,0.0018132776740354,-0.0098423459790444,-0.0006139437160734,0.0164707296829229,132.41946411132812
GOOGL,2022-03-09,0.0496873644534339,-0.0074236233559746,0.005744606721562,-0.0419083341948532,0.0038041419642662,-0.0171438117053281,40428000.0,23520000.0,-0.0085568140625176,0.0457095983474924,-0.0428912392801128,0.0297439711313468,0.0291973004712322,-0.0006716852852978,0.0005964509702732,-0.0010454882451998,131.43643188476562
GOOGL,2022-03-10,-0.0074236233559746,-0.0193236030758949,0.0496873644534339,0.005744606721562,-0.0049935217540766,0.0399958307740089,37026000.0,24604000.0,-0.0109782130453512,-0.0019703796532057,-0.064710196817841,0.0272605700781053,-0.00681267277752,-0.0030029078936453,-0.0003156712126999,0.0106432478605886,128.8966064453125
GOOGL,2022-03-11,-0.0193236030758949,-0.0301801105385725,-0.0074236233559746,0.0496873644534339,-0.0148844379289028,0.0133280437649985,27102000.0,30430000.0,-0.0154349805712186,-0.0341290778169683,-0.063118465156113,0.0260597999330864,-0.0040259133709153,-0.0004082483629737,-0.0002786483244863,0.0481632858897587,125.0064926147461
GOOGL,2022-03-14,-0.0301801105385725,0.025779849935773,-0.0193236030758949,-0.0074236233559746,-0.0419083341948532,0.0044438188783351,31526000.0,45112000.0,-0.0033826904155502,-0.067423370645465,-0.0620446639101157,0.0261458715575068,-0.0195606897813888,0.0001222604430886,-0.0003403857634223,0.0805907237117993,128.22914123535156
GOOGL,2022-03-15,0.025779849935773,0.0315987445893886,-0.0301801105385725,-0.0193236030758949,0.005744606721562,-0.0073709796816541,38812000.0,40428000.0,0.0164707296829229,-0.0362781106217235,-0.0466921611888156,0.0272294144450981,0.0193406720931294,0.0036277393269074,2.570637137383133e-07,0.0825862648559401,132.28102111816406
GOOGL,2022-03-16,0.0315987445893886,0.0041904823864893,0.025779849935773,-0.0301801105385725,0.0496873644534339,0.0038041419642662,30920000.0,37026000.0,-0.0010454882451998,-0.0095933562591988,-0.0243616721725553,0.0280426944536857,0.0048106748901102,-0.0012495857893169,0.0004730798959438,0.0374774098878449,132.83534240722656
GOOGL,2022-03-17,0.0041904823864893,0.017083918356413,0.0315987445893886,0.025779849935773,-0.0074236233559746,-0.0049935217540766,35576000.0,27102000.0,0.0106432478605886,-0.0004518090272707,-0.0283072918556038,0.0253661637189186,-0.0169616933907472,-0.0032793899119623,-0.0006531547885303,0.0577783209850051,135.1046905517578
GOOGL,2022-03-18,0.017083918356413,-0.0001764130350936,0.0041904823864893,0.0315987445893886,-0.0193236030758949,-0.0148844379289028,28264000.0,31526000.0,0.0481632858897587,0.0319849059365857,0.0270600484541241,0.0235045508895849,0.0057743976558204,-0.0013193277066151,0.0002333211252135,0.0407526534519524,135.0808563232422
GOOGL,2022-03-21,-0.0001764130350936,0.0276741711162713,0.017083918356413,0.0041904823864893,-0.0301801105385725,-0.0419083341948532,44566000.0,38812000.0,0.0805907237117993,0.0769354198275669,0.0436991121083074,0.0214501078066023,-0.0107824682645355,0.0004363165967554,-2.218004485346828e-05,0.0393385761272404,138.81910705566406
GOOGL,2022-03-22,0.0276741711162713,-0.0113855788456995,-0.0001764130350936,0.017083918356413,0.025779849935773,0.005744606721562,26832000.0,30920000.0,0.0825862648559401,0.1004172505828275,0.0774533883947705,0.0213862395371994,0.0071956597883225,-0.0019926858642059,-0.0002353837821186,0.018857069557201,137.2385711669922
GOOGL,2022-03-23,-0.0113855788456995,0.0238400492235604,0.0276741711162713,-0.0001764130350936,0.0315987445893886,0.0496873644534339,35496000.0,35576000.0,0.0374774098878449,0.0363927394511469,0.0837658353017161,0.0211377405523527,-0.0061055165547524,-0.0041759241531784,-0.00086240319672,0.0264905742863601,140.51034545898438
GOOGL,2022-03-24,0.0238400492235604,0.0007132551431363,-0.0113855788456995,0.0276741711162713,0.0041904823864893,-0.0074236233559746,25154000.0,28264000.0,0.0577783209850051,0.0690365178368059,0.0669301100335264,0.0204839925867156,0.012671130323379,0.0017506405896468,-0.0019468795844962,-0.0176906388303137,140.61056518554688
GOOGL,2022-03-25,0.0007132551431363,-0.0015348797739004,0.0238400492235604,-0.0113855788456995,0.017083918356413,-0.0193236030758949,26396000.0,44566000.0,0.0407526534519524,0.0908787210406838,0.0536480362814113,0.0188357645995296,-0.0056191533812606,-0.0005280696177694,-0.0017586500993777,-0.010746328778974,140.39474487304688
GOOGL,2022-03-28,-0.0015348797739004,0.0074225266848604,0.0007132551431363,0.0238400492235604,-0.0001764130350936,-0.0301801105385725,24126000.0,26832000.0,0.0393385761272404,0.1230996241589257,0.0473764619274761,0.0174318393806949,-0.0121014834299468,-0.0007918726508516,-0.0022996274299746,0.0107170921137147,141.43682861328125
GOOGL,2022-03-29,0.0074225266848604,-0.003978658793139,-0.0015348797739004,0.0007132551431363,0.0276741711162713,0.025779849935773,35050000.0,35496000.0,0.018857069557201,0.1030006693539991,0.0629858890553396,0.0157800961164212,0.0071716201141662,-0.0007966805856829,-0.0022509932755064,-0.0134343790470033,140.8740997314453
GOOGL,2022-03-30,-0.003978658793139,-0.0202270825604601,0.0074225266848604,-0.0015348797739004,-0.0113855788456995,0.0315987445893886,34318000.0,25154000.0,0.0264905742863601,0.0649607822848994,0.0547442340983654,0.0148572954260184,-0.0035472360204882,-0.00028502447883,-0.0015955549266558,-0.0379777574987881,138.02462768554688
GOOGL,2022-03-31,-0.0202270825604601,0.0077876691626916,-0.003978658793139,0.0074225266848604,0.0238400492235604,0.0041904823864893,19884000.0,26396000.0,-0.0176906388303137,0.0390655467459237,0.0385960875519781,0.0167391120022018,-0.0017838546436745,-0.0031760214722408,-0.0019269196720504,-0.0228593361930719,139.0995178222656
GOOGL,2022-04-01,0.0077876691626916,0.020128398054152,-0.0202270825604601,-0.003978658793139,0.0007132551431363,0.017083918356413,37524000.0,24126000.0,-0.010746328778974,0.0295683832603681,0.0624990311542335,0.0154806319358676,0.0059037842595073,-0.0008714339440871,-0.0007817699078613,-0.0489688160169793,141.8993682861328
GOOGL,2022-04-04,0.020128398054152,-0.0166502195759199,0.0077876691626916,-0.0202270825604601,-0.0015348797739004,-0.0001764130350936,25942000.0,35050000.0,0.0107170921137147,0.0504772633849333,0.1312961726627666,0.0159587797312204,0.006340182578071,0.0028168992575163,0.0006459009116272,-0.0989569135687369,139.53671264648438
GOOGL,2022-04-05,-0.0166502195759199,-0.028757272809387,0.020128398054152,0.0077876691626916,0.0074225266848604,0.0276741711162713,25942000.0,34318000.0,-0.0134343790470033,0.0051693574900504,0.1061057007393087,0.0168486608872696,-0.0016745556210974,0.0010476641104636,0.0004715092468705,-0.0915885173868341,135.52401733398438
GOOGL,2022-04-06,-0.028757272809387,-0.0048297049371843,-0.0166502195759199,0.020128398054152,-0.003978658793139,-0.0113855788456995,21418000.0,19884000.0,-0.0379777574987881,-0.0124932358186791,0.0234448405564169,0.0194170044529546,-0.0204783425518431,-0.0023385571958073,-0.0020122729042832,-0.0487301870745043,134.86947631835938
GOOGL,2022-04-07,-0.0048297049371843,-0.0191407074665966,-0.028757272809387,-0.0166502195759199,-0.0202270825604601,0.0238400492235604,32468000.0,37524000.0,-0.0228593361930719,-0.0401455787628932,0.0261194281095793,0.0175637244723836,-0.0174647384376527,-0.0054747339546029,-0.0025448761872898,-0.0673972253718432,132.28797912597656
GOOGL,2022-04-08,-0.0191407074665966,-0.0334915870063584,-0.0048297049371843,-0.028757272809387,0.0077876691626916,0.0007132551431363,26234000.0,25942000.0,-0.0489688160169793,-0.0591889097991178,0.0263107988192299,0.0169517508490844,-0.017209862786302,-0.0100974633637648,-0.0032040736580591,-0.0420970341854463,127.8574447631836
GOOGL,2022-04-11,-0.0334915870063584,-0.008608749776457,-0.0191407074665966,-0.0048297049371843,0.020128398054152,-0.0015348797739004,25142000.0,25942000.0,-0.0989569135687369,-0.0893003518130272,0.0228064326004551,0.018681986781506,-0.0050119511177701,-0.0123678901029331,-0.0024766367248782,0.0092027755893402,126.75675201416016
GOOGL,2022-04-12,-0.008608749776457,0.0170653994180061,-0.0334915870063584,-0.0191407074665966,-0.0166502195759199,0.0074225266848604,36884000.0,21418000.0,-0.0915885173868341,-0.1037924615749097,-0.0114824852370256,0.0169550948421905,-0.0080831007026172,-0.013649599119237,-0.0038478253646655,0.002548653834197,128.91990661621094
GOOGL,2022-04-13,0.0170653994180061,-0.024358214890823,-0.008608749776457,-0.0334915870063584,-0.028757272809387,-0.003978658793139,32710000.0,32468000.0,-0.0487301870745043,-0.0848572813457065,-0.0254088944395939,0.0192116080479981,0.0101319763073593,-0.0075275353473965,-0.0035817602938031,-0.0391048178489613,125.77964782714844
GOOGL,2022-04-14,-0.024358214890823,0.007468614640496,0.0170653994180061,-0.008608749776457,-0.0048297049371843,-0.0202270825604601,27928000.0,26234000.0,-0.0673972253718432,-0.08871590573166,-0.0531160943482031,0.0188774660498407,-0.0127475223395669,-0.0065840921277794,-0.0033710517412441,-0.0559812182196128,126.71904754638672
GOOGL,2022-04-18,0.007468614640496,0.0182690813512582,-0.024358214890823,0.0170653994180061,-0.0191407074665966,0.0077876691626916,31598000.0,25142000.0,-0.0420970341854463,-0.089004408280538,-0.062067741476071,0.018418979024256,0.0015270713725028,-0.0028367052960184,-0.0035834180554099,-0.0360481967984358,129.03408813476562
GOOGL,2022-04-19,0.0182690813512582,-0.0151454322406117,0.007468614640496,-0.024358214890823,-0.0334915870063584,0.020128398054152,20808000.0,36884000.0,0.0092027755893402,-0.0906648162479836,-0.0447640646725464,0.0194526170611081,0.0139109699362958,0.0009478789147947,-0.0023487461453684,-0.0873710943384981,127.0798110961914
GOOGL,2022-04-20,-0.0151454322406117,-0.0251912079322287,0.0182690813512582,0.007468614640496,-0.008608749776457,-0.0166502195759199,26490000.0,32710000.0,0.002548653834197,-0.0892732909786435,-0.0845654190439749,0.018396538038315,-0.0016489570389421,0.0022347076475298,-0.0027909769867316,-0.1073530290236215,123.8785171508789
GOOGL,2022-04-21,-0.0251912079322287,-0.041493612892279,-0.0151454322406117,0.0182690813512582,0.0170653994180061,-0.028757272809387,31696000.0,27928000.0,-0.0391048178489613,-0.0859294198341714,-0.0973491191470999,0.0186751929291831,-0.0203784814014039,-0.0038673838942228,-0.0035046252290642,-0.0504108362348844,118.73834991455078
GOOGL,2022-04-22,-0.041493612892279,0.0287413836408318,-0.0251912079322287,-0.0151454322406117,-0.024358214890823,-0.0048297049371843,36446000.0,31598000.0,-0.0559812182196128,-0.1196054648105184,-0.1549494129653886,0.0216639718653075,-0.0183536104128678,-0.004988601508883,-0.0050558622658765,-0.0461904125179839,122.15105438232422
GOOGL,2022-04-25,0.0287413836408318,-0.03594578660877,-0.041493612892279,-0.0251912079322287,0.007468614640496,-0.0191407074665966,56884000.0,20808000.0,-0.0360481967984358,-0.0766277088109347,-0.131281108065129,0.0262438616227008,0.0277903280208148,0.0002640498207793,-0.0033853881957727,-0.052740615379215,117.76023864746094
GOOGL,2022-04-26,-0.03594578660877,-0.0367087418456799,0.0287413836408318,-0.041493612892279,0.0182690813512582,-0.0334915870063584,46128000.0,26490000.0,-0.0873710943384981,-0.0789723753233502,-0.1612204662364917,0.0266064261628561,0.0011280956174889,-0.002292525042982,-0.0027239092434009,-0.0110913653128881,113.43740844726562
GOOGL,2022-04-27,-0.0367087418456799,0.0369921097452676,-0.03594578660877,0.0287413836408318,-0.0151454322406117,-0.008608749776457,73054000.0,31696000.0,-0.1073530290236215,-0.1050779808984582,-0.1979641401785956,0.0261159652744421,-0.0365350506814758,-0.0092697437714887,-0.0049092427831831,0.0697013976154099,117.63369750976562
GOOGL,2022-04-28,0.0369921097452676,-0.0372335568140163,-0.0367087418456799,-0.03594578660877,-0.0251912079322287,0.0170653994180061,91820000.0,36446000.0,-0.0504108362348844,-0.0875443475152667,-0.164972853533644,0.0320538941460598,0.0181934053099621,-0.0015553664292155,-0.0038222107166605,-0.0170178209478959,113.25377655029295
GOOGL,2022-04-29,-0.0372335568140163,0.0216765933063376,0.0369921097452676,-0.0367087418456799,-0.041493612892279,-0.024358214890823,48884000.0,56884000.0,-0.0461904125179839,-0.0995858351747737,-0.1794668933408597,0.0315539561933669,-0.0116204003093997,-0.0002087244085219,-0.0043140379999468,0.0143460169724622,115.7087326049805
GOOGL,2022-05-02,0.0216765933063376,0.0064419011385532,-0.0372335568140163,0.0369921097452676,0.0287413836408318,0.007468614640496,42676000.0,46128000.0,-0.052740615379215,-0.0868876080951902,-0.1681586362303047,0.0316870060731974,0.0083775005637589,-0.0040912898999331,-0.0041903521847342,-0.0349279234876296,116.45411682128906
GOOGL,2022-05-03,0.0064419011385532,0.0419911092033384,0.0216765933063376,-0.0372335568140163,-0.03594578660877,0.0182690813512582,35534000.0,73054000.0,-0.0110913653128881,-0.0974933949262911,-0.1793189904378904,0.0291065005160364,-0.008578333035961,-0.0060325756306231,-0.0049362779654358,-0.0250482937686723,121.34415435791014
GOOGL,2022-05-04,0.0419911092033384,-0.0470754119144124,0.0064419011385532,0.0216765933063376,-0.0367087418456799,-0.0151454322406117,24968000.0,91820000.0,0.0697013976154099,-0.0451342875694056,-0.1303782921607518,0.0322346833292443,0.0079754380042057,0.0028695221065131,-0.0044537782841707,-0.0708198476424223,115.63182830810548
GOOGL,2022-05-05,-0.0470754119144124,-0.006514738789906,0.0419911092033384,0.0064419011385532,0.0369921097452676,-0.0251912079322287,49916000.0,48884000.0,-0.0170178209478959,-0.0665707745979014,-0.1467798063929637,0.0359287326090995,-0.0080944554067127,-0.0023880500368217,-0.0038345839269141,-0.0314278842934147,114.8785171508789
GOOGL,2022-05-06,-0.006514738789906,-0.0279534449505315,-0.0470754119144124,0.0419911092033384,-0.0372335568140163,-0.041493612892279,45840000.0,42676000.0,0.0143460169724622,-0.0325070439874697,-0.148224488692251,0.0325060037437924,-0.0086331497966354,-0.0017905999342689,-0.0033930044948633,0.002626357334823,111.66726684570312
GOOGL,2022-05-09,-0.0279534449505315,0.0167450417628534,-0.006514738789906,-0.0470754119144124,0.0216765933063376,0.0287413836408318,39710000.0,35534000.0,-0.0349279234876296,-0.0858264186881889,-0.1558774456795997,0.0308317223898853,0.0161917882711738,-0.0002277423927859,-0.0017229219419895,0.0171894800734495,113.53713989257812
GOOGL,2022-05-10,0.0167450417628534,-0.0069277776359166,-0.0279534449505315,-0.006514738789906,0.0064419011385532,-0.03594578660877,40802000.0,24968000.0,-0.0250482937686723,-0.0358618393049076,-0.1120021199948849,0.0298284365257033,0.010163885892928,0.0035207013929918,-0.0009641300914546,0.0181651226956349,112.75057983398438
GOOGL,2022-05-11,-0.0069277776359166,-0.0066768192916656,0.0167450417628534,-0.0279534449505315,0.0419911092033384,-0.0367087418456799,39900000.0,49916000.0,-0.0708198476424223,-0.0060546923865996,-0.1104964584341127,0.0269981404220851,0.0082265530268982,0.0035709243975303,-0.0001486474049788,-0.0149908880799628,111.99776458740234
GOOGL,2022-05-12,-0.0066768192916656,0.0284154296412388,-0.0069277776359166,0.0167450417628534,-0.0470754119144124,0.0369921097452676,37534000.0,45840000.0,-0.0314278842934147,-0.0479108711336341,-0.1312608926966189,0.0244304467556778,-0.0099090490413978,0.0032080056705933,-0.0011506986724167,-0.0217999313477028,115.1802291870117
GOOGL,2022-05-13,0.0284154296412388,-0.0138344930745067,-0.0066768192916656,-0.0069277776359166,-0.006514738789906,-0.0372335568140163,53836000.0,39710000.0,0.002626357334823,0.0170100520741864,-0.0842697433427613,0.0260022267356243,0.0054601413280888,0.0060266638955382,-0.0002403154890339,-0.0615465304374016,113.5867691040039
GOOGL,2022-05-16,-0.0138344930745067,0.0177202580997035,0.0284154296412388,-0.0066768192916656,-0.0279534449505315,0.0216765933063376,35038000.0,40802000.0,0.0171894800734495,-0.0183388362589776,-0.103633026736376,0.0242645335015944,-0.0056308110529984,0.0016621440307037,-0.0005982096103089,-0.0258377778949485,115.5995559692383
GOOGL,2022-05-17,0.0177202580997035,-0.0392666513330206,-0.0138344930745067,0.0284154296412388,0.0167450417628534,0.0064419011385532,25990000.0,39900000.0,0.0181651226956349,-0.0073381764026616,-0.1041161475988893,0.0233429827230055,-0.0079307624659741,-0.0019567856410766,-0.0016902962304224,-0.0901753678507563,111.0603485107422
GOOGL,2022-05-18,-0.0392666513330206,-0.0135433349760822,0.0177202580997035,-0.0138344930745067,-0.0069277776359166,0.0419911092033384,23054000.0,37534000.0,-0.0149908880799628,-0.0847490833125376,-0.1260582813844717,0.0268989805762224,-0.0075573309779249,-0.0051135624420412,-0.0019857149273716,-0.0544639924071758,109.55622100830078
GOOGL,2022-05-19,-0.0135433349760822,-0.0133715391901239,-0.0392666513330206,0.0177202580997035,-0.0066768192916656,-0.0470754119144124,35126000.0,53836000.0,-0.0217999313477028,-0.0525426899211176,-0.1156156569515128,0.0245376128812675,-0.0098334647285746,-0.0050984455794766,-0.0014584640937301,-0.0234771447670444,108.0912857055664
GOOGL,2022-05-20,-0.0133715391901239,0.0236897328939031,-0.0135433349760822,-0.0392666513330206,0.0284154296412388,-0.006514738789906,34144000.0,35038000.0,-0.0615465304374016,-0.0590818162842257,-0.0896682850708845,0.0223388033239537,-0.0049910546911277,-0.0071886847833199,-0.0007903363076431,0.0312970853998531,110.65193939208984
GOOGL,2022-05-23,0.0236897328939031,-0.0494940796867156,-0.0133715391901239,-0.0135433349760822,-0.0138344930745067,-0.0279534449505315,48962000.0,25990000.0,-0.0258377778949485,-0.0090924357897664,-0.0941384832769675,0.0240256824909478,-0.0027188041313893,-0.0066062833989981,-0.0023157929152533,0.0203968442922681,105.17532348632812
GOOGL,2022-05-24,-0.0494940796867156,-0.0015570663173151,0.0236897328939031,-0.0133715391901239,0.0177202580997035,0.0167450417628534,37184000.0,23054000.0,-0.0901753678507563,-0.0736482917762543,-0.1068689678764009,0.0289450169333855,-0.0316603216354965,-0.0113521952329026,-0.0039552137779026,0.0747571005560898,105.01155853271484
GOOGL,2022-05-25,-0.0015570663173151,0.0187845532663837,-0.0494940796867156,0.0236897328939031,-0.0392666513330206,-0.0069277776359166,76780000.0,35126000.0,-0.0544639924071758,-0.0686384168725746,-0.0742775247591076,0.0264627899867874,-0.0175427619218272,-0.0133492814216831,-0.0030055993399202,0.1116912687558007,106.9841537475586
GOOGL,2022-05-26,0.0187845532663837,0.041969525396347,-0.0015570663173151,-0.0494940796867156,-0.0135433349760822,-0.0066768192916656,40258000.0,34144000.0,-0.0234771447670444,-0.0447652759705856,-0.0905314037359314,0.026519927765709,-0.0050334128069773,-0.0123892710373636,-0.0041669402457671,0.0626064574063047,111.47422790527344
GOOGL,2022-05-27,0.041969525396347,0.0128698973044556,0.0187845532663837,-0.0015570663173151,-0.0133715391901239,0.0284154296412388,37948000.0,48962000.0,0.0312970853998531,-0.0321756720567125,-0.0157129298397327,0.030457263207962,0.0144116381203443,-0.0085087324750692,-0.0028653383242799,0.0401010187425356,112.90888977050778
GOOGL,2022-05-31,0.0128698973044556,0.0011428325083111,0.041969525396347,0.0187845532663837,0.0236897328939031,-0.0138344930745067,37914000.0,37184000.0,0.0203968442922681,-0.0059679427352619,-0.0241973338696146,0.0277741526114081,0.0156802066384175,-0.0048289303211078,-0.002500203020547,0.0297770946174502,113.03792572021486
GOOGL,2022-06-01,0.0011428325083111,0.0327545555657771,0.0128698973044556,0.041969525396347,-0.0494940796867156,0.0177202580997035,50012000.0,76780000.0,0.0747571005560898,-0.0221595163367678,-0.0293350822995525,0.0251932196239161,0.0078350646705291,0.0030701469400972,-0.0016795331352225,0.028992298719225,116.7404327392578
GOOGL,2022-06-02,0.0327545555657771,-0.0261981222374263,0.0011428325083111,0.0128698973044556,-0.0015570663173151,-0.0392666513330206,36606000.0,40258000.0,0.1116912687558007,0.0511441239351613,-0.0379393769977041,0.0254406065134327,0.0127949256897109,0.0091376844624049,-0.0014385587509472,-0.0236943647386035,113.68205261230467
GOOGL,2022-06-03,-0.0261981222374263,0.0199011659582133,0.0327545555657771,0.0011428325083111,0.0187845532663837,-0.0135433349760822,37992000.0,37948000.0,0.0626064574063047,0.0376594917753807,-0.0168619291446776,0.0273137284014879,-0.0046139157091733,0.0092215838819657,-0.0012645317660703,-0.0295047815064882,115.94445800781249
GOOGL,2022-06-06,0.0199011659582133,0.0028162661860127,-0.0261981222374263,0.0327545555657771,0.041969525396347,-0.0133715391901239,26136000.0,37914000.0,0.0401010187425356,0.072653149150595,0.0092788528557834,0.0255994893136648,0.0136512947946638,0.0090695152168296,-0.0001503095365053,-0.0892651558142252,116.27098846435548
GOOGL,2022-06-07,0.0028162661860127,0.0003798588583852,0.0199011659582133,-0.0261981222374263,0.0128698973044556,0.0236897328939031,33542000.0,50012000.0,0.0297770946174502,0.0507812976721069,0.0412271361939355,0.023201671378421,-0.0105753406112744,0.0038184057668912,-0.0014886659806277,-0.0890656489152699,116.31515502929688
GOOGL,2022-06-08,0.0003798588583852,-0.0201247436975506,0.0028162661860127,0.0199011659582133,0.0011428325083111,-0.0494940796867156,31590000.0,36606000.0,0.028992298719225,0.1059167794660203,0.0244678978116512,0.0211002554418219,0.00044757939834,0.0023409087124534,-0.0019744813053571,-0.0633948284298613,113.9743423461914
GOOGL,2022-06-09,-0.0201247436975506,-0.0319936380623804,0.0003798588583852,0.0028162661860127,0.0327545555657771,-0.0015570663173151,26108000.0,37992000.0,-0.0236943647386035,0.0853504503571798,0.0108537136927271,0.0216052366020692,0.0005324256985785,-0.000111591285773,-0.0023591876717731,-0.076648696736595,110.32788848876952
GOOGL,2022-06-10,-0.0319936380623804,-0.0429014880612176,-0.0201247436975506,0.0003798588583852,-0.0261981222374263,0.0187845532663837,25798000.0,26136000.0,-0.0295047815064882,0.031254486053148,-0.0149099056109255,0.0235323942460148,0.0004823752574886,0.0009076669075593,-0.0018396164568288,-0.0361455447749884,105.59465789794922
GOOGL,2022-06-13,-0.0429014880612176,0.0030359445751355,-0.0319936380623804,-0.0201247436975506,0.0199011659582133,0.041969525396347,41452000.0,33542000.0,-0.0892651558142252,-0.0527437607580512,-0.083222366865575,0.0261329428991932,0.0032615407489912,-0.0011702839015751,-0.0019495464857836,0.0484197720270713,105.9152374267578
GOOGL,2022-06-14,0.0030359445751355,0.0285713215509402,-0.0429014880612176,-0.0319936380623804,0.0028162661860127,0.0128698973044556,47252000.0,31590000.0,-0.0890656489152699,-0.0619406705527341,-0.0675389549131536,0.0244561004732847,0.0004158230986555,0.0010279488404108,-0.0016472147782009,0.0447169469639596,108.94137573242188
GOOGL,2022-06-15,0.0285713215509402,-0.0339909255191689,0.0030359445751355,-0.0429014880612176,0.0003798588583852,0.0011428325083111,33706000.0,26108000.0,-0.0633948284298613,-0.0362404915137289,-0.0575969360867457,0.0270188592760212,0.0095808834820325,0.0028546096571493,-0.0007716324808006,0.0225709992545781,105.23835754394533
GOOGL,2022-06-16,-0.0339909255191689,0.0104683248316888,0.0285713215509402,0.0030359445751355,-0.0201247436975506,0.0327545555657771,39698000.0,25798000.0,-0.076648696736595,-0.098526919297983,-0.0524218683343474,0.0275618926761665,0.0049435993702672,0.003736844391487,-0.000146585963391,0.1126199288637026,106.34002685546876
GOOGL,2022-06-17,0.0104683248316888,0.0410710852190381,-0.0339909255191689,0.0285713215509402,-0.0319936380623804,-0.0261981222374263,51684000.0,41452000.0,-0.0361455447749884,-0.0645838598804577,-0.0293565634450674,0.0260778641268904,0.0211796120741823,0.0078762917548257,0.0014040678767467,0.0811062404040692,110.70752716064452
GOOGL,2022-06-21,0.0410710852190381,-0.0005065931887161,0.0104683248316888,-0.0339909255191689,-0.0429014880612176,0.0199011659582133,51376000.0,47252000.0,0.0484197720270713,-0.0451675822816396,0.0242039997766756,0.0301018274698739,-0.0100454721745832,0.0052148891701108,0.001151347002574,0.0041552908321105,110.65144348144533
GOOGL,2022-06-22,-0.0005065931887161,0.006767629394291,0.0410710852190381,0.0104683248316888,0.0030359445751355,0.0028162661860127,47416000.0,33706000.0,0.0447169469639596,-0.048331445850165,-4.481716698645499e-06,0.0272752886867135,0.0054420131482049,0.0062201271800207,0.0015593878665537,0.0019194933899897,111.4002914428711
GOOGL,2022-06-23,0.006767629394291,0.0510770875704955,-0.0005065931887161,0.0410710852190381,0.0285713215509402,0.0003798588583852,30774000.0,39698000.0,0.0225709992545781,-0.0422547138005177,0.0591865824624933,0.0247262494078714,0.0103382558262515,0.0063716016488645,0.0036593167396411,-0.02921372446411,117.09029388427734
GOOGL,2022-06-24,0.0510770875704955,-0.018152036138831,0.006767629394291,-0.0005065931887161,-0.0339909255191689,-0.0201247436975506,28362000.0,51684000.0,0.1126199288637026,0.0273390613531367,0.1150229129091493,0.0295815139352836,0.0158869306104406,0.0085602678968992,0.0053308013662545,-0.0783004313669302,114.9648666381836
GOOGL,2022-06-27,-0.018152036138831,-0.0330302432032013,0.0510770875704955,0.006767629394291,0.0104683248316888,-0.0319936380623804,41164000.0,51376000.0,0.0811062404040692,0.0420290663850244,0.0745971493073303,0.0294512497204307,-0.0183053263741267,0.0006632802072374,0.004667205687897,-0.0221914003719637,111.16754913330078
GOOGL,2022-06-28,-0.0330302432032013,-0.0027320107339581,-0.018152036138831,0.0510770875704955,0.0410710852190381,-0.0429014880612176,36420000.0,47416000.0,0.0041552908321105,0.052776261093979,-0.0027511181529175,0.0311354378803812,-0.0162986438500917,-0.0005873541278642,0.0031316915893752,0.0228957570585808,110.86383819580078
GOOGL,2022-06-29,-0.0027320107339581,-0.0245162373646399,-0.0330302432032013,-0.018152036138831,-0.0005065931887161,0.0030359445751355,35792000.0,30774000.0,0.0019194933899897,0.0467222742380672,-0.0181124053107215,0.0281764456658878,0.0085822855693885,4.0700356372439656e-05,0.0027767955359238,0.0633966559414278,108.1458740234375
GOOGL,2022-06-30,-0.0245162373646399,-0.0020694331725609,-0.0027320107339581,-0.0330302432032013,0.006767629394291,0.0285713215509402,24716000.0,28362000.0,-0.02921372446411,-0.0073021081626347,-0.0432779676874633,0.0272229973759384,-0.0116523313536931,-0.0043574170796165,0.0018024257347126,0.0953581599469937,107.9220733642578
GOOGL,2022-07-01,-0.0020694331725609,0.0416185655967575,-0.0245162373646399,-0.0027320107339581,0.0510770875704955,-0.0339909255191689,43170000.0,41164000.0,-0.0783004313669302,0.0255013084862314,-0.0755381761749675,0.0246583350027689,-0.0107016657072525,-0.0096751363431551,0.0006275961648645,0.0638142196117765,112.41363525390624
GOOGL,2022-07-05,0.0416185655967575,0.0115571307182977,-0.0020694331725609,-0.0245162373646399,-0.018152036138831,0.0104683248316888,35476000.0,36420000.0,-0.0221914003719637,0.057114978978634,-0.0111575867012551,0.0291860517956579,0.0377694257366075,0.0015398140789917,0.0027467632371535,0.00668800918674,113.71281433105467
GOOGL,2022-07-06,0.0115571307182977,0.0367541731842444,0.0416185655967575,-0.0020694331725609,-0.0330302432032013,0.0410710852190381,39342000.0,35792000.0,0.0228957570585808,0.027146186420091,-0.0192475234703106,0.0265905828888618,0.010995286636212,0.0069986001762524,0.0026139628292309,-0.0280914586845398,117.8922348022461
GOOGL,2022-07-07,0.0367541731842444,0.0048029522459691,0.0115571307182977,0.0416185655967575,-0.0027320107339581,-0.0005065931887161,37432000.0,24716000.0,0.0633966559414278,0.0654378387934446,0.0139436875810823,0.027267458040183,0.0043604866557522,0.0061542403935252,0.0033607541925823,-0.0708476388510216,118.45846557617186
GOOGL,2022-07-08,0.0048029522459691,-0.0308076700431544,0.0367541731842444,0.0115571307182977,-0.0245162373646399,0.006767629394291,40936000.0,43170000.0,0.0953581599469937,0.0633586684727876,0.0184267522691703,0.0247887043302546,-6.6921709142688315e-06,0.008483368230081,0.0033380406141195,-0.0634753108667531,114.8090362548828
GOOGL,2022-07-11,-0.0308076700431544,-0.0143157510009468,0.0048029522459691,0.0367541731842444,-0.0020694331725609,0.0510770875704955,38238000.0,35476000.0,0.0638142196117765,-0.0194828926780998,0.0073235246767737,0.0278429666092479,-0.0068513376646563,0.0092534338386002,0.0029688524459578,-0.0574577774824314,113.16545867919922
GOOGL,2022-07-12,-0.0143157510009468,-0.0233905575492945,-0.0308076700431544,0.0048029522459691,0.0416185655967575,-0.018152036138831,31196000.0,39342000.0,0.00668800918674,-0.015651807474778,0.0257194280548433,0.0260869419745092,-0.0046842805533856,0.0007626925806016,0.0027105196554141,-0.0018462432943479,110.5184555053711
GOOGL,2022-07-13,-0.0233905575492945,-0.0088546946594527,-0.0143157510009468,-0.0308076700431544,0.0115571307182977,-0.0330302432032013,29960000.0,37432000.0,-0.0280914586845398,-0.0058388768394215,0.0466292301659845,0.0253461078662719,-0.0200865322048577,-0.0054536711876123,0.0015431160077216,0.022868622019726,109.53984832763672
GOOGL,2022-07-14,-0.0088546946594527,0.0127755272866849,-0.0233905575492945,-0.0143157510009468,0.0367541731842444,-0.0027320107339581,43722000.0,40936000.0,-0.0708476388510216,-0.0119424862940945,0.0342218078242557,0.0229865405966556,0.004381882212974,-0.005449392076168,0.0017414189634376,0.0359933936066085,110.93927764892577
GOOGL,2022-07-15,0.0127755272866849,-0.0245802344303874,-0.0088546946594527,-0.0233905575492945,0.0048029522459691,-0.0245162373646399,37004000.0,38238000.0,-0.0634753108667531,0.0258299602339233,0.018339238907824,0.0220813147607785,-0.0051865755041369,-0.0064853687428125,0.0010030460141291,-0.0346894887041381,108.21236419677734
GOOGL,2022-07-18,-0.0245802344303874,0.0438412333784394,0.0127755272866849,-0.0088546946594527,-0.0308076700431544,-0.0020694331725609,46770000.0,31196000.0,-0.0574577774824314,0.0026898188986765,0.0282597212864152,0.0219504858747567,-0.0178358297572932,-0.0086822671613399,-0.0001359254422488,-0.0139409491701374,112.95652770996097
GOOGL,2022-07-19,0.0438412333784394,0.0007908580617472,-0.0245802344303874,0.0127755272866849,-0.0143157510009468,0.0416185655967575,43164600.0,29960000.0,-0.0018462432943479,0.0048294182002786,0.0622202292979006,0.0284443736385399,0.0184899267833646,-0.0040474256939898,-0.0002704097067897,-0.0772339865933043,113.04586029052734
GOOGL,2022-07-20,0.0007908580617472,0.0038630243730455,0.0438412333784394,-0.0245802344303874,-0.0233905575492945,0.0115571307182977,36530900.0,43722000.0,0.022868622019726,-0.0058652496154533,0.0211217176451763,0.0257425340227268,-0.0009935709844004,-0.0002288334498983,0.0001821853527193,-0.0073749690139403,113.48255920410156
GOOGL,2022-07-21,0.0038630243730455,-0.0563232660494356,0.0007908580617472,0.0438412333784394,-0.0088546946594527,0.0367541731842444,35600400.0,37004000.0,0.0359933936066085,-0.0374042921956766,0.0255858905548844,0.0232918206807605,-0.0156738210452909,-0.0042399741015513,-0.0008736063569554,-0.0010494550833894,107.09085083007812
GOOGL,2022-07-22,-0.0563232660494356,-0.0036144049575497,0.0038630243730455,0.0007908580617472,0.0127755272866849,0.0048029522459691,32676200.0,46770000.0,-0.0346894887041381,-0.0959628734915875,-0.0386842849060494,0.0319414208274209,-0.0433857239611568,-0.0118798037929553,-0.0035598053463258,0.0780352124857479,106.70378112792967
GOOGL,2022-07-25,-0.0036144049575497,-0.0231607196916774,-0.0563232660494356,0.0038630243730455,-0.0245802344303874,-0.0308076700431544,48901200.0,43164600.0,-0.0139409491701374,-0.0705977106972571,-0.0887051557545227,0.0289472700258878,-0.0096628930042521,-0.0102452164423471,-0.0048372965270604,0.0683656042187699,104.2324447631836
GOOGL,2022-07-26,-0.0231607196916774,0.0765568324591905,-0.0036144049575497,-0.0563232660494356,0.0438412333784394,-0.0143157510009468,34690900.0,36530900.0,-0.0772339865933043,-0.0789376371578087,-0.0933539279332787,0.0269749619289303,-0.0095409720532274,-0.0158513962096655,-0.0043990788110155,0.0962674082881989,112.21215057373048
GOOGL,2022-07-27,0.0765568324591905,0.0102601525400922,-0.0231607196916774,-0.0036144049575497,0.0007908580617472,-0.0233905575492945,47991000.0,35600400.0,-0.0073749690139403,0.0153249976269989,0.0093966400138687,0.0428584425576092,0.0427146891827793,-0.0071097441762295,-0.0014484121593719,0.0444013276972581,113.36346435546876
GOOGL,2022-07-28,0.0102601525400922,0.0183854982402316,0.0765568324591905,-0.0231607196916774,0.0038630243730455,-0.0088546946594527,59858500.0,32676200.0,-0.0010494550833894,0.0349061650733302,0.0225468123812679,0.0388122418924769,0.005412830086245,-0.0028924139499223,-0.0016068849335291,0.0347575062710412,115.4477081298828
GOOGL,2022-07-29,0.0183854982402316,-0.0125516439969912,0.0102601525400922,0.0765568324591905,-0.0563232660494356,0.0127755272866849,32816600.0,48901200.0,0.0780352124857479,0.0406387221595603,0.0675183789708226,0.035438727727798,-0.0062532248821238,0.0045340858658841,-0.0013369296099506,0.0098864245099214,113.99864959716795
GOOGL,2022-08-01,-0.0125516439969912,0.0023507513804517,0.0183854982402316,0.0102601525400922,-0.0036144049575497,-0.0245802344303874,37223400.0,34690900.0,0.0683656042187699,0.0534715736352329,0.0563052213832153,0.0331942242492493,-0.0034735910967561,0.0057719462473833,-0.0009755258794258,0.0212433637702933,114.26663208007812
GOOGL,2022-08-02,0.0023507513804517,0.0256232892279417,-0.0125516439969912,0.0183854982402316,-0.0231607196916774,0.0438412333784394,26034300.0,47991000.0,0.0962674082881989,0.0115983059737914,0.0164837372440325,0.0300417476279917,0.0072743292014801,0.0091350064983248,-0.0025002807061822,0.0130287085211637,117.19451904296878
GOOGL,2022-08-03,0.0256232892279417,0.0009315848269504,0.0023507513804517,-0.0125516439969912,0.0765568324591905,0.0007908580617472,20236000.0,59858500.0,0.0444013276972581,0.0366989002673727,0.0306184024412388,0.0285168638703949,0.0196686747029239,0.0045258036023538,-0.0020666113028466,0.0137194256594004,117.30369567871097
GOOGL,2022-08-04,0.0009315848269504,-0.0060920714681991,0.0256232892279417,0.0023507513804517,0.0102601525400922,0.0038630243730455,28499000.0,32816600.0,0.0347575062710412,0.0336715747460096,-0.0049921788701552,0.025964042643816,0.0105568819092529,0.0055546139669554,-0.0017567915401716,0.0054993648875494,116.58907318115234
GOOGL,2022-08-05,-0.0060920714681991,-0.0014470378455399,0.0009315848269504,0.0256232892279417,0.0183854982402316,-0.0563232660494356,21602900.0,37223400.0,0.0098864245099214,0.0886931262330255,-0.0157809945108352,0.0240714432917095,0.0018114298806372,0.0071675449195076,-0.001665885437594,0.0358390696030244,116.4203643798828
GOOGL,2022-08-08,-0.0014470378455399,-0.0057119358823548,-0.0060920714681991,0.0009315848269504,-0.0125516439969912,-0.0036144049575497,19159500.0,26034300.0,0.0212433637702933,0.0910612833888584,0.0140348545511936,0.0219087350062887,-0.0026338041672378,0.0073355023054112,-0.0014550087627231,0.0407502236319134,115.75537872314452
GOOGL,2022-08-09,-0.0057119358823548,0.0263225937760611,-0.0014470378455399,-0.0060920714681991,0.0023507513804517,-0.0231607196916774,19138300.0,20236000.0,0.0130287085211637,0.1105503568120374,0.0228861357005336,0.020163872550489,-0.0060232516440792,0.0046759861362994,-0.0015219573172577,0.0434708302748516,118.80236053466795
GOOGL,2022-08-10,0.0263225937760611,-0.0071847817410382,-0.0057119358823548,-0.0014470378455399,0.0256232892279417,0.0765568324591905,19086500.0,28499000.0,0.0137194256594004,0.0587299140711796,0.0749549474919533,0.0207897759951072,0.0054776112433871,0.001837773444392,-0.0002437501448455,-0.001253045355528,117.94879150390624
GOOGL,2022-08-11,-0.0071847817410382,0.0238978759341013,0.0263225937760611,-0.0057119358823548,0.0009315848269504,0.0102601525400922,30930400.0,21602900.0,0.0054993648875494,0.0404480153681565,0.0767660655428164,0.0195813961759611,-0.0025932193242077,-0.0007922468023001,-0.0005925052217046,0.0111917475690477,120.76751708984376
GOOGL,2022-08-12,0.0238978759341013,0.0032873340728927,-0.0071847817410382,0.0263225937760611,-0.0060920714681991,0.0183854982402316,24293700.0,19159500.0,0.0358390696030244,0.0460798143690821,0.0885911613019516,0.0195056999119781,-0.002820672989656,-0.0017186673763587,-0.0004742100959805,-0.036735686615403,121.16452026367186
GOOGL,2022-08-15,0.0032873340728927,-0.0031127851439646,0.0238978759341013,-0.0071847817410382,-0.0014470378455399,-0.0125516439969912,19096300.0,19138300.0,0.0407502236319134,0.0628592592265404,0.1196920163701613,0.0177247508165831,0.0009080493661075,-0.0010102966696896,0.0004629838601894,-0.0642202175694196,120.78736114501952
GOOGL,2022-08-16,-0.0031127851439646,-0.017666296673899,0.0032873340728927,0.0238978759341013,-0.0057119358823548,0.0023507513804517,19494800.0,19086500.0,0.0434708302748516,0.0570659075728394,0.0693260814033329,0.0165212879572198,-0.0011978465281173,-4.5215646497304834e-05,-0.0005214048053846,-0.0644206191813068,118.65349578857422
GOOGL,2022-08-17,-0.017666296673899,0.0051860993376415,-0.0031127851439646,0.0032873340728927,0.0263225937760611,0.0256232892279417,19041200.0,30930400.0,-0.001253045355528,0.0124491892412692,0.0496049610630171,0.0175385044851168,-0.010027591789269,-0.0031462562530285,-0.000973105845628,-0.0490172066873578,119.2688446044922
GOOGL,2022-08-18,0.0051860993376415,-0.024631790351649,-0.017666296673899,-0.0031127851439646,-0.0071847817410382,0.0009315848269504,22847000.0,24293700.0,0.0111917475690477,0.0167526599602088,0.0509883231482632,0.0159637042656553,0.0045120053939787,-0.0017252113093912,3.618547633541317e-05,-0.0292918622542877,116.33103942871094
GOOGL,2022-08-19,-0.024631790351649,-0.0253391616935807,0.0051860993376415,-0.017666296673899,0.0238978759341013,-0.0060920714681991,17987700.0,19096300.0,-0.036735686615403,-0.0022131898419029,0.0862836416650969,0.0179521244995963,-0.0123709071969433,-0.0036352581508486,0.001586926314546,-0.0586127441033563,113.38330841064452
GOOGL,2022-08-22,-0.0253391616935807,-0.003326273197968,-0.024631790351649,0.0051860993376415,0.0032873340728927,-0.0014470378455399,21809500.0,19494800.0,-0.0642202175694196,-0.0260869821651501,0.0625987871480073,0.0185727578813428,-0.0112480845525639,-0.0060664849345829,0.0015076667371304,-0.0421918507282331,113.00616455078124
GOOGL,2022-08-23,-0.003326273197968,-0.0014931193366649,-0.0253391616935807,-0.024631790351649,-0.0031127851439646,-0.0057119358823548,21456600.0,19041200.0,-0.0644206191813068,-0.0237502067090865,0.0841745562769016,0.0168732525737237,-0.0100496701544709,-0.0078368496598537,0.0014822318320683,-0.0432108709025633,112.83743286132812
GOOGL,2022-08-24,-0.0014931193366649,0.0260357321261612,-0.003326273197968,-0.0253391616935807,-0.017666296673899,0.0263225937760611,15870400.0,22847000.0,-0.0490172066873578,-0.0502088312597054,0.0055723224659773,0.0153972341424402,-0.0008808327573231,-0.0060074978534645,-0.0006975442649368,-0.0481133384377424,115.77523803710938
GOOGL,2022-08-25,0.0260357321261612,-0.054093432757215,-0.0014931193366649,-0.003326273197968,0.0051860993376415,-0.0071847817410382,17734600.0,17987700.0,-0.0292918622542877,-0.0184279418134172,0.0212746998810668,0.0189534186255942,0.0137535426788223,-0.0041591903964958,-0.0002805086353079,-0.0592370607975333,109.51255798339844
GOOGL,2022-08-26,-0.054093432757215,-0.0083378674839051,0.0260357321261612,-0.0014931193366649,-0.024631790351649,0.0238978759341013,16956800.0,21809500.0,-0.0586127441033563,-0.0931952513197097,-0.0514098568315197,0.0279377821992933,-0.024366473688214,-0.0065583036947499,-0.0011861710756124,-0.022566554479822,108.59945678710938
GOOGL,2022-08-29,-0.0083378674839051,-0.0043866427882752,-0.054093432757215,0.0260357321261612,-0.0253391616935807,0.0032873340728927,37245700.0,21456600.0,-0.0421918507282331,-0.1037024984642291,-0.0473619014710917,0.0252767456504007,-0.0059894519884435,-0.0055065771819258,-0.0013119641201968,-0.0238530068254618,108.1230697631836
GOOGL,2022-08-30,-0.0043866427882752,-0.0066093434002918,-0.0083378674839051,-0.054093432757215,-0.003326273197968,-0.0031127851439646,21191200.0,15870400.0,-0.0432108709025633,-0.1048478190249635,-0.0537651474018164,0.0229562586826221,0.0107101285249907,-0.0013546174460335,-0.0011401741540212,0.0046813036523596,107.408447265625
GOOGL,2022-08-31,-0.0066093434002918,0.0140455056882109,-0.0043866427882752,-0.0083378674839051,-0.0014931193366649,-0.017666296673899,27513300.0,17734600.0,-0.0481133384377424,-0.0947721636704788,-0.0835028110295478,0.0207794183267553,0.0016061467676752,-0.0008572215410338,-0.0020433005507837,0.0014785228835421,108.91705322265624
GOOGL,2022-09-01,0.0140455056882109,-0.0172224301862091,-0.0066093434002918,-0.0043866427882752,0.0260357321261612,0.0051860993376415,28627000.0,16956800.0,-0.0592370607975333,-0.0867937592265907,-0.0714951256013732,0.0208552571832569,0.0061480710452688,-0.0023783158677445,-0.0022637410939829,0.0082923227105453,107.0412368774414
GOOGL,2022-09-02,-0.0172224301862091,-0.009643046964211,0.0140455056882109,-0.0066093434002918,-0.054093432757215,-0.024631790351649,28360900.0,37245700.0,-0.022566554479822,-0.0798566109001581,-0.0818930629020081,0.0195996848573086,-0.0070412942402082,0.0010867200218566,-0.0027063773000252,0.0279090490316218,106.009033203125
GOOGL,2022-09-06,-0.009643046964211,0.0247167000987995,-0.0172224301862091,0.0140455056882109,-0.0083378674839051,-0.0253391616935807,24160700.0,21191200.0,-0.0238530068254618,-0.0650384550502957,-0.0894287801984998,0.0177740142645021,-0.0098068686194038,0.0003232366956645,-0.0030650305226335,-0.0233125073408673,108.62922668457033
GOOGL,2022-09-07,0.0247167000987995,-0.0097761311958985,-0.009643046964211,-0.0172224301862091,-0.0043866427882752,-0.003326273197968,25068300.0,27513300.0,0.0046813036523596,-0.0387318504579815,-0.0615621677124655,0.0206316308750713,0.0093008521445639,4.138141957919501e-05,-0.0022988253332013,-0.0406578055589699,107.56725311279295
GOOGL,2022-09-08,-0.0097761311958985,0.0209448080030896,0.0247167000987995,-0.009643046964211,-0.0066093434002918,-0.0014931193366649,23167000.0,28627000.0,0.0014785228835421,-0.0467059522260842,-0.0945697322116462,0.0189771666257128,-0.0221543586388876,-0.0047107196617333,-0.003680423827315,-0.0504704747942325,109.82022857666014
GOOGL,2022-09-09,0.0209448080030896,0.001897896515975,-0.0097761311958985,0.0247167000987995,0.0140455056882109,0.0260357321261612,24238300.0,28360900.0,0.0082923227105453,-0.0514359509115451,-0.0689160340144466,0.0197027862901086,0.0020109773531641,-0.0055381384001543,-0.0034502139934464,-0.0709444680300759,110.0286560058594
GOOGL,2022-09-12,0.001897896515975,-0.0589933513968834,0.0209448080030896,-0.0097761311958985,-0.0172224301862091,-0.054093432757215,23197700.0,24160700.0,0.0279090490316218,0.0047126834763477,-0.0889217675643304,0.0178226486976568,-0.0059774966996001,-0.0053253788920327,-0.0036080551789436,-0.0702687399162205,103.5376968383789
GOOGL,2022-09-13,-0.0589933513968834,0.0065184361854446,0.001897896515975,0.0209448080030896,-0.009643046964211,-0.0083378674839051,22966800.0,25068300.0,-0.0233125073408673,-0.0466094407696088,-0.1454784237740091,0.0294259725203005,-0.0209243618136318,-0.0075488775308782,-0.0046996757379306,-0.0304831819099892,104.2126007080078
GOOGL,2022-09-14,0.0065184361854446,-0.0199046748477269,-0.0589933513968834,0.001897896515975,0.0247167000987995,-0.0043866427882752,38172900.0,23167000.0,-0.0406578055589699,-0.0361668334402703,-0.1372226388579824,0.0273973543580228,-0.0062322612621833,-0.0106555002122277,-0.0049513964746339,-0.0544761487256277,102.1382827758789
GOOGL,2022-09-15,-0.0199046748477269,-0.0010690594316221,0.0065184361854446,-0.0589933513968834,-0.0097761311958985,-0.0066093434002918,26395100.0,24238300.0,-0.0504704747942325,-0.0490665736626169,-0.1391885919831925,0.0253697387834655,-0.0129657142227508,-0.0088177713290003,-0.005098302596308,-0.0269168130286612,102.02909088134766
GOOGL,2022-09-16,-0.0010690594316221,0.0026266049220837,-0.0199046748477269,0.0065184361854446,0.0209448080030896,0.0140455056882109,34188300.0,23197700.0,-0.0709444680300759,-0.0632404397429639,-0.14454532346912,0.0231719235387773,0.0037734268395887,-0.0084652814317154,-0.0051352315240275,-0.039494040188117,102.29708099365234
GOOGL,2022-09-19,0.0026266049220837,-0.0187252909265116,-0.0010690594316221,-0.0199046748477269,0.001897896515975,-0.0172224301862091,42797200.0,22966800.0,-0.0702687399162205,-0.0443208245923106,-0.1206381246482266,0.0213634021144801,-0.0009298106658117,-0.0074557442249577,-0.0045631766974709,-0.0475406135147953,100.38153839111328
GOOGL,2022-09-20,-0.0187252909265116,-0.0183902224248319,0.0026266049220837,-0.0010690594316221,-0.0589933513968834,-0.009643046964211,23036800.0,38172900.0,-0.0304831819099892,-0.0530850498488069,-0.1146709352706683,0.020037355201274,-0.0062366673148313,-0.0045182053251976,-0.0043126058355843,-0.0359897756431474,98.5354995727539
GOOGL,2022-09-21,-0.0183902224248319,0.0086623211561223,-0.0187252909265116,0.0026266049220837,0.0065184361854446,0.0247167000987995,26517100.0,26395100.0,-0.0544761487256277,-0.0929190736221096,-0.1280519964158654,0.0186046255852129,0.0032130636616655,-0.0026291403404279,-0.0036494691447775,0.0077558730012476,99.38904571533206
GOOGL,2022-09-22,0.0086623211561223,-0.0139803721789336,-0.0183902224248319,-0.0187252909265116,-0.0199046748477269,-0.0097761311958985,31487300.0,34188300.0,-0.0269168130286612,-0.0760287834893896,-0.119183738986011,0.0184496633072077,0.0151996846849449,0.0030039394411112,-0.002845443272664,-0.0271621028161174,97.99954986572266
GOOGL,2022-09-23,-0.0139803721789336,-0.005772831243168,0.0086623211561223,-0.0183902224248319,-0.0010690594316221,0.0209448080030896,34298600.0,42797200.0,-0.039494040188117,-0.1076366245466886,-0.153536183321766,0.0169590620063663,0.014570319529174,0.0051633179790283,-0.0028046044301465,-0.0312943630893802,97.4338150024414
GOOGL,2022-09-26,-0.005772831243168,-0.006824998659055,-0.0139803721789336,0.0086623211561223,0.0026266049220837,0.001897896515975,31625400.0,23036800.0,-0.0475406135147953,-0.1144687344244871,-0.1102955058614201,0.0153645583720661,0.0044567217342357,0.0062406244590378,-0.001363444659024,0.0047876236850419,96.76882934570312
GOOGL,2022-09-27,-0.006824998659055,0.0261540732172134,-0.005772831243168,-0.0139803721789336,-0.0187252909265116,-0.0589933513968834,27072700.0,26517100.0,-0.0359897756431474,-0.0653758746753069,-0.1089381824864756,0.0139006268356658,-0.0140989494855359,0.0046681680248968,-0.0017689195338786,0.0424617169585743,99.29972839355467
GOOGL,2022-09-28,0.0261540732172134,-0.0262870624015493,-0.006824998659055,-0.005772831243168,-0.0183902224248319,0.0065184361854446,30072800.0,31487300.0,0.0077558730012476,-0.0471427858154931,-0.0816046139732642,0.0185501334540227,0.0046172426753988,0.0049490038276435,-0.0020735638263582,0.0137929534934502,96.6894302368164
GOOGL,2022-09-29,-0.0262870624015493,-0.0181686236322302,0.0261540732172134,-0.006824998659055,0.0086623211561223,-0.0199046748477269,32466300.0,34298600.0,-0.0271621028161174,-0.0533477986018119,-0.0997967785745945,0.0196162684394329,-0.0023998292943673,0.001429101031781,-0.0022738626294603,0.0410594670975785,94.9327163696289
GOOGL,2022-09-30,-0.0181686236322302,0.0312597720441041,-0.0262870624015493,0.0261540732172134,-0.0139803721789336,-0.0010690594316221,31047200.0,31625400.0,-0.0312943630893802,-0.0695524624439838,-0.1283943738767842,0.0184382230512738,-0.0042988995422015,-0.002344742782494,-0.0027962111588338,0.0316780788202477,97.9002914428711
GOOGL,2022-10-03,0.0312597720441041,0.0304136841784516,-0.0181686236322302,-0.0262870624015493,-0.005772831243168,0.0026266049220837,32941500.0,27072700.0,0.0047876236850419,-0.0429805963970181,-0.0853964855155438,0.0231074442941136,0.0237581830328022,0.0015155494772192,-0.0012562372951833,-0.0079075828240786,100.87779998779295
GOOGL,2022-10-04,0.0304136841784516,-0.0020662133652692,0.0312597720441041,-0.0181686236322302,-0.006824998659055,-0.0187252909265116,27982000.0,30072800.0,0.0424617169585743,0.0049437536486649,-0.0484037356090215,0.0244790536429462,0.0004267328929374,0.0044206859529139,-0.0007445572195663,-0.0438803365991653,100.66936492919922
GOOGL,2022-10-05,-0.0020662133652692,-9.852265282095374e-05,0.0304136841784516,0.0312597720441041,0.0261540732172134,-0.0183902224248319,28850800.0,32466300.0,0.0137929534934502,0.0216558028903051,-0.0732755078749145,0.022315956989994,0.0011831289854064,0.0037338632149154,-0.0011504433775241,-0.0381544130380331,100.6594467163086
GOOGL,2022-10-06,-9.852265282095374e-05,-0.0270162847463949,-0.0020662133652692,0.0304136841784516,-0.0262870624015493,0.0086623211561223,22176900.0,31047200.0,0.0410594670975785,0.0127821028145818,-0.0642184884022367,0.0202393223443404,0.004960281487857,0.0052058853713603,0.000205288628813,-0.0232696296358054,97.94000244140624
GOOGL,2022-10-07,-0.0270162847463949,-0.0083098390987684,-9.852265282095374e-05,-0.0020662133652692,-0.0181686236322302,-0.0139803721789336,22324000.0,32941500.0,0.0316780788202477,-0.0006076295697072,-0.1081788509205379,0.0219721317343309,0.0006226796945519,0.006190201218711,0.0001358737458824,-0.021483670260599,97.12613677978516
GOOGL,2022-10-10,-0.0083098390987684,-0.0069485787576418,-0.0270162847463949,-9.852265282095374e-05,0.0312597720441041,-0.005772831243168,27502800.0,27982000.0,-0.0079075828240786,-0.0031578176698565,-0.117265080702132,0.0200113140965181,0.0023481602641368,0.0019081966649779,0.0005521565940692,0.0215614966776289,96.45124816894533
GOOGL,2022-10-11,-0.0069485787576418,0.0039101228613251,-0.0083098390987684,-0.0270162847463949,0.0304136841784516,-0.006824998659055,18225100.0,28850800.0,-0.0438803365991653,-0.0032818540733117,-0.068443174668019,0.0181517517958617,0.0068932145132939,0.0032014929890492,0.0019430354104155,0.0369416909810094,96.82838439941406
GOOGL,2022-10-12,0.0039101228613251,0.0153751844740057,-0.0069485787576418,-0.0083098390987684,-0.0020662133652692,0.0261540732172134,26507100.0,22176900.0,-0.0381544130380331,-0.0248877215891863,-0.0708572308763648,0.0167480044017941,-0.0021944097131945,0.002525985249329,0.002144927987865,0.0212177608775643,98.317138671875
GOOGL,2022-10-13,0.0153751844740057,-0.025237176160335,0.0039101228613251,-0.0069485787576418,-9.852265282095374e-05,-0.0262870624015493,21876400.0,22324000.0,-0.0232696296358054,0.0168343988693688,-0.0374114778529085,0.0168443318332343,-0.0144532517839454,-0.0013567214050314,0.0020705511098052,0.0091864246213748,95.8358917236328
GOOGL,2022-10-14,-0.025237176160335,0.0353148478171467,0.0153751844740057,0.0039101228613251,-0.0270162847463949,-0.0181686236322302,34574500.0,27502800.0,-0.021483670260599,0.0095138471597853,-0.0607003267814774,0.0184958457590201,-0.0026068058129111,-0.002002618506524,0.0017515394771803,0.0473279973047595,99.22032165527344
GOOGL,2022-10-17,0.0353148478171467,0.0080023800065913,-0.025237176160335,0.0153751844740057,-0.0083098390987684,0.0312597720441041,25410700.0,18225100.0,0.0215614966776289,0.0134834145327609,-0.0300767070623434,0.023176140466553,-0.0007283508230802,-0.0026179207239674,0.0017616124693168,0.0255076391352684,100.01432037353516
GOOGL,2022-10-18,0.0080023800065913,-0.0113129246246703,0.0353148478171467,-0.025237176160335,-0.0069485787576418,0.0304136841784516,28419200.0,26507100.0,0.0369416909810094,-0.0085596594529449,-0.0036582226519317,0.0210605495439466,-0.001881985370384,-0.004372960700703,0.0019793465665392,0.0368165508525124,98.88286590576172
GOOGL,2022-10-19,-0.0113129246246703,0.0034126817262085,0.0080023800065913,0.0353148478171467,0.0039101228613251,-0.0020662133652692,24060700.0,21876400.0,0.0212177608775643,-0.0177462033727335,0.0035252912352805,0.0200339457820819,-0.0082965370324392,-0.005593386164552,0.0014038665318339,-0.047174570965085,99.22032165527344
GOOGL,2022-10-20,0.0034126817262085,0.0116033779607638,-0.0113129246246703,0.0080023800065913,0.0153751844740057,-9.852265282095374e-05,23811100.0,34574500.0,0.0091864246213748,-0.0142969697130472,-0.0016976122352745,0.0181443685370813,0.0173354695747663,0.0007643581071903,0.001510655776325,-0.0775233014117795,100.37161254882814
GOOGL,2022-10-21,0.0116033779607638,0.0137447753511197,0.0034126817262085,-0.0113129246246703,-0.025237176160335,-0.0270162847463949,25323200.0,25410700.0,0.0473279973047595,0.0248275479559705,0.0242048324339818,0.0169109973339481,-0.0213536791729843,-0.0029850165648243,-0.0002855441587828,-0.0478591063421847,101.7511978149414
GOOGL,2022-10-24,0.0137447753511197,0.0191182503241236,0.0116033779607638,0.0034126817262085,0.0353148478171467,-0.0083098390987684,32458700.0,28419200.0,0.0255076391352684,0.0476191186893666,0.0443109285250897,0.0158643634251422,0.0097024204841485,-0.0008988623033785,-2.325922128721238e-05,-0.078131053534625,103.69650268554688
GOOGL,2022-10-25,0.0191182503241236,-0.0914051420174711,0.0137447753511197,0.0116033779607638,0.0080023800065913,-0.0069485787576418,27176400.0,24060700.0,0.0368165508525124,0.0751183074781018,0.071589926081413,0.015413365490047,0.0053277052963565,0.0005430758299695,0.0009480735178074,-0.1340926394239782,94.21810913085938
GOOGL,2022-10-26,-0.0914051420174711,-0.0285473185808232,0.0191182503241236,0.0137447753511197,-0.0113129246246703,0.0039101228613251,40611400.0,23811100.0,-0.047174570965085,-0.0269577488537594,-0.0511745534948022,0.0426727308054954,-0.0818605490754009,-0.0141697265786227,-0.0033758160697325,-0.0838511741017102,91.52843475341795
GOOGL,2022-10-27,-0.0285473185808232,0.0441336304677535,-0.0914051420174711,0.0191182503241236,0.0034126817262085,0.0153751844740057,88114100.0,25323200.0,-0.0775233014117795,-0.0690490387552241,-0.0533770389458071,0.0393099456283509,-0.0234039664724768,-0.0223176137880714,-0.004426022928638,-0.0953154649796632,95.5679168701172
GOOGL,2022-10-28,0.0441336304677535,-0.0184857784570965,-0.0285473185808232,-0.0914051420174711,0.0116033779607638,-0.025237176160335,60710900.0,32458700.0,-0.0478591063421847,-0.0027961846933961,0.0066910599925855,0.0425988552074224,0.0166363240720401,-0.0147196131390664,-0.0033792617479259,-0.1008412075797776,93.80126953125
GOOGL,2022-10-31,-0.0184857784570965,-0.0427468051326097,0.0441336304677535,-0.0285473185808232,0.0137447753511197,0.0353148478171467,43697300.0,27176400.0,-0.078131053534625,-0.0546163531181761,-0.0418693535147752,0.0390379909573783,-0.0101016368676608,-0.0186804246094283,-0.0050722527429491,-0.0636970179068738,89.79156494140625
GOOGL,2022-11-01,-0.0427468051326097,-0.0386868731498254,-0.0184857784570965,0.0441336304677535,0.0191182503241236,0.0080023800065913,31675000.0,40611400.0,-0.1340926394239782,-0.1022129170497663,-0.1098976687410732,0.0383607178637364,-0.0463084101608812,-0.0290076477008759,-0.00740900989564,-0.0173539148078537,86.31781005859375
GOOGL,2022-11-02,-0.0386868731498254,-0.0407036580304066,-0.0427468051326097,-0.0184857784570965,-0.0914051420174711,-0.0113129246246703,47161400.0,88114100.0,-0.0838511741017102,-0.1270701019036284,-0.1425612934053862,0.0362853460267679,-0.0098094875786078,-0.0145974354015173,-0.0079586407238407,0.0040242718480927,82.80435943603516
GOOGL,2022-11-03,-0.0407036580304066,0.0377561436657292,-0.0386868731498254,-0.0427468051326097,-0.0285473185808232,0.0034126817262085,57038300.0,60710900.0,-0.0953154649796632,-0.1654495968706204,-0.1773811387081725,0.0341694617231872,-0.0355224605810859,-0.0170211342232391,-0.0099827778272879,0.1259737446552133,85.93073272705078
GOOGL,2022-11-04,0.0377561436657292,0.0220605084935221,-0.0407036580304066,-0.0386868731498254,0.0441336304677535,0.0116033779607638,61288000.0,43697300.0,-0.1008412075797776,-0.1438741438447274,-0.1226186380946859,0.0392070222812146,0.0270459861160628,-0.0149392018144346,-0.0086616125062123,0.1135367282562112,87.82640838623047
GOOGL,2022-11-07,0.0220605084935221,0.0046332463571692,0.0377561436657292,-0.0407036580304066,-0.0184857784570965,0.0137447753511197,51124900.0,31675000.0,-0.0636970179068738,-0.1368513563254209,-0.0957489786157153,0.0378956454724228,0.024790500627245,-0.0079607743154534,-0.0075394954880569,0.0814779340078597,88.23332977294923
GOOGL,2022-11-08,0.0046332463571692,-0.0177728006568831,0.0220605084935221,0.0377561436657292,-0.0427468051326097,0.0191182503241236,34078900.0,47161400.0,-0.0173539148078537,-0.1491195219909079,-0.0852028206167067,0.0344925776457322,0.0077125753669288,0.0028434227901085,-0.0074985274453752,0.1073116897749133,86.66517639160156
GOOGL,2022-11-09,-0.0177728006568831,0.0758131299090498,0.0046332463571692,0.0220605084935221,-0.0386868731498254,-0.0914051420174711,30429000.0,57038300.0,0.0040242718480927,-0.0801643421729845,-0.1049610408234179,0.0317649298667327,0.0143254456470293,0.007670409435236,-0.006672534677364,0.1320430572871156,93.23553466796878
GOOGL,2022-11-10,0.0758131299090498,0.0262935405293762,-0.0177728006568831,0.0046332463571692,-0.0407036580304066,-0.0285473185808232,31769100.0,61288000.0,0.1259737446552133,0.0186510336285092,-0.0516858410705548,0.043881792945693,0.0318679749019861,0.0211484965318504,-0.0043564733430674,0.0470514136495126,95.68702697753906
GOOGL,2022-11-11,0.0262935405293762,-0.0073646794861061,0.0758131299090498,-0.0177728006568831,0.0377561436657292,0.0441336304677535,51620100.0,51124900.0,0.1135367282562112,0.0012463398944202,-0.0015533297955114,0.0403058146986397,0.0080305893077202,0.0173454171701819,-0.0038246035870358,0.010579665425227,94.9823226928711
GOOGL,2022-11-14,-0.0073646794861061,0.0286313780857305,0.0262935405293762,0.0758131299090498,0.0220605084935221,-0.0184857784570965,33090500.0,34078900.0,0.0814779340078597,0.0125910146794721,-0.0427130137425542,0.037315412639402,-0.0061884260335465,0.0111496318380236,-0.0040976073475591,-0.0010447789847048,97.70179748535156
GOOGL,2022-11-15,0.0286313780857305,0.0041648543608956,-0.0073646794861061,0.0262935405293762,0.0046332463571692,-0.0427468051326097,30179500.0,30429000.0,0.1073116897749133,0.0880954970448189,-0.0231219177368475,0.0347177257463444,0.0221000462802642,0.0140271260206906,-0.0028985057650267,-0.0141203672974401,98.10871124267577
GOOGL,2022-11-16,0.0041648543608956,-0.0049568775295398,0.0286313780857305,-0.0073646794861061,-0.0177728006568831,-0.0386868731498254,41640800.0,31769100.0,0.1320430572871156,0.1365987062933849,-0.0078290071388478,0.0315760194318113,0.0150554218538029,0.0141731212620454,-0.0017309078207146,-0.0039452365427213,97.62239837646484
GOOGL,2022-11-17,-0.0049568775295398,-0.0094551525399859,0.0041648543608956,0.0286313780857305,0.0758131299090498,-0.0407036580304066,29105200.0,51620100.0,0.0470514136495126,0.1789524010734766,-0.01610479841378,0.0292712693256594,-0.0005127709118674,0.0076969720992747,-0.0026233198450463,-0.0091502030821151,96.6993637084961
GOOGL,2022-11-18,-0.0094551525399859,-0.0187827145974631,-0.0049568775295398,0.0041648543608956,0.0262935405293762,0.0377561436657292,26052600.0,33090500.0,0.010579665425227,0.1253175742798637,-0.0365865282730769,0.0274046675253945,-0.004124615189299,0.0052659311998708,-0.001761866645862,-0.0141638629574993,94.88308715820312
GOOGL,2022-11-21,-0.0187827145974631,0.0151673507274867,-0.0094551525399859,-0.0049568775295398,-0.0073646794861061,0.0220605084935221,28342300.0,30179500.0,-0.0010447789847048,0.0803480285899862,-0.0674990644260479,0.0265742160781733,0.0020169316689426,0.0069070027403686,-0.0021461410866223,-0.0042886609079263,96.32221221923828
GOOGL,2022-11-22,0.0151673507274867,0.0145287044228006,-0.0187827145974631,-0.0094551525399859,0.0286313780857305,0.0046332463571692,21647400.0,41640800.0,-0.0141203672974401,0.0916760420025424,-0.0711141675498031,0.0247667923271526,-0.0028093708177455,0.0019251193207667,-0.0025529948923274,0.0405976327400596,97.72164916992188
GOOGL,2022-11-23,0.0145287044228006,-0.0101565576552951,0.0151673507274867,-0.0187827145974631,0.0041648543608956,-0.0177728006568831,23438500.0,29105200.0,-0.0039452365427213,0.1275768796495724,0.0371854208429978,0.0228742979983782,-0.0042176022852704,-0.0019294855070479,0.001329152447179,0.0256956044748781,96.72913360595705
GOOGL,2022-11-25,-0.0101565576552951,-0.0144672693834538,0.0145287044228006,0.0151673507274867,-0.0049568775295398,0.0758131299090498,18868100.0,26052600.0,-0.0091502030821151,0.037470680577204,0.0568205811292417,0.0216151319706412,-0.0089048208135762,-0.0036078954873897,0.002054109730124,0.0305766913244573,95.32972717285156
GOOGL,2022-11-28,-0.0144672693834538,-0.0089537799664475,-0.0101565576552951,0.0145287044228006,-0.0094551525399859,0.0262935405293762,9701400.0,28342300.0,-0.0141638629574993,-0.0037340464634915,-0.0024923604601464,0.0207233347067022,-0.0036003236495437,-0.0035030371794386,0.0010422773440448,0.0357103584473157,94.47616577148438
GOOGL,2022-11-29,-0.0089537799664475,0.0609307140815202,-0.0144672693834538,-0.0101565576552951,-0.0187827145974631,-0.0073646794861061,26237500.0,21647400.0,-0.0042886609079263,-0.0053289591898419,0.0071949584862445,0.0190470765208505,-0.009174591644871,-0.0057413418422014,0.0010886296051843,0.0188045397062788,100.232666015625
GOOGL,2022-11-30,0.0609307140815202,0.0,-0.0089537799664475,-0.0144672693834538,0.0151673507274867,0.0286313780857305,20061700.0,23438500.0,0.0405976327400596,0.0259040119569231,0.1162815358105422,0.0308969489335076,0.0269977950411648,0.0002200913295806,0.0047539398652866,-0.059906699013282,100.232666015625
GOOGL,2022-12-01,0.0,-0.0054460843058021,0.0609307140815202,-0.0089537799664475,0.0145287044228006,0.0041648543608956,43647500.0,18868100.0,0.0256956044748781,0.0216489926943952,0.1612049233823893,0.0282028297132988,-1.2199364559872803e-05,0.0010611719137227,0.005243804275989,-0.0720863079797248,99.6867904663086
GOOGL,2022-12-02,-0.0054460843058021,-0.0095579821656682,0.0,0.0609307140815202,-0.0101565576552951,-0.0049568775295398,28687100.0,9701400.0,0.0305766913244573,0.0211467053071443,0.2038833600701277,0.0260578241171445,-0.0005734476708537,0.0027274465422672,0.0069912549215006,-0.0757665591853511,98.7339859008789
GOOGL,2022-12-05,-0.0095579821656682,-0.0251305494881837,-0.0054460843058021,0.0,-0.0144672693834538,-0.0094551525399859,21480700.0,26237500.0,0.0357103584473157,0.0210406988666054,0.1489950424895851,0.0243265188659461,0.0168859957077231,0.0068247104137206,0.0064832554010836,-0.0620225494254385,96.25274658203124
GOOGL,2022-12-06,-0.0251305494881837,-0.0210351267117097,-0.0095579821656682,-0.0054460843058021,-0.0089537799664475,-0.0187827145974631,24405100.0,20061700.0,0.0188045397062788,0.0144352325040226,0.0959431035679452,0.0247158230397265,-0.0079758802216453,0.0070644526983657,0.0048449363586391,-0.0139204536447251,94.22805786132812
GOOGL,2022-12-07,-0.0210351267117097,-0.0129557448751724,-0.0251305494881837,-0.0095579821656682,0.0609307140815202,0.0151673507274867,24910700.0,43647500.0,-0.059906699013282,-0.021741136438433,0.0679417642267965,0.0235948685944902,-0.0119522439609781,-0.0007255551020628,0.0038616953922438,0.0013690766323419,93.00726318359376
GOOGL,2022-12-08,-0.0129557448751724,-0.0093906410881521,-0.0210351267117097,-0.0251305494881837,0.0,0.0145287044228006,31045400.0,28687100.0,-0.0720863079797248,-0.0482430047627477,0.0731791828742738,0.0215368358097203,-0.0193902449709754,-0.0046011642233459,0.0021759108613435,-0.0304129854294868,92.13386535644533
GOOGL,2022-12-09,-0.0093906410881521,0.0051705963066102,-0.0129557448751724,-0.0210351267117097,-0.0054460843058021,-0.0101565576552951,32213300.0,21480700.0,-0.0757665591853511,-0.0475065585538204,-0.0118159810575089,0.0195021957887894,-0.0109806803753125,-0.0066826107642376,3.3478097478639236e-05,-0.0276849365320297,92.61025238037108
GOOGL,2022-12-12,0.0051705963066102,0.0248634707875554,-0.0093906410881521,-0.0129557448751724,-0.0095579821656682,-0.0144672693834538,28225400.0,24405100.0,-0.0620225494254385,-0.0285270384499215,-0.0321545636263752,0.0183831804089905,0.0069509881519094,-0.0086696122754004,-2.050196031189882e-05,-0.0521914739668319,94.9128646850586
GOOGL,2022-12-13,0.0248634707875554,-0.0058559120878483,0.0051705963066102,-0.0093906410881521,-0.0251305494881837,-0.0089537799664475,29420000.0,24910700.0,-0.0139204536447251,0.004622318338262,-0.000731272997367,0.0206465465615601,0.0225958044961819,-0.0025552753318349,0.0014187095661745,-0.0691206622542215,94.35706329345705
GOOGL,2022-12-14,-0.0058559120878483,-0.0442831570214004,0.0248634707875554,0.0051705963066102,-0.0210351267117097,0.0609307140815202,40593700.0,31045400.0,0.0013690766323419,-0.0586196392426798,-0.0342341111216095,0.0188389015019885,-0.0023689648658799,-0.0006386195128153,0.0001952590088673,-0.0577468377172588,90.17863464355467
GOOGL,2022-12-15,-0.0442831570214004,-0.0066034433134508,-0.0058559120878483,0.0248634707875554,-0.0129557448751724,0.0,28733600.0,32213300.0,-0.0304129854294868,-0.1003069335749587,-0.080829484952725,0.0245326015941967,-0.0264640815803186,-0.0020533868346839,-0.0018807161628387,-0.0341184108757657,89.58314514160156
GOOGL,2022-12-16,-0.0066034433134508,-0.0201640424049309,-0.0442831570214004,-0.0058559120878483,-0.0093906410881521,-0.0054460843058021,40107000.0,28225400.0,-0.0276849365320297,-0.1013539033350842,-0.0823504991534956,0.0222079847707692,0.0150483207749585,0.0031524133953702,-0.0011026615784974,-0.0114115826119955,87.77678680419922
GOOGL,2022-12-19,-0.0201640424049309,0.0065579732220872,-0.0066034433134508,-0.0442831570214004,0.0051705963066102,-0.0095579821656682,58011800.0,29420000.0,-0.0521914739668319,-0.1109769751185761,-0.0922713093665674,0.0206519563351487,-0.0175853358240493,-0.0017548513998214,-0.0017756976102349,-0.0118724956169358,88.35242462158202
GOOGL,2022-12-20,0.0065579732220872,0.0062909043274275,-0.0201640424049309,-0.0066034433134508,0.0248634707875554,-0.0251305494881837,29493000.0,40593700.0,-0.0691206622542215,-0.082078924924144,-0.0688285207850816,0.0199285353567371,0.0176500900014347,-0.0027439942987709,-0.0009940396936103,-0.033700101264804,88.90824127197266
GOOGL,2022-12-21,0.0062909043274275,-0.0203171079706395,0.0065579732220872,-0.0201640424049309,-0.0058559120878483,-0.0210351267117097,23453800.0,28733600.0,-0.0577468377172588,-0.0564568209310272,-0.0769705219227184,0.0188673103107553,-0.0007762290701494,-0.0024254471396248,-0.0008923826062305,-0.0126145365023249,87.10188293457031
GOOGL,2022-12-22,-0.0203171079706395,0.0167502319863903,0.0062909043274275,0.0065579732220872,-0.0442831570214004,-0.0129557448751724,24745600.0,40107000.0,-0.0341184108757657,-0.0634937535724107,-0.1086736288791599,0.018177845200087,0.0078939871703631,0.0044461666105115,-0.0002868031334489,0.0053555264790325,88.56085968017578
GOOGL,2022-12-23,0.0167502319863903,-0.0206208747202001,-0.0203171079706395,0.0062909043274275,-0.0066034433134508,-0.0093906410881521,27658300.0,58011800.0,-0.0114115826119955,-0.0387805902036823,-0.0844448163782397,0.0192179545714167,0.0099364562685277,0.0034237937092253,0.0006552607206562,-0.0012327865395216,86.73465728759766
GOOGL,2022-12-27,-0.0206208747202001,-0.0156767590404526,0.0167502319863903,-0.0203171079706395,-0.0201640424049309,0.0051705963066102,23003000.0,29493000.0,-0.0118724956169358,-0.0634443265378551,-0.0901614862452019,0.0187599126968554,0.0055425457497471,0.0080493700239846,0.0011124041906208,0.0078956870682416,85.37493896484375
GOOGL,2022-12-28,-0.0156767590404526,0.0282491101192965,-0.0206208747202001,0.0167502319863903,0.0065579732220872,0.0248634707875554,20097300.0,23453800.0,-0.033700101264804,-0.1004913902015679,-0.096333575059072,0.017380815871427,-0.0156762324366628,0.0013841055363651,0.0007873221510312,0.0020924439316176,87.78670501708984
GOOGL,2022-12-29,0.0282491101192965,-0.0024872290405174,-0.0156767590404526,-0.0206208747202001,0.0062909043274275,-0.0058559120878483,19523200.0,24745600.0,-0.0126145365023249,-0.0696329246273056,-0.12417070694892,0.0215788543506091,0.0016866256584416,0.0018766764820833,-0.0004782363181049,-0.0125494736441412,87.568359375
GOOGL,2022-12-30,-0.0024872290405174,0.0100872469889594,0.0282491101192965,-0.0156767590404526,-0.0203171079706395,-0.0442831570214004,23333500.0,27658300.0,0.0053555264790325,-0.0289456064496008,-0.1263490950011326,0.0195229575830338,-0.0072076654221657,-0.0011436540364224,-0.0008380096209852,-0.0023802553808408,88.4516830444336
GOOGL,2023-01-03,0.0100872469889594,-0.0116696032160671,-0.0024872290405174,0.0282491101192965,0.0167502319863903,-0.0066034433134508,23986300.0,23003000.0,-0.0012327865395216,-0.0126303011060785,-0.1127040741237642,0.0182954401593165,0.0378271435969431,0.0044344834292606,0.0010820199424046,-0.0078546335161334,87.41948699951172
GOOGL,2023-01-04,-0.0116696032160671,-0.0213442771830629,0.0100872469889594,-0.0024872290405174,-0.0206208747202001,-0.0201640424049309,28131200.0,20097300.0,0.0078956870682416,-0.0040705500588044,-0.1145957878447857,0.0172681795563578,-0.0176236898168396,-0.0001987636840566,-0.0006434643338234,0.0390553633553194,85.55358123779297
GOOGL,2023-01-05,-0.0213442771830629,0.0132250084918605,-0.0116696032160671,0.0100872469889594,-0.0156767590404526,0.0065579732220872,34854800.0,19523200.0,0.0020924439316176,-0.0316781729055728,-0.1111569874540663,0.0175349190659234,-0.0138229746697838,0.0001718878693191,-0.0009358190562304,0.0571925591948905,86.68502807617186
GOOGL,2023-01-06,0.0132250084918605,0.0077856148312178,-0.0213442771830629,-0.0116696032160671,0.0282491101192965,0.0062909043274275,27194400.0,23333500.0,-0.0125494736441412,-0.0250057043530972,-0.0800507827112073,0.017559589803283,-0.0056691382618842,-0.001299264914746,-0.0006216637712757,0.0547287532630758,87.35992431640625
GOOGL,2023-01-09,0.0077856148312178,0.0045444541869132,0.0132250084918605,-0.0213442771830629,-0.0024872290405174,-0.0203171079706395,41381500.0,23986300.0,-0.0023802553808408,0.0029625235774728,-0.0607193317369184,0.0163678223117791,0.0088497401222532,0.0019122161941377,0.0007903354833857,0.0371507994452615,87.75692749023438
GOOGL,2023-01-10,0.0045444541869132,0.0350600166433732,0.0077856148312178,0.0132250084918605,0.0100872469889594,0.0167502319863903,29003900.0,28131200.0,-0.0078546335161334,-0.0090777369691835,-0.0475062871754871,0.0149288116881248,0.0035765210995512,-0.0049379083053406,0.0015181955571289,0.0305362080303404,90.8336868286133
GOOGL,2023-01-11,0.0350600166433732,-0.0042613852311566,0.0045444541869132,0.0077856148312178,-0.0116696032160671,-0.0206208747202001,30467800.0,34854800.0,0.0390553633553194,0.0472594193509512,-0.0191832492201949,0.0194328800861186,0.0175965000027423,0.0021061296585757,0.0020504711496705,0.0167177162166893,90.44660949707033
GOOGL,2023-01-12,-0.0042613852311566,0.010863669713534,0.0350600166433732,0.0045444541869132,-0.0213442771830629,-0.0156767590404526,26862000.0,27194400.0,0.0571925591948905,0.0594046753499293,-0.0470563732620258,0.0181577086098679,-0.0081785226592623,0.00323502006068,0.0005117547918983,0.0756062116480968,91.42919158935548
GOOGL,2023-01-13,0.010863669713534,-0.0090099915661193,-0.0042613852311566,0.0350600166433732,0.0132250084918605,0.0282491101192965,30258100.0,41381500.0,0.0547287532630758,0.0414924625722827,-0.0310297035739197,0.0166022202265487,0.0050583546365288,0.0053805186403626,0.0008831207670187,0.0832609370294428,90.60541534423828
GOOGL,2023-01-17,-0.0090099915661193,-0.0018621851620852,0.010863669713534,-0.0042613852311566,0.0077856148312178,-0.0024872290405174,26329200.0,29003900.0,0.0371507994452615,0.0346821156741385,0.0047326143533945,0.016207500438875,-0.0111832987660357,0.0013739108627048,0.0016471599077329,0.0702157061319403,90.43669128417967
GOOGL,2023-01-18,-0.0018621851620852,0.0211808649404348,-0.0090099915661193,0.010863669713534,0.0045444541869132,0.0100872469889594,32602400.0,30467800.0,0.0305362080303404,0.0224417237911562,0.0095279769562559,0.0148073182949635,0.0174370270123259,0.0041460120452598,0.0017665952196012,0.044995418315165,92.35221862792967
GOOGL,2023-01-19,0.0211808649404348,0.0534119964080337,-0.0018621851620852,-0.0090099915661193,0.0350600166433732,-0.0116696032160671,29116700.0,26862000.0,0.0167177162166893,0.0564259960533228,0.0521257611529655,0.0154319105401931,0.0210044115774217,0.0048275943601956,0.0036960825896748,0.0480385037658648,97.2849349975586
GOOGL,2023-01-20,0.0534119964080337,0.0180576443353246,0.0211808649404348,-0.0018621851620852,-0.0042613852311566,-0.0213442771830629,37000400.0,30258100.0,0.0756062116480968,0.1371228835781726,0.1011009082572997,0.0238797459973452,0.0280960087955491,0.0120825006511579,0.0042183785293805,0.0137727583104851,99.04167175292967
GOOGL,2023-01-23,0.0180576443353246,-0.0209440446047054,0.0534119964080337,0.0211808649404348,0.010863669713534,0.0132250084918605,63191100.0,26329200.0,0.0832609370294428,0.1425464575716555,0.1139762786439402,0.0216506069387289,-0.0026639738327962,0.0105380349572929,0.0041239912912482,-0.028559983792432,96.96733856201172
GOOGL,2023-01-24,-0.0209440446047054,-0.0253839133770474,0.0180576443353246,0.0534119964080337,-0.0090099915661193,0.0077856148312178,40005100.0,32602400.0,0.0702157061319403,0.109975075193617,0.1132634025242851,0.0244548869979165,-0.0193310362856612,0.0089084874533678,0.002762740118447,0.0116684079871889,94.50592803955078
GOOGL,2023-01-25,-0.0253839133770474,0.0241546010718747,-0.0209440446047054,0.0180576443353246,-0.0018621851620852,0.0045444541869132,33078500.0,29116700.0,0.044995418315165,0.0769056157995895,0.0671297498787242,0.0260658974512017,-0.0225815679306954,0.0009047684647635,0.0011368389084858,0.0547155540518382,96.78868103027342
GOOGL,2023-01-26,0.0241546010718747,0.0189705639617456,-0.0253839133770474,-0.0209440446047054,0.0211808649404348,0.0350600166433732,42330000.0,37000400.0,0.0480385037658648,0.0655593140559862,0.1159170285222701,0.0251868034466474,-0.0100492055801708,-0.0053059549667549,0.0003572513419899,0.10479899318051,98.62481689453124
GOOGL,2023-01-27,0.0189705639617456,-0.0244540244289603,0.0241546010718747,-0.0253839133770474,0.0534119964080337,-0.0042613852311566,30114000.0,63191100.0,0.0137727583104851,0.0904202760383827,0.1551963385314232,0.02335504697878,-0.0015790746278043,-0.0112409716514256,0.0010621092324328,0.0544429963072503,96.21304321289062
GOOGL,2023-01-30,-0.0244540244289603,0.0195997315324694,0.0189705639617456,0.0241546010718747,0.0180576443353246,0.010863669713534,33879800.0,40005100.0,-0.028559983792432,0.0523230222249071,0.0959864958385257,0.0250430447447024,-0.0005882418202418,-0.0108258252489147,0.0009483658584986,0.0614812531064552,98.09879302978516
GOOGL,2023-01-31,0.0195997315324694,0.0160866324130375,-0.0244540244289603,0.0189705639617456,-0.0209440446047054,-0.0090099915661193,27226200.0,33078500.0,0.0116684079871889,0.0827034196253855,0.1202538648656184,0.0236818601229092,-0.0005019902749797,-0.0070600160467784,0.0012836496158579,0.0890327076401042,99.67687225341795
GOOGL,2023-02-01,0.0160866324130375,0.0727868454946316,0.0195997315324694,-0.0244540244289603,-0.0253839133770474,-0.0018621851620852,29870700.0,42330000.0,0.0547155540518382,0.1021729216099118,0.1269075818867731,0.0218333030564626,0.0069918059307137,-0.0011453412744966,-0.0002581172674534,-0.0105546586194235,106.93203735351562
GOOGL,2023-02-02,0.0727868454946316,-0.0274734306920563,0.0160866324130375,0.0195997315324694,0.0241546010718747,0.0211808649404348,35531100.0,30114000.0,0.10479899318051,0.1578718837749355,0.2232059581190735,0.033055074196543,0.0561723766717158,0.0120989751758807,0.0034316860569743,-0.1181546164056611,103.99424743652344
GOOGL,2023-02-03,-0.0274734306920563,-0.0179423940046076,0.0727868454946316,0.0160866324130375,0.0189705639617456,0.0534119964080337,69883800.0,33879800.0,0.0544429963072503,0.0689655848475738,0.215545228287701,0.0354654592751108,-0.0270126217440659,0.0070122657526284,0.0027722037032601,-0.0974422213800079,102.12834167480467
GOOGL,2023-02-06,-0.0179423940046076,0.046064123214967,-0.0274734306920563,0.0727868454946316,-0.0244540244289603,0.0180576443353246,65309300.0,27226200.0,0.0614812531064552,0.0311653657217645,0.1781543357759825,0.034157412702784,-0.0188612454881597,0.0033576650190448,0.0021125983419464,-0.0805636206812315,106.83279418945312
GOOGL,2023-02-07,0.046064123214967,-0.0768301284001444,-0.0179423940046076,-0.0274734306920563,0.0195997315324694,-0.0209440446047054,31999600.0,29870700.0,0.0890327076401042,0.1017399855842422,0.2229039233426837,0.0349906787063074,0.0273749484988323,0.0089330527738072,0.0030388587607753,-0.1204011658249771,98.62481689453124
GOOGL,2023-02-08,-0.0768301284001444,-0.0438763136120562,0.046064123214967,-0.0179423940046076,0.0160866324130375,-0.0253839133770474,49010200.0,35531100.0,-0.0105546586194235,0.0435833914382248,0.1238408147950056,0.0483308044430685,-0.0646595569022554,-0.0053972197927865,-0.0003729451393149,-0.0244540244289603,94.29752349853516
GOOGL,2023-02-09,-0.0438763136120562,-0.0046311560130795,-0.0768301284001444,0.046064123214967,0.0727868454946316,0.0241546010718747,94743500.0,69883800.0,-0.1181546164056611,-0.0257381080640938,0.0381338332821115,0.0467224381894728,-0.0358242387123048,-0.0237965428695907,-0.0030439820750673,0.0052625596036817,93.8608169555664
GOOGL,2023-02-10,-0.0046311560130795,0.000422921310869,-0.0438763136120562,-0.0768301284001444,-0.0274734306920563,0.0189705639617456,119455000.0,65309300.0,-0.0974422213800079,-0.0483042715715196,0.0377483188975333,0.0423339217275363,-0.0054484670810243,-0.0194837119369823,-0.0029074792961554,-0.00232643298835,93.9005126953125
GOOGL,2023-02-13,0.000422921310869,0.0007400228539338,-0.0046311560130795,-0.0438763136120562,-0.0179423940046076,-0.0244540244289603,54980700.0,31999600.0,-0.0805636206812315,-0.0240355199290515,0.0270298912524207,0.0385084171825674,0.0007308653195907,-0.0155652897754322,-0.0031238537620023,-0.0298066385607481,93.97000122070314
GOOGL,2023-02-14,0.0007400228539338,0.0238697665536831,0.000422921310869,-0.0046311560130795,0.046064123214967,0.0195997315324694,50076100.0,49010200.0,-0.1204011658249771,-0.0420880999812957,0.0371344898501013,0.035003688962462,-0.0117336044185455,-0.0233870003589078,-0.0031513690446278,-0.0320026993945524,96.21304321289062
GOOGL,2023-02-15,0.0238697665536831,-0.0147513614482022,0.0007400228539338,0.000422921310869,-0.0768301284001444,0.0160866324130375,54726100.0,94743500.0,-0.0244540244289603,-0.0347505791686652,0.0638717742399475,0.033943849467655,0.0159195121241369,-0.0072711865536293,-0.0032272447890372,-0.0624097403217359,94.79376983642578
GOOGL,2023-02-16,-0.0147513614482022,-0.0121454583325989,0.0238697665536831,0.0007400228539338,-0.0438763136120562,0.0727868454946316,50169000.0,119455000.0,0.0052625596036817,-0.1135138525132642,0.0264373855308519,0.0312263527791414,0.0046359648458995,0.0008208541580114,-0.0040456671256133,-0.0667993367141498,93.6424560546875
GOOGL,2023-02-17,-0.0121454583325989,-0.0271330132613062,-0.0147513614482022,0.0238697665536831,-0.0046311560130795,-0.0274734306920563,42462600.0,54980700.0,-0.00232643298835,-0.0995419615700812,-0.0374413463190627,0.0284733997206026,-0.0100357901288471,-9.661045155308628e-05,-0.0059522570718331,-0.0474826917336163,91.10165405273438
GOOGL,2023-02-21,-0.0271330132613062,-0.0015251812346097,-0.0121454583325989,-0.0147513614482022,0.000422921310869,-0.0179423940046076,34284100.0,50076100.0,-0.0298066385607481,-0.107968928519189,-0.0801684539413121,0.0272943470642903,-0.0049747513463563,-0.0012377337847425,-0.0060677959475111,-0.0188472772014381,90.96270751953124
GOOGL,2023-02-22,-0.0015251812346097,-0.0082923581508291,-0.0271330132613062,-0.0121454583325989,0.0007400228539338,0.046064123214967,33629300.0,54726100.0,-0.0320026993945524,-0.1485507029028792,-0.0619242636905049,0.0248724210325916,0.0008654597359525,0.0012820790461571,-0.0050579711464304,-0.0140752100369513,90.20841217041016
GOOGL,2023-02-23,-0.0082923581508291,-0.0193640841431902,-0.0015251812346097,-0.0271330132613062,0.0238697665536831,-0.0768301284001444,30884000.0,50169000.0,-0.0624097403217359,-0.0853375954362636,-0.0454735058243342,0.0224997203837904,-0.0109042513599391,-0.0040826736506581,-0.0044741053178926,0.0122125743532301,88.46160888671875
GOOGL,2023-02-24,-0.0193640841431902,0.0083024862783789,-0.0082923581508291,-0.0015251812346097,-0.0147513614482022,-0.0438763136120562,41206400.0,42462600.0,-0.0667993367141498,-0.0618883126014127,-0.0860335325878669,0.0208946737947427,-0.0095762123144373,-0.0069251090827254,-0.004450455654606,0.0507124720996581,89.19606018066406
GOOGL,2023-02-27,0.0083024862783789,0.0021141712340988,-0.0193640841431902,-0.0082923581508291,-0.0121454583325989,-0.0046311560130795,36585100.0,34284100.0,-0.0474826917336163,-0.0496986594215415,-0.0956022734516225,0.0202883665424288,-0.00101605098113,-0.005121161253182,-0.0044223044722722,0.0585290219761927,89.38463592529297
GOOGL,2023-02-28,0.0021141712340988,0.0033311360200645,0.0083024862783789,-0.0193640841431902,-0.0271330132613062,0.000422921310869,27502300.0,33629300.0,-0.0188472772014381,-0.0480921417827888,-0.0709717420795893,0.0186859136557684,0.0040542651658802,-0.0033153579507347,-0.0041901791229661,0.042194048168874,89.68238830566406
GOOGL,2023-03-01,0.0033311360200645,0.0181496148398321,0.0021141712340988,0.0083024862783789,-0.0015251812346097,0.0007400228539338,30142000.0,30884000.0,-0.0140752100369513,-0.045627464715776,-0.085795191400221,0.0172355462716696,0.0067788640635885,-0.0021326770852075,-0.0038261364060377,0.0430499751166539,91.31008911132812
GOOGL,2023-03-02,0.0181496148398321,0.017934783153618,0.0033311360200645,0.0021141712340988,-0.0082923581508291,0.0238697665536831,31111200.0,41206400.0,0.0122125743532301,-0.0509593495625507,-0.0839390618198588,0.0178950521013064,0.0251940884503001,0.0050869908768403,-0.0029160222800584,0.0034782184382675,92.94771575927734
GOOGL,2023-03-03,0.017934783153618,0.0158035361696771,0.0181496148398321,0.0033311360200645,-0.0193640841431902,-0.0147513614482022,32204400.0,36585100.0,0.0507124720996581,-0.0194744241138837,-0.1307776597205039,0.0176756052339651,-0.001683650061005,0.0066655033275267,-0.0058088236166944,-0.0322478094809233,94.41661834716795
GOOGL,2023-03-06,0.0158035361696771,-0.0133502217104529,0.017934783153618,0.0181496148398321,0.0083024862783789,-0.0121454583325989,35160100.0,27502300.0,0.0585290219761927,0.0082672147346107,-0.0920976816068747,0.016734882182168,0.0162582865910444,0.0101203708419616,-0.0036452781999389,-0.042258032584871,93.15613555908205
GOOGL,2023-03-07,-0.0133502217104529,0.0041551458658077,0.0158035361696771,0.017934783153618,0.0021141712340988,-0.0271330132613062,32639300.0,30142000.0,0.042194048168874,0.0225515280453463,-0.0878522647933692,0.0170325310032081,0.0091083609365085,0.0111311899960873,-0.0022467978787055,0.0011719747184331,93.543212890625
GOOGL,2023-03-08,0.0041551458658077,-0.0204774593961158,-0.0133502217104529,0.0158035361696771,0.0033311360200645,-0.0015251812346097,27835500.0,31111200.0,0.0430499751166539,0.0283688276378502,-0.1243960845511622,0.015423708702729,0.0146027316943217,0.0126959635222339,-0.002885408718931,0.0197349361743219,91.627685546875
GOOGL,2023-03-09,-0.0204774593961158,-0.0183059302117999,0.0041551458658077,-0.0133502217104529,0.0181496148398321,-0.0082923581508291,34103300.0,32204400.0,0.0034782184382675,0.0157332707927919,-0.0709469641412762,0.016832994721367,0.0092591338545062,0.0095089726030751,0.0008105258189069,0.0866551416573631,89.95035552978516
GOOGL,2023-03-10,-0.0183059302117999,0.0052962801526348,-0.0204774593961158,0.0041551458658077,0.017934783153618,-0.0193640841431902,28813500.0,35160100.0,-0.0322478094809233,0.0168292964801584,-0.0461005528826802,0.0166850145963591,-0.0174962575030176,0.0063464511146726,0.0017269248793713,0.121262449031902,90.4267578125
GOOGL,2023-03-13,0.0052962801526348,0.0313906464302298,-0.0183059302117999,-0.0204774593961158,0.0158035361696771,0.0083024862783789,35941000.0,32639300.0,-0.042258032584871,0.013797668073491,-0.0365867169544463,0.0156165595747454,0.0065438166700898,0.0044035571304817,0.002326539066927,0.1109648868213872,93.2653121948242
GOOGL,2023-03-14,0.0313906464302298,0.0227734189888462,0.0052962801526348,-0.0183059302117999,-0.0133502217104529,0.0021141712340988,37335600.0,27835500.0,0.0011719747184331,0.0434154732450293,-0.0067646116326263,0.0198123189641085,0.0089614634601288,0.0043741776352058,0.0027380689739539,0.1165264329229462,95.3892822265625
GOOGL,2023-03-15,0.0227734189888462,0.0438038036725025,0.0313906464302298,0.0052962801526348,0.0041551458658077,0.0033311360200645,36050200.0,34103300.0,0.0197349361743219,0.0636344998022093,0.0151035541920019,0.0195699956580089,0.0387789623204591,0.0092094237604333,0.0052636973109041,0.0755382126847097,99.56769561767578
GOOGL,2023-03-16,0.0438038036725025,0.0129586238481989,0.0227734189888462,0.0313906464302298,-0.0204774593961158,0.0181496148398321,50622100.0,28813500.0,0.0866551416573631,0.090434765607114,0.034866919211383,0.0231916433265659,0.0277959759891753,0.0129167921873671,0.0058575205041561,0.0526315507170318,100.8579559326172
GOOGL,2023-03-17,0.0129586238481989,-0.003936260359008,0.0438038036725025,0.0227734189888462,-0.0183059302117999,0.017934783153618,65492000.0,35941000.0,0.121262449031902,0.0851041911974077,0.0639724119702767,0.0209795157588548,0.0259614452018478,0.0216083327283402,0.0069237945219535,0.037591074622679,100.46095275878906
GOOGL,2023-03-20,-0.003936260359008,0.0365538398820501,0.0129586238481989,0.0438038036725025,0.0052962801526348,0.0158035361696771,61028500.0,37335600.0,0.1109648868213872,0.0640176964334415,0.0728141592112827,0.0202610030477896,-0.0174970263182601,0.0168001641306702,0.0065507327124828,0.012250431323266,104.13318634033205
GOOGL,2023-03-21,0.0365538398820501,-0.0147730831943422,-0.003936260359008,0.0129586238481989,0.0313906464302298,-0.0133502217104529,32960400.0,36050200.0,0.1165264329229462,0.1178349736747943,0.1430438604336903,0.0211982479444638,1.3695586802399408e-05,0.0150106105560049,0.0068001550591408,-0.0370758326009813,102.59481811523438
GOOGL,2023-03-22,-0.0147730831943422,0.0215730166959813,0.0365538398820501,-0.003936260359008,0.0227734189888462,0.0041551458658077,42110300.0,50622100.0,0.0755382126847097,0.0967638906650867,0.1278777964387827,0.022700394490887,0.0076280750501371,0.0087804331019405,0.00713828582485,-0.0191545400759765,104.8080978393555
GOOGL,2023-03-23,0.0215730166959813,-0.0015149875081957,-0.0147730831943422,0.0365538398820501,0.0438038036725025,-0.0204774593961158,43427400.0,65492000.0,0.0526315507170318,0.1438474868574262,0.1618439491138086,0.0210948802513321,0.0180801389156733,0.0068372656872401,0.0085875053386306,-0.0446023037680985,104.6493148803711
GOOGL,2023-03-24,-0.0015149875081957,-0.0282626993069342,0.0215730166959813,-0.0147730831943422,0.0129586238481989,-0.0183059302117999,40797800.0,61028500.0,0.037591074622679,0.1634119094250683,0.18299131337733,0.019838784867851,0.0024371404646692,0.0021324047398044,0.009188172977586,-0.0162178733133113,101.69164276123048
GOOGL,2023-03-27,-0.0282626993069342,-0.0139567123445122,-0.0015149875081957,0.0215730166959813,-0.003936260359008,0.0052962801526348,30393300.0,32960400.0,0.012250431323266,0.1245746858699528,0.1400911941094369,0.0235934325918551,-0.0333562670525604,-0.0010394434070556,0.0075711621740144,0.0185439533129709,100.2723617553711
GOOGL,2023-03-28,-0.0139567123445122,0.0035632929995124,-0.0282626993069342,-0.0015149875081957,0.0365538398820501,0.0313906464302298,31120900.0,42110300.0,-0.0370758326009813,0.0751302858013243,0.1218075759594523,0.0223730148680145,-0.0103921028820666,-0.0031206031008294,0.0068488437716171,0.0365239054184318,100.62966156005858
GOOGL,2023-03-29,0.0035632929995124,-0.0049314121720906,-0.0139567123445122,-0.0282626993069342,-0.0147730831943422,0.0227734189888462,32057900.0,43427400.0,-0.0191545400759765,0.0549367728865961,0.1220671467521916,0.020302499605364,-0.0072465394304747,-0.0060955259969518,0.0061475735969139,0.0303778750302035,100.13341522216795
GOOGL,2023-03-30,-0.0049314121720906,0.0281495474901611,0.0035632929995124,-0.0139567123445122,0.0215730166959813,0.0438038036725025,28779600.0,40797800.0,-0.0446023037680985,0.0056817585360662,0.0966303526446257,0.0184864836346669,-0.0064041309098751,-0.0109923799620615,0.0045676626289052,0.0746357608375729,102.9521255493164
GOOGL,2023-03-31,0.0281495474901611,0.0060735247986514,-0.0049314121720906,0.0035632929995124,-0.0015149875081957,0.0129586238481989,33086200.0,30393300.0,-0.0162178733133113,0.0207635540234258,0.107634810692381,0.0204160017585941,0.0052311623106964,-0.0104335755928561,0.0049134032474902,0.0261255607155728,103.57740783691403
GOOGL,2023-04-03,0.0060735247986514,0.0034495184109604,0.0281495474901611,-0.0049314121720906,-0.0282626993069342,-0.003936260359008,36863400.0,31120900.0,0.0185439533129709,0.0310215560627593,0.0970251810551197,0.0184769863782895,0.0028265633342227,-0.0031970095154994,0.0042418170846492,0.0094862308742909,103.93470001220706
GOOGL,2023-04-04,0.0034495184109604,-0.0023872986492112,0.0060735247986514,0.0281495474901611,-0.0139567123445122,0.0365538398820501,25035400.0,32057900.0,0.0365239054184318,-0.0019060813857774,0.1157042892391018,0.0167227481419464,0.0117702398965004,0.0012354590402139,0.0043749110326487,-0.0007640060371746,103.68657684326172
GOOGL,2023-04-05,-0.0023872986492112,0.0378098315966548,0.0034495184109604,0.0060735247986514,0.0035632929995124,-0.0147730831943422,24420100.0,28779600.0,0.0303778750302035,0.0106414607295377,0.1084350605371744,0.0153903358391592,-0.0014799930845097,0.0023887683094069,0.0035707747937072,0.0283335149565424,107.60694885253906
GOOGL,2023-04-06,0.0378098315966548,-0.0182622155663914,-0.0023872986492112,0.0034495184109604,-0.0049314121720906,0.0215730166959813,28290500.0,33086200.0,0.0746357608375729,0.0267045301926336,0.1743933966059785,0.0197574298099545,0.034520312838712,0.0105736570591243,0.0048338337429175,0.0041505905521579,105.64180755615234
GOOGL,2023-04-10,-0.0182622155663914,-0.0102406475254759,0.0378098315966548,-0.0023872986492112,0.0281495474901611,-0.0015149875081957,48711500.0,36863400.0,0.0261255607155728,0.0094839863683371,0.1744456921148165,0.0211577993328868,-0.0148961457456113,0.0065481954478628,0.0049638393307878,-0.0044157145794411,104.55996704101562
GOOGL,2023-04-11,-0.0102406475254759,-0.0067394222380867,-0.0182622155663914,0.0378098315966548,0.0060735247986514,-0.0282626993069342,27067400.0,25035400.0,0.0094862308742909,0.0282060964097108,0.156294547879521,0.0200580064212675,-0.0133510645639858,0.0033126698682211,0.003969095269084,-0.0080683645334028,103.85529327392578
GOOGL,2023-04-12,-0.0067394222380867,0.026662952439155,-0.0102406475254759,-0.0182622155663914,0.0034495184109604,-0.0139567123445122,26311800.0,24420100.0,-0.0007640060371746,0.0357319948970162,0.1135468356872047,0.0184757483566039,0.0035497295165439,0.0016685677922298,0.0036985085719048,-0.0043959528143243,106.62438201904295
GOOGL,2023-04-13,0.026662952439155,0.0134040562926287,-0.0067394222380867,-0.0102406475254759,-0.0023872986492112,0.0035632929995124,24370300.0,28290500.0,0.0283335149565424,0.059572101963262,0.1177815738857912,0.019857154653293,0.0132092805355774,0.0046064225162472,0.0024200244826607,-0.019920115751376,108.05358123779295
GOOGL,2023-04-14,0.0134040562926287,-0.026637319360389,0.026662952439155,-0.0067394222380867,0.0378098315966548,-0.0049314121720906,24843600.0,48711500.0,0.0041505905521579,0.0790961338735163,0.0852272975433883,0.0182775048835343,-0.0025438403586757,-0.0028064081232303,0.0009030336652681,-0.0317810766078088,105.17532348632812
GOOGL,2023-04-17,-0.026637319360389,-0.01387192667099,0.0134040562926287,0.026662952439155,-0.0182622155663914,0.0281495474901611,26578000.0,27067400.0,-0.0044157145794411,0.0215944831167838,0.0428064153570129,0.0213507546287508,-0.0227258824258721,-0.0043723554592824,-0.0015313327161178,0.0,103.71633911132812
GOOGL,2023-04-18,-0.01387192667099,-0.0030620903984226,-0.026637319360389,0.0134040562926287,-0.0102406475254759,0.0060735247986514,37571200.0,26311800.0,-0.0080683645334028,0.0013413279721463,0.0324044941157921,0.0201831181998876,-0.0112700734168718,-0.0039561572298596,-0.0012199850710484,-0.0062201032961738,103.39875030517578
GOOGL,2023-04-19,-0.0030620903984226,0.0106544970696202,-0.01387192667099,-0.026637319360389,-0.0067394222380867,0.0034495184109604,26596400.0,24370300.0,-0.0043959528143243,-0.0051566003170098,-0.0070528528029091,0.0182607642494311,0.0040032591663798,-0.0038654512998925,-0.0010205068920695,-0.0045115796645694,104.50041198730467
GOOGL,2023-04-20,0.0106544970696202,0.0011398051467621,-0.0030620903984226,-0.01387192667099,0.026662952439155,-0.0023872986492112,20905700.0,24843600.0,-0.019920115751376,0.0078489923075886,0.018573977780534,0.017330809981144,0.0321299830827543,-8.131079045713098e-05,0.0002045885095613,0.0218445861226752,104.61952209472656
GOOGL,2023-04-21,0.0011398051467621,0.0053125973094994,0.0106544970696202,-0.0030620903984226,0.0134040562926287,0.0378098315966548,27820800.0,26578000.0,-0.0317810766078088,-0.0277623962919566,-0.0017992478493212,0.0156820574229116,-0.0037158773002627,-0.0003157181787745,-0.0008852123012355,0.0183093907905744,105.17532348632812
GOOGL,2023-04-24,0.0053125973094994,-0.0200057451503533,0.0011398051467621,0.0106544970696202,-0.026637319360389,-0.0182622155663914,25800100.0,37571200.0,0.0,-0.0044157145794411,0.005026393212018,0.0143314508981231,0.004761444596335,0.0051817472256669,-0.0007689970946522,0.0116069446681088,103.07121276855467
GOOGL,2023-04-25,-0.0200057451503533,-0.0013481374562812,0.0053125973094994,0.0011398051467621,-0.01387192667099,-0.0102406475254759,23542800.0,26596400.0,-0.0062201032961738,-0.0142382817687476,0.0135662082926852,0.0155682322590911,-0.0035935197241471,0.0067170579642118,0.0007191402717684,0.014155184218805,102.93225860595705
GOOGL,2023-04-26,-0.0013481374562812,0.0374121940294867,-0.0200057451503533,0.0053125973094994,-0.0030620903984226,-0.0067394222380867,46664100.0,20905700.0,-0.0045115796645694,-0.0088876997875704,0.0265267198659902,0.0140920332457327,0.0164764471565445,0.0092116955622448,0.002062567773699,0.0163919796536153,106.7831802368164
GOOGL,2023-04-27,0.0374121940294867,-0.0023237594833198,-0.0013481374562812,-0.0200057451503533,0.0106544970696202,0.026662952439155,53347600.0,27820800.0,0.0218445861226752,0.0014893236871946,0.0611501477930065,0.0206083838523441,0.0159004803724069,0.0059657950201753,0.003219918763843,-0.0269541524768893,106.53504180908205
GOOGL,2023-04-28,-0.0023237594833198,-0.001304304764311,0.0374121940294867,-0.0013481374562812,0.0011398051467621,0.0134040562926287,50089200.0,25800100.0,0.0183093907905744,-0.0140535779685919,0.0639309722205188,0.0188661080114505,-0.0120987327977435,0.0042892239206791,0.0029351886694496,-0.0164896835458584,106.39608764648438
GOOGL,2023-05-01,-0.001304304764311,-0.0175371380170933,-0.0023237594833198,0.0374121940294867,0.0053125973094994,-0.026637319360389,36139800.0,23542800.0,0.0116069446681088,0.0116069446681088,0.0334520737555654,0.0171775696595095,0.0022496172253324,0.0037868584464786,0.0027861114151814,0.0053173959173205,104.53020477294922
GOOGL,2023-05-02,-0.0175371380170933,0.000854464238077,-0.001304304764311,-0.0023237594833198,-0.0200057451503533,-0.01387192667099,26681700.0,46664100.0,0.014155184218805,0.0078470342146139,0.0091988876332507,0.0175713773047826,-0.0001859501919883,0.0044683723529104,0.0026354857388709,0.0192745294261003,104.61952209472658
GOOGL,2023-05-03,0.000854464238077,-0.0068303884941612,-0.0175371380170933,-0.001304304764311,-0.0013481374562812,-0.0030620903984226,30997200.0,53347600.0,0.0163919796536153,0.0118064462669784,0.0065889648254056,0.0159122367439886,0.0116072630606513,0.0034945355337317,0.0026273368970784,0.0601461857593221,103.9049301147461
GOOGL,2023-05-04,-0.0068303884941612,0.0084055931455309,0.000854464238077,-0.0175371380170933,0.0374121940294867,0.0106544970696202,21795400.0,50089200.0,-0.0269541524768893,-0.0056983686593591,0.0021058971964562,0.0146086035145662,0.0011832535797332,0.000551090175197,0.0027604992302906,0.1134778571185739,104.77831268310548
GOOGL,2023-05-05,0.0084055931455309,0.0208394755511391,-0.0068303884941612,0.000854464238077,-0.0023237594833198,0.0011398051467621,23419500.0,36139800.0,-0.0164896835458584,0.0015177911846619,-0.0262867426276517,0.0138500757362957,-0.0145144279887405,6.795113699763471e-05,0.0003087621889179,0.113100423103996,106.96183776855467
GOOGL,2023-05-08,0.0208394755511391,-0.0038973010981259,0.0084055931455309,-0.0068303884941612,-0.001304304764311,0.0053125973094994,26639300.0,26681700.0,0.0053173959173205,0.0169860593056201,0.0124953391364559,0.015111162488809,0.0124277378841474,0.0021035752687606,0.0016749563704059,0.0810985140768327,106.54497528076172
GOOGL,2023-05-09,-0.0038973010981259,0.0409874985884417,0.0208394755511391,0.0084055931455309,-0.0175371380170933,-0.0200057451503533,26511400.0,30997200.0,0.0192745294261003,0.0337025481596626,0.0189844000138927,0.0140253577045781,0.0018463368187255,0.0025100326709034,0.0024348264395414,0.113274390527275,110.9119873046875
GOOGL,2023-05-10,0.0409874985884417,0.0431319620159125,-0.0038973010981259,0.0208394755511391,0.000854464238077,-0.0013481374562812,36360100.0,21795400.0,0.0601461857593221,0.0775240804661467,0.0679473699250858,0.0201666510070812,0.0369096499232576,0.0075705100434246,0.0041028224598771,0.081342223838889,115.69583892822266
GOOGL,2023-05-11,0.0431319620159125,0.0080637753276817,0.0409874985884417,-0.0038973010981259,-0.0068303884941612,0.0374121940294867,63153400.0,23419500.0,0.1134778571185739,0.0834650051781598,0.085078635274618,0.0228119256995752,0.0361910837488467,0.0145720760772473,0.0052519126205406,0.0537016588430137,116.6287841796875
GOOGL,2023-05-12,0.0080637753276817,-0.0085099087001254,0.0431319620159125,0.0409874985884417,0.0084055931455309,-0.0023237594833198,78900000.0,26639300.0,0.113100423103996,0.0947457493722498,0.0793606546276624,0.0208583327971707,0.0153257987601943,0.0205401214270343,0.0061453945764841,0.0446771351537487,115.63628387451172
GOOGL,2023-05-15,-0.0085099087001254,0.0257489124101657,0.0080637753276817,0.0431319620159125,0.0208394755511391,-0.001304304764311,41102300.0,26511400.0,0.0810985140768327,0.0868471429018062,0.0994621175521597,0.0210053141650283,-0.0059165105376492,0.016871271742675,0.0069858631708953,0.0732983788862982,118.61379241943358
GOOGL,2023-05-16,0.0257489124101657,0.0111287444409504,-0.0085099087001254,0.0080637753276817,-0.0038973010981259,-0.0175371380170933,36266800.0,36360100.0,0.113274390527275,0.134732230526817,0.1436365131641861,0.0200405299251656,0.0274017307609271,0.0219823505311153,0.0089194533797852,0.0255208305527767,119.93381500244142
GOOGL,2023-05-17,0.0111287444409504,0.0164681028233841,0.0257489124101657,-0.0085099087001254,0.0409874985884417,0.000854464238077,45035600.0,63153400.0,0.081342223838889,0.1463808341033015,0.1599155178226359,0.0181420031778006,-0.0091441076194455,0.0127715990225747,0.0082620850404939,0.0004965023777088,121.90889739990234
GOOGL,2023-05-18,0.0164681028233841,-0.00056987855754,0.0111287444409504,0.0257489124101657,0.0431319620159125,-0.0068303884941612,33323600.0,78900000.0,0.0537016588430137,0.1732734651308056,0.1665877203882464,0.016485384109157,0.0078289089711596,0.0070991640670372,0.0070470313349142,0.0052918099264132,121.83942413330078
GOOGL,2023-05-19,-0.00056987855754,0.0186541581743018,0.0164681028233841,0.0111287444409504,0.0080637753276817,0.0084055931455309,35234200.0,41102300.0,0.0446771351537487,0.162830561146708,0.1645954951216719,0.0159422078487702,-0.0061882216423822,0.0027963599865219,0.0069234141178082,0.0150699413521964,124.11223602294922
GOOGL,2023-05-22,0.0186541581743018,-0.0199119859987056,-0.00056987855754,0.0164681028233841,-0.0085099087001254,0.0208394755511391,41353400.0,36266800.0,0.0732983788862982,0.1603412825750505,0.1800509084156296,0.0147714803957533,-0.0014582512860496,0.0036880118368418,0.006612429323689,-0.0110354674086388,121.6409149169922
GOOGL,2023-05-23,-0.0199119859987056,-0.0135443940992937,0.0186541581743018,-0.00056987855754,0.0257489124101657,-0.0038973010981259,35253000.0,45035600.0,0.0255208305527767,0.1416860776066675,0.1801638076204226,0.0186836156354732,-0.01787845653877,-0.0053680256230975,0.0058981824829579,0.0025293347511539,119.9933624267578
GOOGL,2023-05-24,-0.0135443940992937,0.0213399611006519,-0.0199119859987056,0.0186541581743018,0.0111287444409504,0.0409874985884417,34046300.0,33323600.0,0.0004965023777088,0.0818791128241418,0.1657507962213642,0.018739246966223,-0.0030563720392909,-0.0041504785070666,0.0049215415231661,0.0233250486241851,122.55401611328124
GOOGL,2023-05-25,0.0213399611006519,0.009151238218559,-0.0135443940992937,-0.0199119859987056,0.0164681028233841,0.0431319620159125,34182600.0,35234200.0,0.0052918099264132,0.0592776477407572,0.1476902620945486,0.0185590731995024,0.0225970141981324,-0.001196857461672,0.0052563682144523,0.0096371253906397,123.675537109375
GOOGL,2023-05-26,0.009151238218559,-0.0075434289098357,0.0213399611006519,-0.0135443940992937,-0.00056987855754,0.0080637753276817,42317000.0,41353400.0,0.0150699413521964,0.060420358312496,0.1608906798104032,0.0168322111156074,-0.0014615394705568,-0.0002515210273069,0.0057882278808117,0.0112351330010362,122.74259948730467
GOOGL,2023-05-30,-0.0075434289098357,-0.0064689356455489,0.009151238218559,0.0213399611006519,0.0186541581743018,-0.0085099087001254,35635900.0,35253000.0,-0.0110354674086388,0.0614540296063537,0.1536382793992747,0.0162862849832149,-0.0101565421781104,-0.0019911792057191,0.0051679199106395,0.0294330262868534,121.9485855102539
GOOGL,2023-05-31,-0.0064689356455489,0.0069178984418525,-0.0075434289098357,0.009151238218559,-0.0199119859987056,0.0257489124101657,35076700.0,34046300.0,0.0025293347511539,0.0281147160275261,0.1666349049553597,0.0153445575590432,-0.0072653713374559,0.0001314378345436,0.0048139488533662,-0.0030112527836352,122.7922134399414
GOOGL,2023-06-01,0.0069178984418525,0.007678590256956,-0.0064689356455489,-0.0075434289098357,-0.0135443940992937,0.0111287444409504,37325800.0,34182600.0,0.0233250486241851,0.0238331319439961,0.1737026797805536,0.0140131148550049,-0.0030520049480416,0.0001323112527935,0.0040809854529315,-0.0127707263190602,123.7350845336914
GOOGL,2023-06-02,0.007678590256956,0.0107484767888925,0.0069178984418525,-0.0064689356455489,0.0213399611006519,0.0164681028233841,30772700.0,42317000.0,0.0096371253906397,0.0149799331528572,0.1908490232084863,0.0128151399400247,-0.0107070708338084,-0.0065285057535946,0.0034864692322544,-0.0195715863746943,125.06504821777344
GOOGL,2023-06-05,0.0107484767888925,0.0103165308385051,0.007678590256956,0.0069178984418525,0.009151238218559,-0.00056987855754,26980100.0,35635900.0,0.0112351330010362,0.0264743871486423,0.1936157876107791,0.0119233743988704,0.0065380373309033,-0.0049285903933026,0.0045390924982366,-0.0188081446385993,126.35528564453124
GOOGL,2023-06-06,0.0103165308385051,-0.0377817051934469,0.0107484767888925,0.007678590256956,-0.0075434289098357,0.0186541581743018,32305500.0,35076700.0,0.0294330262868534,0.0180727516758885,0.1813118424343114,0.0109894160968554,0.0043084846724591,-0.0020355850231887,0.0041331298376522,-0.0273347929311347,121.58136749267578
GOOGL,2023-06-07,-0.0377817051934469,-0.0029387710638228,0.0103165308385051,0.0107484767888925,-0.0064689356455489,-0.0199119859987056,26638300.0,37325800.0,-0.0030112527836352,-0.0004895344987914,0.1411271828848892,0.0204127797359093,-0.0423038036492885,-0.0090432714855552,0.0019256228142515,0.0095510687087709,121.22406768798828
GOOGL,2023-06-08,-0.0029387710638228,0.0007368582235813,-0.0377817051934469,0.0103165308385051,0.0069178984418525,-0.0135443940992937,52539000.0,30772700.0,-0.0127707263190602,0.0102564444927666,0.0929753458927065,0.0184688682309283,-0.0119740520390264,-0.0108276809037521,-0.0005185622838626,0.0241525611204322,121.31339263916016
GOOGL,2023-06-09,0.0007368582235813,0.01153552820555,-0.0029387710638228,-0.0377817051934469,0.007678590256956,0.0213399611006519,29389200.0,26980100.0,-0.0195715863746943,-0.0101230748160413,0.0485545008617174,0.0167452110502773,-0.0058395598747574,-0.0098541787119419,-0.0026200944650428,0.0106356986436335,122.71280670166016
GOOGL,2023-06-12,0.01153552820555,0.0015367864128632,0.0007368582235813,-0.0029387710638228,0.0107484767888925,0.009151238218559,23778300.0,32305500.0,-0.0188081446385993,-0.0077843236440803,0.05216570304462,0.0160572688259,0.0018326261415518,-0.0107952609498122,-0.0032947530959749,-0.0043674502445347,122.90139007568358
GOOGL,2023-06-13,0.0015367864128632,-0.0012920162113799,0.01153552820555,0.0007368582235813,0.0103165308385051,-0.0075434289098357,28306400.0,26638300.0,-0.0273347929311347,0.001293687676831,0.0628272196039778,0.0145273698850944,-0.0092685527909139,-0.0135106684424868,-0.0034623552086382,-0.0264879153061117,122.74259948730467
GOOGL,2023-06-14,-0.0012920162113799,0.0114820763994893,0.0015367864128632,0.01153552820555,-0.0377817051934469,-0.0064689356455489,22278300.0,52539000.0,0.0095510687087709,0.0065110552428999,0.0348088277396196,0.0131718048542045,0.0081701534230828,-0.0034158770280126,-0.0044239340755304,-0.0042048423563277,124.15193939208984
GOOGL,2023-06-15,0.0114820763994893,-0.0124709615891948,-0.0012920162113799,0.0015367864128632,-0.0029387710638228,0.0069178984418525,30592300.0,29389200.0,0.0241525611204322,0.0110733890533987,0.0351704345397716,0.0127185562222494,0.0042471775193,-0.0001716311163473,-0.0037543698185931,-0.0219841118113165,122.60364532470705
GOOGL,2023-06-16,-0.0124709615891948,-0.0034809788856873,0.0114820763994893,-0.0012920162113799,0.0007368582235813,0.007678590256956,35246300.0,23778300.0,0.0106356986436335,-0.0091440452257199,0.0056989107409091,0.0130199893600347,-0.0139651387258105,-0.0017967468865579,-0.0048440722034416,-0.0420141873894091,122.17686462402344
GOOGL,2023-06-20,-0.0034809788856873,-0.0207148560200514,-0.0124709615891948,0.0114820763994893,0.01153552820555,0.0107484767888925,45535600.0,28306400.0,-0.0043674502445347,-0.023093451247233,0.0027695509324918,0.0118522509548332,-0.0042640208232873,-0.0030160762795257,-0.0047478621624869,-0.0387489894758114,119.64598846435548
GOOGL,2023-06-21,-0.0207148560200514,0.0215677748566385,-0.0034809788856873,-0.0124709615891948,0.0015367864128632,0.0103165308385051,26097500.0,22278300.0,-0.0264879153061117,-0.0530986665571764,-0.0359855538962966,0.0134351361496774,-0.0053558065869016,-0.0022335270387233,-0.0049427399275295,-0.0030692683614886,122.22648620605467
GOOGL,2023-06-22,0.0215677748566385,-0.0065772727017371,-0.0207148560200514,-0.0034809788856873,-0.0012920162113799,-0.0377817051934469,30306300.0,30592300.0,-0.0042048423563277,0.0053060656141883,0.004813933613226,0.016103017228529,0.0191065426003092,-4.624920327803725e-05,-0.0030934899705755,-0.0328867380295333,121.42256927490234
GOOGL,2023-06-23,-0.0065772727017371,-0.0326958695010316,0.0215677748566385,-0.0207148560200514,0.0114820763994893,-0.0029387710638228,26952200.0,35246300.0,-0.0219841118113165,0.0016374767049145,0.0119107158866134,0.0148320997583705,0.0058013602906671,0.0002645873509953,-0.0026506033540776,-0.0215792562773251,117.45255279541016
GOOGL,2023-06-26,-0.0326958695010316,-8.4444421637353e-05,-0.0065772727017371,0.0215677748566385,-0.0124709615891948,0.0007368582235813,34913600.0,45535600.0,-0.0420141873894091,-0.0318253389816065,-0.0416262435100911,0.0186176394155835,-0.0108548702749639,0.0008866410411646,-0.0043231975777324,0.0131824887472935,117.44263458251952
GOOGL,2023-06-27,-8.4444421637353e-05,0.0156342561744315,-0.0326958695010316,-0.0065772727017371,-0.0034809788856873,0.01153552820555,33969900.0,26097500.0,-0.0387489894758114,-0.0429472054367846,-0.0503972141341362,0.0170549029195011,-0.0056325539148895,0.0006129344228442,-0.0045317482999491,0.0289023097564737,119.27876281738278
GOOGL,2023-06-28,0.0156342561744315,-0.00898657077034,-8.4444421637353e-05,-0.0326958695010316,-0.0207148560200514,0.0015367864128632,39535900.0,30306300.0,-0.0030692683614886,-0.0294758851471895,-0.0282203300597372,0.0176606240237122,0.0076518256996896,0.0032144608801625,-0.0036413299060591,-0.0005824445606291,118.20685577392578
GOOGL,2023-06-29,-0.00898657077034,0.0050378191420732,0.0156342561744315,-8.4444421637353e-05,0.0215677748566385,-0.0012920162113799,27091400.0,26952200.0,-0.0328867380295333,-0.0369532968368331,-0.0306828465510451,0.016249413837513,-0.0166871804519094,-0.0039442837302812,-0.0041124203617817,0.0031906704241728,118.80236053466795
GOOGL,2023-06-30,0.0050378191420732,0.0016709197983544,-0.00898657077034,0.0156342561744315,-0.0065772727017371,0.0114820763994893,24090900.0,34913600.0,-0.0215792562773251,-0.043088967305836,-0.032492719151324,0.0150568764650841,-0.0062208583167342,-0.0063487274517614,-0.0042708630302164,-0.0271511783937268,119.00086975097658
GOOGL,2023-07-03,0.0016709197983544,0.0154295362605803,0.0050378191420732,-0.00898657077034,-0.0326958695010316,-0.0124709615891948,29532200.0,33969900.0,0.0131824887472935,-0.0293855501946029,-0.0382608926203609,0.0136817643287786,-0.0142909158226809,-0.0070359365613048,-0.00445005527966,-0.0230191896462563,120.83699798583984
GOOGL,2023-07-05,0.0154295362605803,-0.0134702819681877,0.0016709197983544,0.0050378191420732,-8.4444421637353e-05,-0.0034809788856873,14467900.0,39535900.0,0.0289023097564737,-0.010966615015918,-0.0338068092739337,0.0140542539769563,0.0138352501616156,-0.0031423757460038,-0.0040851946381244,-0.023162265607642,119.20928955078124
GOOGL,2023-07-06,-0.0134702819681877,-0.0052451839999998,0.0154295362605803,0.0016709197983544,0.0156342561744315,-0.0207148560200514,27584800.0,27091400.0,-0.0005824445606291,-0.0036499252434556,-0.0565547856371712,0.0141878593920017,0.0074238864283111,-0.0031879636002795,-0.0039294245503318,0.03688288,118.58401489257812
GOOGL,2023-07-07,-0.0052451839999998,-0.0253598973277048,-0.0134702819681877,0.0154295362605803,-0.00898657077034,0.0215677748566385,24745200.0,24090900.0,0.0031906704241728,-0.0298009983477387,-0.0246530587861517,0.0129604593843599,-0.0041533032462374,-0.0006811881591451,-0.0020218995301792,0.049715422538854,115.57673645019533
GOOGL,2023-07-10,-0.0253598973277048,0.0059253248789314,-0.0052451839999998,-0.0134702819681877,0.0050378191420732,-0.0065772727017371,21709500.0,29532200.0,-0.0271511783937268,-0.0481445324342624,-0.046585891279678,0.0151897560663527,-0.0217081908403256,-0.0037786546638634,-0.0025086064702442,0.0704163887032129,116.26156616210938
GOOGL,2023-07-11,0.0059253248789314,0.0152808295965596,-0.0253598973277048,-0.0052451839999998,0.0016709197983544,-0.0326958695010316,35315200.0,14467900.0,-0.0230191896462563,-0.0101401511074463,-0.0416427763427337,0.0145594037386525,-0.0028721870728974,-0.0014949089139067,-0.0023602378301512,0.056513391356024,118.0381393432617
GOOGL,2023-07-12,0.0152808295965596,0.0471706192581904,0.0059253248789314,-0.0253598973277048,0.0154295362605803,-8.4444421637353e-05,23078800.0,27584800.0,-0.023162265607642,0.0050706011735779,-0.0380943724134963,0.0152777320282025,0.0087885820384897,-0.0025042425385319,-0.0020124400353043,0.02606567755734,123.60607147216794
GOOGL,2023-07-13,0.0471706192581904,0.0070659783677786,0.0152808295965596,0.0059253248789314,-0.0134702819681877,0.0156342561744315,30404400.0,24745200.0,0.03688288,0.0362789532065344,0.0057337138013688,0.0237383747206703,0.0356920047567723,0.0031493811271603,0.0002355878420799,-0.0428778687135812,124.4794692993164
GOOGL,2023-07-14,0.0070659783677786,-0.0061394578117751,0.0471706192581904,0.0152808295965596,-0.0052451839999998,-0.00898657077034,44297900.0,21709500.0,0.049715422538854,0.053064718491347,0.0141505053605401,0.0214782927180694,0.007384511189709,0.0054569440143496,0.0001963057304112,-0.0430553305687692,123.7152328491211
GOOGL,2023-07-17,-0.0061394578117751,-0.0071400366671533,0.0070659783677786,0.0471706192581904,-0.0253598973277048,0.0050378191420732,33283100.0,35315200.0,0.0704163887032129,0.0413533223779631,-0.0035175168838045,0.0202718282301987,-0.0144681202817239,0.0069049581260699,-0.0007394591596399,-0.0250299665081833,122.83190155029295
GOOGL,2023-07-18,-0.0071400366671533,-0.0139786008827549,-0.0061394578117751,0.0070659783677786,0.0059253248789314,0.0016709197983544,25716200.0,23078800.0,0.056513391356024,0.0321933092365902,0.001861740937485,0.0190440931565906,-0.0093277690818417,0.005613841724281,-0.0005075906774414,-0.0125241128427311,121.11488342285156
GOOGL,2023-07-19,-0.0139786008827549,-0.0231910131611357,-0.0071400366671533,-0.0061394578117751,0.0152808295965596,0.0154295362605803,26193600.0,30404400.0,0.02606567755734,0.0022996718028718,-0.0086921628283711,0.0185894644295096,-0.0130236214620711,0.0012514010241689,-0.0009455707093806,0.05932974147027,118.3061065673828
GOOGL,2023-07-20,-0.0231910131611357,0.0068792563278468,-0.0139786008827549,-0.0071400366671533,0.0471706192581904,-0.0134702819681877,37224000.0,44297900.0,-0.0428778687135812,-0.007576448,-0.0111987197746447,0.0192946293952063,-0.0068764627538388,-0.0072622924779533,-0.0010216035177275,0.08557030295065,119.1199645996094
GOOGL,2023-07-21,0.0068792563278468,0.0125812672945591,-0.0231910131611357,-0.0139786008827549,0.0070659783677786,-0.0052451839999998,37906800.0,33283100.0,-0.0430553305687692,0.0045195780183084,-0.0254161082664864,0.0180192160562274,0.0048763098098521,-0.0077639327539247,-0.0017331151572503,0.1046491668765305,120.61864471435548
GOOGL,2023-07-24,0.0125812672945591,0.0055952895328299,0.0068792563278468,-0.0231910131611357,-0.0061394578117751,-0.0253598973277048,72937900.0,25716200.0,-0.0250299665081833,0.0436239023441609,-0.006620882471419,0.0173634838844081,-0.0045512449376156,-0.005780557685103,-0.0022507454186645,0.0920760364805792,121.29354095458984
GOOGL,2023-07-25,0.0055952895328299,0.0577694173555765,0.0125812672945591,0.0068792563278468,-0.0071400366671533,0.0059253248789314,29686100.0,26193600.0,-0.0125241128427311,0.0432814984228246,0.0327024663812141,0.0158400587463344,0.010875747562413,-0.001739854356252,-0.0011642145267956,0.0764260100853009,128.30059814453125
GOOGL,2023-07-26,0.0577694173555765,0.0010054341491771,0.0055952895328299,0.0125812672945591,-0.0139786008827549,0.0152808295965596,52509600.0,37224000.0,0.05932974147027,0.0869418889383346,0.0924533377559964,0.0270088679462896,0.0460250594929942,0.0100698818347609,0.0014186661435985,-0.0068847382850388,128.42959594726562
GOOGL,2023-07-27,0.0010054341491771,0.0245751275846934,0.0577694173555765,0.0055952895328299,-0.0231910131611357,0.0471706192581904,61682100.0,37906800.0,0.08557030295065,0.0390233620213693,0.0767180419526387,0.0248138836520064,0.0121797868112783,0.0138811317477844,0.0016450641991779,-0.0073413029856373,131.5857696533203
GOOGL,2023-07-28,0.0245751275846934,0.0010560548633662,0.0010054341491771,0.0577694173555765,0.0068792563278468,0.0070659783677786,44952100.0,72937900.0,0.1046491668765305,0.057088131834146,0.1131822159704689,0.0232401453271963,0.0132355499522105,0.0155529797762561,0.0031412007193839,-0.033715482098264,131.7247314453125
GOOGL,2023-07-31,0.0010560548633662,-0.0088154220828865,0.0245751275846934,0.0010054341491771,0.0125812672945591,-0.0061394578117751,36591200.0,29686100.0,0.0920760364805792,0.0647414098630807,0.1087720046343156,0.0215254692671089,-0.0070951922214178,0.0150441903194956,0.0030974840241497,-0.0089664754251039,130.5635223388672
GOOGL,2023-08-01,-0.0088154220828865,-0.0240973908945959,0.0010560548633662,0.0245751275846934,0.0055952895328299,-0.0071400366671533,28055500.0,52509600.0,0.0764260100853009,0.0629447292681417,0.0971644376388747,0.0209755107649579,0.0023437559049501,0.013337791988003,0.0039292176105313,-0.0011402879013665,127.4172821044922
GOOGL,2023-08-02,-0.0240973908945959,0.000545242101025,-0.0088154220828865,0.0010560548633662,0.0577694173555765,-0.0139786008827549,23166800.0,61682100.0,-0.0068847382850388,0.0520365334426893,0.0544558721942385,0.0227738341657946,-0.0077259323155994,0.0025875936262843,0.0028511584866705,0.0099703978926086,127.48675537109376
GOOGL,2023-08-03,0.000545242101025,-0.0026470465729868,-0.0240973908945959,-0.0088154220828865,0.0010054341491771,-0.0231910131611357,26273300.0,44952100.0,-0.0073413029856373,0.0776008024444792,0.0694364160000002,0.0206017145955844,-0.0063830312912155,-0.0011249699942144,0.0021608126006942,0.0096536529386332,127.1492919921875
GOOGL,2023-08-04,-0.0026470465729868,0.026695649126782,0.000545242101025,-0.0240973908945959,0.0245751275846934,0.0068792563278468,20089500.0,36591200.0,-0.033715482098264,0.0674053876658427,0.0722296095925612,0.0186979097020392,0.0018411846432165,-0.0034038430560132,0.0024605369951669,0.0113183283138458,130.5436248779297
GOOGL,2023-08-07,0.026695649126782,-0.0009880416915488,-0.0026470465729868,0.000545242101025,0.0010560548633662,0.0125812672945591,26147200.0,28055500.0,-0.0089664754251039,0.082283963537131,0.1294974134711264,0.0200001211164678,0.0189468624343421,0.0018045678751387,0.0044932896589003,-0.0015203428702207,130.41464233398438
GOOGL,2023-08-08,-0.0009880416915488,-0.0132420654430273,0.026695649126782,-0.0026470465729868,-0.0088154220828865,0.0055952895328299,22746300.0,23166800.0,-0.0011402879013665,0.0751985745292844,0.121734779936997,0.0182655732043076,0.0009597276193838,0.0015277622180255,0.0046848853935143,-0.0123287469284019,128.68768310546875
GOOGL,2023-08-09,-0.0132420654430273,0.0002314530460976,-0.0009880416915488,0.026695649126782,-0.0240973908945959,0.0577694173555765,23535200.0,26273300.0,0.0099703978926086,0.0030170160274813,0.0902212100382024,0.0179609355747806,-0.0064165824560421,0.0017896321899369,0.0039246271687878,-0.0074040074577207,128.71746826171875
GOOGL,2023-08-10,0.0002314530460976,-0.0010026520847055,-0.0132420654430273,-0.0009880416915488,0.000545242101025,0.0010054341491771,24912900.0,20089500.0,0.0096536529386332,0.0022414795618552,0.0413523116516303,0.01624879249438,-0.0024696426229614,0.0025723099235878,0.0020165447998011,0.0017731934125118,128.58840942382812
GOOGL,2023-08-11,-0.0010026520847055,0.0136617630829805,0.0002314530460976,-0.0132420654430273,-0.0026470465729868,0.0245751275846934,20857800.0,26147200.0,0.0113183283138458,-0.0227787566800659,0.0330089784897105,0.0147159839976286,-0.0046658479379955,0.0012709034073453,0.0014140268434158,-0.0162085848511421,130.34515380859375
GOOGL,2023-08-14,0.0136617630829805,-0.011802207836297,-0.0010026520847055,0.0002314530460976,0.026695649126782,0.0010560548633662,19591100.0,22746300.0,-0.0015203428702207,-0.0104731861783411,0.0535901748457952,0.0143497648634884,0.0125696418399208,-4.540711538883024e-06,0.0027659149494981,-0.0225387190803414,128.80679321289062
GOOGL,2023-08-15,-0.011802207836297,-0.0083218799732085,0.0136617630829805,-0.0010026520847055,-0.0009880416915488,-0.0088154220828865,24695600.0,23535200.0,-0.0123287469284019,-0.013454976508807,0.0486428329056787,0.0142857470821374,0.0102271271518538,0.0018489391949551,0.0037436597611829,-0.0053939580751342,127.73487854003906
GOOGL,2023-08-16,-0.0083218799732085,0.0094792487558283,-0.011802207836297,0.0136617630829805,-0.0132420654430273,-0.0240973908945959,19770700.0,24912900.0,-0.0074040074577207,0.0024925695345345,0.0546588076551659,0.0133790185619179,0.0033665456531218,0.0038055648167879,0.0045631681169425,0.0285157515027953,128.94570922851562
GOOGL,2023-08-17,0.0094792487558283,-0.0189346040617774,-0.0083218799732085,-0.011802207836297,0.0002314530460976,0.000545242101025,25216100.0,20857800.0,0.0017731934125118,0.0114439641449426,0.0899328273902151,0.0128769725366558,0.0056363995805373,0.0054267732574876,0.0051888112336613,-0.0010773217383978,126.5041732788086
GOOGL,2023-08-18,-0.0189346040617774,0.0071394302749114,0.0094792487558283,-0.0083218799732085,-0.0010026520847055,-0.0026470465729868,33446300.0,19591100.0,-0.0162085848511421,-0.0050737106221444,0.0619896816123082,0.0141030228221624,-0.016049764267124,0.0031499899916619,0.0041425075298125,0.0189861924576424,127.40734100341795
GOOGL,2023-08-21,0.0071394302749114,0.0055308725662122,-0.0189346040617774,0.0094792487558283,0.0136617630829805,0.026695649126782,30504800.0,24695600.0,-0.0225387190803414,-0.0240247953697045,0.0562823127812388,0.0133977506449038,-0.0091202620887274,-0.0011879907940676,0.0039140566722569,0.0205653031656272,128.1120147705078
GOOGL,2023-08-22,0.0055308725662122,0.0254880061801232,0.0071394302749114,-0.0189346040617774,-0.011802207836297,-0.0009880416915488,25248700.0,19770700.0,-0.0053939580751342,-0.0176562042594854,0.0562146488778878,0.0124150500904719,0.0089617428587586,-0.0014410676526867,0.0038183564370742,0.0425319401058772,131.37733459472656
GOOGL,2023-08-23,0.0254880061801232,-0.0195660947892234,0.0055308725662122,0.0071394302749114,-0.0083218799732085,-0.0132420654430273,22054900.0,25216100.0,0.0285157515027953,0.0209006132082854,0.0239806867208003,0.0152514718921736,0.0186248253518007,0.001610588287049,0.0024483447300145,0.0265166618369803,128.80679321289062
GOOGL,2023-08-24,-0.0195660947892234,0.0007702438979315,0.0254880061801232,0.0055308725662122,0.0094792487558283,0.0002314530460976,27819700.0,33446300.0,-0.0010773217383978,0.0006939613743042,0.0029369964363967,0.0169647769053138,-0.0054831398356933,-0.000613319596197,0.0015651983976659,0.0492369704750894,128.906005859375
GOOGL,2023-08-25,0.0007702438979315,0.0087001821973147,-0.0195660947892234,0.0254880061801232,-0.0189346040617774,-0.0010026520847055,28500700.0,30504800.0,0.0189861924576424,0.0024698682950503,-0.0203651489139402,0.0153463878135372,-0.0113627109993436,0.0003240910573589,0.0003352853500882,0.044502925194934,130.0275115966797
GOOGL,2023-08-28,0.0087001821973147,0.0271739085790583,0.0007702438979315,-0.0195660947892234,0.0071394302749114,0.0136617630829805,26762900.0,25248700.0,0.0205653031656272,-0.0024369315055664,-0.0128845952465459,0.0142866717335197,0.0053269843979353,0.0032135403546915,0.0009563941810559,0.0363334644920374,133.5608673095703
GOOGL,2023-08-29,0.0271739085790583,0.0097345552319221,0.0087001821973147,0.0007702438979315,0.0055308725662122,-0.011802207836297,20543300.0,22054900.0,0.0425319401058772,0.0369085665289579,0.02295698612453,0.0165099843188393,0.0038775564815711,0.002196703079254,0.0010330842098869,-0.0008175440660935,134.86102294921875
GOOGL,2023-08-30,0.0097345552319221,0.0021342455499118,0.0271739085790583,0.0087001821973147,0.0254880061801232,-0.0083218799732085,43075600.0,27819700.0,0.0265166618369803,0.0557885558794026,0.058420182268698,0.0149917973490994,0.0082463890064515,0.0001210158101842,0.0018317002759895,-0.0045628932055795,135.1488494873047
GOOGL,2023-08-31,0.0021342455499118,-0.0037451246822469,0.0097345552319221,0.0271739085790583,-0.0195660947892234,0.0094792487558283,28315800.0,28500700.0,0.0492369704750894,0.048106604678066,0.0601010990820793,0.0137091086235067,0.0055968088728439,0.0023370055518916,0.0024306922841925,0.0015421500116008,134.6427001953125
GOOGL,2023-09-01,-0.0037451246822469,0.0008107485722936,0.0021342455499118,0.0097345552319221,0.0007702438979315,-0.0189346040617774,30053800.0,26762900.0,0.044502925194934,0.0643340587552556,0.0589339357358389,0.0130409021719609,1.0592769999395648e-05,0.0046116663057602,0.0023391626905316,0.0092877969307147,134.75186157226562
GOOGL,2023-09-05,0.0008107485722936,-0.0096487435650697,-0.0037451246822469,0.0021342455499118,0.0087001821973147,0.0071394302749114,21543700.0,20543300.0,0.0363334644920374,0.0576459763700007,0.0322362482141203,0.0118848068217308,-0.0042973723180789,0.0026867949625574,0.0011769509529106,-0.0031672165794106,133.45167541503906
GOOGL,2023-09-06,-0.0096487435650697,0.0059496524595727,0.0008107485722936,-0.0037451246822469,0.0271739085790583,0.0055308725662122,19403100.0,43075600.0,-0.0008175440660935,0.0416796243045307,0.0232875160848657,0.0120479470081419,0.0001580948641124,0.0019429026390656,0.001136869315147,0.0167336905373485,134.24566650390625
GOOGL,2023-09-07,0.0059496524595727,0.0082803625036997,-0.0096487435650697,0.0008107485722936,0.0097345552319221,0.0254880061801232,18684500.0,28315800.0,-0.0045628932055795,0.0218327759352701,0.0431897075486418,0.011060679909594,0.0083137102248769,0.0019563668827507,0.0018733839491929,0.0209967715110974,135.35726928710938
GOOGL,2023-09-08,0.0082803625036997,0.0039596319329069,0.0059496524595727,-0.0096487435650697,0.0021342455499118,-0.0195660947892234,18844300.0,30053800.0,0.0015421500116008,0.0508550512812797,0.0515843040968615,0.0103111743031123,0.0061105100672045,0.0020591071216228,0.0023023915837012,0.0074791669813705,135.8932342529297
GOOGL,2023-09-11,0.0039596319329069,-0.0115396547838685,0.0082803625036997,0.0059496524595727,-0.0037451246822469,0.0007702438979315,23558300.0,21543700.0,0.0092877969307147,0.0542040562576822,0.0568078014327466,0.009331153617071,-0.0135747610994729,-0.0006579636522715,0.0018569459256274,0.0094215081487001,134.3250732421875
GOOGL,2023-09-12,-0.0115396547838685,0.0101227654533706,0.0039596319329069,0.0082803625036997,0.0008107485722936,0.0087001821973147,20763400.0,19403100.0,-0.0031672165794106,0.0330511719615,0.0305336970136849,0.0103954186524611,-0.0144465718245005,-0.0026878035535559,0.0005061352424063,0.0199497269606894,135.684814453125
GOOGL,2023-09-13,0.0101227654533706,0.010167516846149,-0.0115396547838685,0.0039596319329069,-0.0096487435650697,0.0271739085790583,18405500.0,18684500.0,0.0167336905373485,0.0159024659418522,0.0533979696929993,0.0101576297171478,0.0073436086704672,-0.0012507007922849,0.000361959318337,-0.0217248972137503,137.06439208984375
GOOGL,2023-09-14,0.010167516846149,-0.0050688816621193,0.0101227654533706,-0.0115396547838685,0.0059496524595727,0.0097345552319221,20749500.0,18844300.0,0.0209967715110974,0.0163380722794508,0.0730381056171773,0.0097166788705429,-0.0032232490375855,-0.0035580926447774,3.246958380164226e-05,-0.0554670268869371,136.36962890625
GOOGL,2023-09-15,-0.0050688816621193,0.0058951877114774,0.010167516846149,0.0101227654533706,0.0082803625036997,0.0021342455499118,24751000.0,23558300.0,0.0074791669813705,0.0090328509904185,0.0575739954601965,0.0095006882303126,0.0012697511287048,-0.0045262444324773,-0.0001858628387899,-0.0520377929355317,137.17355346679688
GOOGL,2023-09-18,0.0058951877114774,-0.0012300599145298,-0.0050688816621193,0.010167516846149,0.0039596319329069,-0.0037451246822469,38919600.0,20763400.0,0.0094215081487001,0.0187968101338811,0.0843401439767013,0.0087246204525394,0.0118528953164908,0.0005592868507153,0.0012092701403907,-0.0513709639562856,137.00482177734375
GOOGL,2023-09-19,-0.0012300599145298,-0.0311503341000326,0.0058951877114774,-0.0050688816621193,-0.0115396547838685,0.0008107485722936,21861300.0,18405500.0,0.0199497269606894,0.0167193252752941,0.0753291034750369,0.0080654077195411,-0.0032028025463192,0.0028080407063516,0.0015051431175111,-0.068603105911871,132.73707580566406
GOOGL,2023-09-20,-0.0311503341000326,-0.0246746285258275,-0.0012300599145298,0.0058951877114774,0.0101227654533706,-0.0096487435650697,20353700.0,20749500.0,-0.0217248972137503,-0.0053547443833326,0.0361016961870539,0.0153684122386837,-0.0173774658981383,-0.0021361742073694,0.0001881826796663,-0.0239269612786765,129.4618377685547
GOOGL,2023-09-21,-0.0246746285258275,-0.0014566715355962,-0.0311503341000326,-0.0012300599145298,0.010167516846149,0.0059496524595727,29927500.0,24751000.0,-0.0554670268869371,-0.0356348838657847,-0.0145801163654355,0.0162598566868825,-0.0055291344050816,-0.0025973512808687,-0.0010195153081778,0.0143360570344837,129.27325439453125
GOOGL,2023-09-22,-0.0014566715355962,0.0066027687271041,-0.0246746285258275,-0.0311503341000326,-0.0050688816621193,0.0082803625036997,31503900.0,38919600.0,-0.0520377929355317,-0.0449478252968681,0.0036214020239573,0.0149250757387904,0.0098746967792139,-0.0008763621507668,-0.0002516234774324,0.0046832809808061,130.12681579589844
GOOGL,2023-09-25,0.0066027687271041,-0.0193730270118718,-0.0014566715355962,-0.0246746285258275,0.0058951877114774,0.0039596319329069,26397300.0,21861300.0,-0.0513709639562856,-0.0424334477631062,0.0094705435048172,0.0145230272195794,-0.0014481006259834,-0.0035365613392617,0.0002441070412355,0.023339025568859,127.60586547851562
GOOGL,2023-09-26,-0.0193730270118718,0.015322300795262,0.0066027687271041,-0.0014566715355962,-0.0012300599145298,-0.0115396547838685,20094600.0,20353700.0,-0.068603105911871,-0.0500219921827786,-0.0186241056867684,0.0145178042680793,-0.0078911434445771,-0.0044742295189133,-0.00041679935089,0.0300225594892031,129.5610809326172
GOOGL,2023-09-27,0.015322300795262,0.0135590804995693,-0.0193730270118718,0.0066027687271041,-0.0311503341000326,0.0101227654533706,25718700.0,29927500.0,-0.0239269612786765,-0.0451320477180102,-0.0299472926278797,0.0159477113931849,0.0093910481552031,0.0008794732917549,-0.0001411247672084,0.0360043646650567,131.31781005859375
GOOGL,2023-09-28,0.0135590804995693,-0.0109591584704888,0.015322300795262,-0.0193730270118718,-0.0246746285258275,0.010167516846149,22746500.0,31503900.0,0.0143360570344837,-0.0419261483134379,-0.0262730684755311,0.0158997447504221,0.0047512110980125,0.0029355423923738,-0.0003158836626303,0.0208601071526011,129.87867736816406
GOOGL,2023-09-29,-0.0109591584704888,0.0252941558642199,0.0135590804995693,0.015322300795262,-0.0014566715355962,-0.0050688816621193,22513100.0,26397300.0,0.0046832809808061,-0.0475982195606637,-0.0389953161949461,0.0150685445365919,-0.01196896285983,-0.0014331895354349,-0.001194172249264,0.0513525512854087,133.16384887695312
GOOGL,2023-10-02,0.0252941558642199,-0.0129684499622207,-0.0109591584704888,0.0135590804995693,0.0066027687271041,0.0058951877114774,30859800.0,20094600.0,0.023339025568859,-0.0292308866286992,-0.0109835239208226,0.0175526075575519,0.0195303089173034,0.0027624923732224,-0.0002181864418988,0.0316761975958361,131.43692016601562
GOOGL,2023-10-03,-0.0129684499622207,0.0212187349443047,0.0252941558642199,-0.0109591584704888,-0.0193730270118718,-0.0012300599145298,22288000.0,25718700.0,0.0300225594892031,-0.040640187251051,-0.024600338485656,0.017158658497897,-0.0049801593800137,0.0033446891861351,-0.0002523257949956,0.0425126975742553,134.22584533691406
GOOGL,2023-10-04,0.0212187349443047,-0.0012570730251658,-0.0129684499622207,0.0252941558642199,0.015322300795262,-0.0311503341000326,22989400.0,22746500.0,0.0360043646650567,0.0112159283471759,0.0058011255345225,0.0177319025383266,0.0151665756621308,0.0044997946875206,0.0004980982449052,0.0392633538430933,134.05711364746094
GOOGL,2023-10-05,-0.0012570730251658,0.0185828643728971,0.0212187349443047,-0.0129684499622207,0.0135590804995693,-0.0246746285258275,26752300.0,22513100.0,0.0208601071526011,0.0354952158729697,-0.001404535888239,0.0161788406665413,0.0025426679490416,0.0040580860577264,0.0002095461311135,0.0288737198179696,136.54827880859375
GOOGL,2023-10-06,0.0185828643728971,0.0061054922499348,-0.0012570730251658,0.0212187349443047,-0.0109591584704888,-0.0014566715355962,19832600.0,30859800.0,0.0513525512854087,0.0562763306929654,0.0087990067157612,0.015944692692809,0.0167895305265434,0.0098097847350011,0.0007434971540804,-0.001598980335749,137.38197326660156
GOOGL,2023-10-09,0.0061054922499348,-0.0026008875471832,0.0185828643728971,-0.0012570730251658,0.0252941558642199,0.0066027687271041,27597600.0,22288000.0,0.0316761975958361,0.0557545147503086,0.0109552106979879,0.0144229096510971,-0.0014213927402625,0.0056194444034879,0.0013511655720409,0.0049127752481961,137.024658203125
GOOGL,2023-10-10,-0.0026008875471832,0.0180357610560655,0.0061054922499348,0.0185828643728971,-0.0129684499622207,-0.0193730270118718,19278100.0,22989400.0,0.0425126975742553,0.0738115970554282,0.0200974017417445,0.013495141779726,-0.0053105376531958,0.0055533687488515,0.0018079672806062,0.0120238778233701,139.49600219726562
GOOGL,2023-10-11,0.0180357610560655,-0.0112416197313282,-0.0026008875471832,0.0061054922499348,0.0212187349443047,0.015322300795262,27786600.0,26752300.0,0.0392633538430933,0.0766813706178899,0.0280885356220705,0.0134155554571455,0.021752439900346,0.0068705415964945,0.0025284088421001,-0.0184274574191014,137.92784118652344
GOOGL,2023-10-12,-0.0112416197313282,-0.0115850460420395,0.0180357610560655,-0.0026008875471832,-0.0012570730251658,0.0135590804995693,25884300.0,19832600.0,0.0288737198179696,0.0503361358598677,0.0062995872488436,0.0141870144653544,-0.004209627281358,0.0055200825504146,0.0024790899299115,-0.0087789469887896,136.32994079589844
GOOGL,2023-10-13,-0.0115850460420395,0.0126674978250087,-0.0112416197313282,0.0180357610560655,0.0185828643728971,-0.0109591584704888,24765500.0,27597600.0,-0.001598980335749,0.0496714592299636,-0.0002910333530264,0.0142315024743921,-0.0077501096915554,0.0006121545067948,0.0020280968888985,-0.0128131128267788,138.05690002441406
GOOGL,2023-10-16,0.0126674978250087,0.0044570458095578,-0.0115850460420395,-0.0112416197313282,0.0061054922499348,0.0252941558642199,23420500.0,19278100.0,0.0049127752481961,0.0367445908835382,0.0064396272845042,0.0137477068182708,0.0007358899446107,0.0010436110437694,0.0014722466203045,-0.018691717903462,138.67222595214844
GOOGL,2023-10-17,0.0044570458095578,-0.0125964690010137,0.0126674978250087,-0.0115850460420395,-0.0026008875471832,-0.0129684499622207,28501900.0,27786600.0,0.0120238778233701,0.0550477428792004,0.0121704050497908,0.0124502391732407,0.0037725337269961,0.0028602253198078,0.0018210134339702,-0.0065130777067795,136.92544555664062
GOOGL,2023-10-18,-0.0125964690010137,-0.001522475061698,0.0044570458095578,0.0126674978250087,0.0180357610560655,0.0212187349443047,23515800.0,25884300.0,-0.0184274574191014,0.020112372642917,0.0315538799205477,0.0129699463279295,0.0070519673416676,-7.986919192778247e-05,0.0030424850959605,-0.0895187922366475,136.71697998046875
GOOGL,2023-10-19,-0.001522475061698,-0.0156077913508702,-0.0125964690010137,0.0044570458095578,-0.0112416197313282,-0.0012570730251658,23375000.0,24765500.0,-0.0087789469887896,0.0198412919735289,0.0560407787882977,0.0117564680765751,0.0195093872165975,0.0046639337076633,0.0042944111770445,-0.1123047463560912,134.5831298828125
GOOGL,2023-10-20,-0.0156077913508702,0.0066371581081265,-0.001522475061698,-0.0125964690010137,-0.0115850460420395,0.0185828643728971,26066000.0,23420500.0,-0.0128131128267788,-0.0143916052470781,0.0410748187098002,0.0123856698742297,0.0050086811672259,0.0072156918794196,0.0040511103964451,-0.0990413875674034,135.47637939453125
GOOGL,2023-10-23,0.0066371581081265,0.0169229764219052,-0.0156077913508702,-0.001522475061698,0.0126674978250087,0.0061054922499348,26335700.0,28501900.0,-0.018691717903462,-0.0138707708643283,0.041110385787227,0.0118458594583369,0.0096480624960522,0.0089981263897079,0.0046059185525469,-0.0882050958599236,137.76904296875
GOOGL,2023-10-24,0.0169229764219052,-0.0950939169097396,0.0066371581081265,-0.0156077913508702,0.0044570458095578,-0.0026008875471832,26317900.0,23515800.0,-0.0065130777067795,0.0054324876659901,0.079645065312029,0.0129826224967747,0.0137059892119865,0.0109848174867059,0.0056857751853751,-0.1061161620905117,124.66804504394533
GOOGL,2023-10-25,-0.0950939169097396,-0.026510649313454,0.0169229764219052,0.0066371581081265,-0.0125964690010137,0.0180357610560655,44814300.0,23375000.0,-0.0895187922366475,-0.1062966459235987,-0.037766247807215,0.0412504340938072,-0.0735377980002675,-0.005133135581681,0.0015393328776015,0.0066873147622867,121.3630142211914
GOOGL,2023-10-26,-0.026510649313454,-0.0008996502421877,-0.0950939169097396,0.0169229764219052,-0.001522475061698,-0.0112416197313282,84366200.0,26066000.0,-0.1123047463560912,-0.1200977759300312,-0.0758068980358455,0.0375793115357145,-0.0164260009958885,-0.0123202132241782,0.0004804722729065,0.0426071236633409,121.25382995605467
GOOGL,2023-10-27,-0.0008996502421877,0.0187444999308499,-0.026510649313454,-0.0950939169097396,-0.0156077913508702,-0.0115850460420395,57061100.0,26335700.0,-0.0990413875674034,-0.1105854719207605,-0.066406954450735,0.034656351061347,0.0155369412351604,-0.0102145612105913,0.001855767477656,0.0567245341371431,123.52667236328122
GOOGL,2023-10-30,0.0187444999308499,-0.0030531988115783,-0.0008996502421877,-0.026510649313454,0.0066371581081265,0.0126674978250087,44566500.0,26317900.0,-0.0882050958599236,-0.1052481089939242,-0.0723708168166338,0.0341362654256338,0.018487795124778,-0.0084466146848462,0.0018036417880297,0.0465209814310372,123.14952087402344
GOOGL,2023-10-31,-0.0030531988115783,0.0191005097805934,0.0187444999308499,-0.0008996502421877,0.0169229764219052,0.0044570458095578,28940100.0,44814300.0,-0.1061161620905117,-0.1119380969876506,-0.0630522936898134,0.0309552589473602,-0.0083647657321304,-0.0128607656736696,0.0016344114704239,0.0555287026806878,125.50173950195312
GOOGL,2023-11-01,0.0191005097805934,0.0082246164747408,-0.0030531988115783,0.0187444999308499,-0.0950939169097396,-0.0125964690010137,26292300.0,84366200.0,0.0066873147622867,-0.0834301178151869,-0.0649957227914115,0.0300113937686859,0.0113771356519415,0.0041222210567722,0.0014449394699144,0.0426256571218894,126.53394317626952
GOOGL,2023-11-02,0.0082246164747408,0.0126286572304215,0.0191005097805934,-0.0030531988115783,-0.026510649313454,-0.001522475061698,30082400.0,57061100.0,0.0426071236633409,-0.0744826049087243,-0.0561191440461384,0.0275031916052374,-0.0159904729137986,0.0042093266731901,0.0005182824267724,0.0215703208014299,128.13189697265625
GOOGL,2023-11-03,0.0126286572304215,0.0089076759873349,0.0082246164747408,0.0191005097805934,-0.0008996502421877,-0.0156077913508702,27124600.0,44566500.0,0.0567245341371431,-0.0479349300003174,-0.0616366746572847,0.025457686774458,0.0039955787475276,0.0019010541756636,-0.0001214151621783,0.0270331294094783,129.27325439453125
GOOGL,2023-11-06,0.0089076759873349,0.0055278225393329,0.0126286572304215,0.0082246164747408,0.0187444999308499,0.0066371581081265,26393100.0,28940100.0,0.0465209814310372,-0.0457875020555088,-0.0590231649703753,0.0232102897050271,0.0102991103569916,0.0002633172221063,0.0004646099926843,0.0141265657953941,129.98785400390625
GOOGL,2023-11-07,0.0055278225393329,0.0066427715179593,0.0089076759873349,0.0126286572304215,-0.0030531988115783,0.0169229764219052,19052700.0,26292300.0,0.0555287026806878,-0.0564799522241636,-0.0513542912020069,0.0210185625765643,0.0045521748979691,0.0028467053481262,0.0009577456202426,0.0202336362368591,130.85133361816406
GOOGL,2023-11-08,0.0066427715179593,-0.0121360069584499,0.0055278225393329,0.0089076759873349,0.0191005097805934,-0.0950939169097396,29757300.0,30082400.0,0.0426256571218894,0.0495980230702994,-0.0619707263501133,0.019054776029704,0.0095997366179367,0.0024912255413253,0.0003501104561221,0.021085950594212,129.26332092285156
GOOGL,2023-11-09,-0.0121360069584499,0.0180436506311056,0.0066427715179593,0.0055278225393329,0.0082246164747408,-0.026510649313454,26425800.0,27124600.0,0.0215703208014299,0.0650964937906153,-0.0628192262645118,0.0184528055632725,0.006550672690405,0.006999454662166,0.0008881254547103,0.0513667101817043,131.595703125
GOOGL,2023-11-10,0.0180436506311056,-0.003771107907743,-0.0121360069584499,0.0066427715179593,0.0126286572304215,-0.0008996502421877,23747800.0,26393100.0,0.0270331294094783,0.0852911052186431,-0.0347263238233641,0.0180525517677137,0.0068337691214221,0.0075670927369449,0.0016173193953591,0.0205143492957537,131.0994415283203
GOOGL,2023-11-13,-0.003771107907743,0.0115831113466864,0.0180436506311056,-0.0121360069584499,0.0089076759873349,0.0187444999308499,26913300.0,19052700.0,0.0141265657953941,0.0613047289314829,-0.0503955868548647,0.0166478690373108,-0.0092798113556931,0.0036513083944079,0.0011165343303439,0.0314939954488808,132.61798095703125
GOOGL,2023-11-14,0.0115831113466864,0.0074837319180252,-0.003771107907743,0.0180436506311056,0.0055278225393329,-0.0030531988115783,18324800.0,29757300.0,0.0202336362368591,0.0768858864882928,-0.0436586703180659,0.0154805465166821,-0.009333261636394,0.0008742210875353,0.0004612445621744,0.0250711865218038,133.61045837402344
GOOGL,2023-11-15,0.0074837319180252,0.0171595406504692,0.0115831113466864,-0.003771107907743,0.0066427715179593,0.0191005097805934,32395200.0,26425800.0,0.021085950594212,0.0646104102162195,-0.0242101617353942,0.0140602017442408,-0.0054875023060518,-0.0021432266972623,-0.0001657289202114,0.0287476609684804,135.9031524658203
GOOGL,2023-11-16,0.0171595406504692,-0.0118308449209677,0.0074837319180252,0.0115831113466864,-0.0121360069584499,0.0082246164747408,23861500.0,23747800.0,0.0513667101817043,0.0740450274002677,-0.0059526440297664,0.0136557428034161,0.0241594288366371,0.001378524531984,6.67731607904949e-05,-0.0017525306378486,134.29530334472656
GOOGL,2023-11-17,-0.0118308449209677,0.0069472526231435,0.0171595406504692,0.0074837319180252,0.0180436506311056,0.0126286572304215,28013200.0,26913300.0,0.0205143492957537,0.0481020457644953,-0.0021386524324152,0.014564664027369,-0.0177694074724932,-0.003542110786799,-0.0010721312711954,0.0081295944849195,135.22828674316406
GOOGL,2023-11-20,0.0069472526231435,0.0052842816232903,-0.0118308449209677,0.0171595406504692,-0.003771107907743,0.0089076759873349,37240600.0,18324800.0,0.0314939954488808,0.0460654632431434,-0.0018312613052988,0.0132402276255035,0.0043084498879992,-0.0008244585380605,-0.0013391119015981,0.0069722141637613,135.94287109375
GOOGL,2023-11-21,0.0052842816232903,0.0110971279870406,0.0069472526231435,-0.0118308449209677,0.0115831113466864,0.0055278225393329,27815500.0,32395200.0,0.0250711865218038,0.0458121040267716,-0.0132553136441125,0.0119830536908916,-0.0021670909700913,0.0006087755951999,-0.002132765910702,-0.0144559212818459,137.45144653320312
GOOGL,2023-11-22,0.0110971279870406,-0.0129970877056417,0.0052842816232903,0.0069472526231435,0.0074837319180252,0.0066427715179593,22635300.0,23861500.0,0.0287476609684804,0.050439783321573,0.1025395199287169,0.0111688352002265,0.014932627747894,0.0046928016059891,0.002290755376706,-0.0430356600086723,135.66497802734375
GOOGL,2023-11-24,-0.0129970877056417,-0.0020484898109761,0.0110971279870406,0.0052842816232903,0.0171595406504692,-0.0121360069584499,17813900.0,28013200.0,-0.0017525306378486,0.0495241578104967,0.1178445006325086,0.0126370218510081,-0.0139946282478616,-0.0029380098109105,0.0024123240141074,-0.0353356338025,135.38706970214844
GOOGL,2023-11-27,-0.0020484898109761,0.0057912296862059,-0.0129970877056417,0.0110971279870406,-0.0118308449209677,0.0180436506311056,12514300.0,37240600.0,0.0081295944849195,0.0288107171215696,0.1165591202456532,0.0115653257442666,0.0018092794787379,0.0009777275793356,0.0017259409262862,-0.0523423069367512,136.17112731933594
GOOGL,2023-11-28,0.0057912296862059,-0.0161079350088765,-0.0020484898109761,-0.0129970877056417,0.0069472526231435,-0.003771107907743,23436500.0,27815500.0,0.0069722141637613,0.0386857924937844,0.1023621434475985,0.0106061428274462,-0.0017363394499184,-0.0002312302882478,0.0007147341975514,-0.0452623236084804,133.97769165039062
GOOGL,2023-11-29,-0.0161079350088765,-0.0182236222151205,0.0057912296862059,-0.0020484898109761,0.0052842816232903,0.0115831113466864,18730000.0,22635300.0,-0.0144559212818459,0.0102528381411561,0.0879270231789528,0.0121611548077318,-0.0114351767761738,-0.0020848474494644,0.0005612136453492,-0.0368173886224736,131.5361328125
GOOGL,2023-11-30,-0.0182236222151205,-0.0050553620084191,-0.0161079350088765,0.0057912296862059,0.0110971279870406,0.0074837319180252,23967200.0,17813900.0,-0.0430356600086723,-0.015525173603676,0.0480821487773319,0.0130251479257283,-0.0169087320227895,-0.0084531194036011,-0.0008530797383872,0.0332001523835685,130.8711700439453
GOOGL,2023-12-01,-0.0050553620084191,-0.0196420028838352,-0.0182236222151205,-0.0161079350088765,-0.0129970877056417,0.0171595406504692,38988300.0,12514300.0,-0.0353356338025,-0.0370262376595019,0.0342771809587389,0.0117869812951179,0.0057760861429194,-0.0044989765254449,0.0002352482144486,0.0237372494293599,128.30059814453125
GOOGL,2023-12-04,-0.0196420028838352,0.0133055306727585,-0.0050553620084191,-0.0182236222151205,-0.0020484898109761,-0.0118308449209677,31442300.0,23436500.0,-0.0523423069367512,-0.0446382341816327,0.0013166211994113,0.0123430775158043,-0.0159306746078004,-0.0080469673427525,-0.0007610644533177,0.0310976952794783,130.00770568847656
GOOGL,2023-12-05,0.0133055306727585,-0.0074051208981964,-0.0196420028838352,-0.0050553620084191,0.0057912296862059,0.0069472526231435,36669900.0,18730000.0,-0.0452623236084804,-0.0386056880584668,0.005681386280443,0.0139158462166944,0.0131874459349969,-0.0050622102657695,-0.0006166476744174,0.0116803801795384,129.04498291015625
GOOGL,2023-12-06,-0.0074051208981964,0.0531455729699996,0.0133055306727585,-0.0196420028838352,-0.0161079350088765,0.0052842816232903,27384800.0,23967200.0,-0.0368173886224736,-0.0507410806325899,-0.0072535322701894,0.0126916580430325,0.0003439063377276,-0.0027063936429891,-0.0008270611024295,0.0196124152368213,135.9031524658203
GOOGL,2023-12-07,0.0531455729699996,-0.0141678892688964,-0.0074051208981964,0.0133055306727585,-0.0182236222151205,0.0110971279870406,23576200.0,38988300.0,0.0332001523835685,-0.011264298095319,0.0386073164710565,0.0259645948788162,0.0416739665020823,0.0090101460619851,0.0007766503917777,-0.0364419485032867,133.97769165039062
GOOGL,2023-12-08,-0.0141678892688964,-0.0125934443249606,0.0531455729699996,-0.0074051208981964,-0.0050553620084191,-0.0129970877056417,56767100.0,31442300.0,0.0237372494293599,-0.0124371551264546,0.036471063050846,0.0249134584119717,-0.0178743442993904,0.0042800599735232,-0.000444600457712,-0.0177048508933914,132.2904510498047
GOOGL,2023-12-11,-0.0125934443249606,-0.0057767278481005,-0.0141678892688964,0.0531455729699996,-0.0196420028838352,-0.0020484898109761,32260100.0,36669900.0,0.0310976952794783,-0.0228723367686168,0.0052794119284029,0.023362063888544,-0.0066113708807008,0.0061439207189431,-0.0011168574578182,0.0188311431411174,131.5262451171875
GOOGL,2023-12-12,-0.0057767278481005,0.0003772751361299,-0.0125934443249606,-0.0141678892688964,0.0133055306727585,0.0057912296862059,31138000.0,27384800.0,0.0116803801795384,-0.0341106245764983,0.0032555713730861,0.0212532848185844,-0.0005580033185154,0.0033948308682406,-0.0006807670559593,0.0311648752671784,131.57586669921875
GOOGL,2023-12-13,0.0003772751361299,-0.0047523146354916,-0.0057767278481005,-0.0125934443249606,-0.0074051208981964,-0.0161079350088765,29032800.0,23576200.0,0.0196124152368213,-0.0179270512992516,-0.0078580163134148,0.0192351442023581,0.0093664449628606,0.0051993385932672,0.0002542182740034,0.0435239377308662,130.95057678222656
GOOGL,2023-12-14,-0.0047523146354916,0.0050023438655217,0.0003772751361299,-0.0057767278481005,0.0531455729699996,-0.0182236222151205,30104800.0,56767100.0,-0.0364419485032867,-0.0044516743631815,-0.019907734949542,0.0174684209024184,-0.0186714350082149,-0.0068697417087922,-0.0004049783611047,0.0642715542118093,131.60563659667966
GOOGL,2023-12-15,0.0050023438655217,0.0241326660101959,-0.0047523146354916,0.0003772751361299,-0.0141678892688964,-0.0050553620084191,38722400.0,32260100.0,-0.0177048508933914,0.0056121340742025,-0.0316218997953079,0.0160283703174734,-0.0019503455381348,-0.003684941956541,-0.0017104670798433,0.0670437373991394,134.78163146972656
GOOGL,2023-12-18,0.0241326660101959,0.0062591071327691,0.0050023438655217,-0.0047523146354916,-0.0125934443249606,-0.0196420028838352,50847100.0,31138000.0,0.0188311431411174,0.0505144435717626,0.0036213338284185,0.0176009132712013,0.014499912874412,0.0005373147944814,-9.700106249807794e-05,0.0421209029860469,135.625244140625
GOOGL,2023-12-19,0.0062591071327691,0.0123673317480348,0.0241326660101959,0.0050023438655217,-0.0057767278481005,0.0133055306727585,32258000.0,29032800.0,0.0311648752671784,0.0432092730380855,0.0029354612634771,0.015945962482253,-0.0125083880856712,-0.0018527621589496,-0.0009378429611816,0.0272229807694037,137.30256652832034
GOOGL,2023-12-20,0.0123673317480348,0.0150354607406919,0.0062591071327691,0.0241326660101959,0.0003772751361299,-0.0074051208981964,25476800.0,30104800.0,0.0435239377308662,0.0639899625072069,0.0100019620273623,0.0147783998062529,0.0270917422446792,0.001692297297414,0.0005250986995569,0.0136621953953102,139.36697387695312
GOOGL,2023-12-21,0.0150354607406919,0.0076201443600159,0.0123673317480348,0.0062591071327691,-0.0047523146354916,0.0531455729699996,49107200.0,38722400.0,0.0642715542118093,0.0254874250397094,0.013936028991061,0.0138750150701424,-0.0008992662689404,0.0052467310452689,-0.0002664960012848,-0.0051987430084717,140.42897033691406
GOOGL,2023-12-22,0.0076201443600159,0.0002121012222657,0.0150354607406919,0.0123673317480348,0.0050023438655217,-0.0141678892688964,27488300.0,50847100.0,0.0670437373991394,0.0481518871317605,0.0351158595154168,0.0125504530918679,0.0067660995359309,0.006990020060082,0.0007715403879048,-0.0234645669804685,140.45875549316403
GOOGL,2023-12-26,0.0002121012222657,-0.0081261430477979,0.0076201443600159,0.0150354607406919,0.0241326660101959,-0.0125934443249606,26532200.0,32258000.0,0.0421209029860469,0.0617452308805279,0.0374606363973555,0.0117393250655857,-0.0047581371692694,0.0031384100513458,0.0004431695555044,-0.0183721967321394,139.31736755371094
GOOGL,2023-12-27,-0.0081261430477979,-0.0009973382044385,0.0002121012222657,0.0076201443600159,0.0062591071327691,-0.0057767278481005,16780300.0,25476800.0,0.0272229807694037,0.0592362568366617,0.0231050465418909,0.0121166263436416,-0.0119330407253876,0.0032534795234025,-6.66655082690005e-05,-0.0283536044751198,139.1784210205078
GOOGL,2023-12-28,-0.0009973382044385,-0.0038510296400789,-0.0081261430477979,0.0002121012222657,0.0123673317480348,0.0003772751361299,19628600.0,49107200.0,0.0136621953953102,0.057780765667829,0.0388178756183401,0.0111193905635612,0.0060921258377928,-0.0009464437579747,0.0008096996224293,-0.0320901960565044,138.64244079589844
GOOGL,2023-12-29,-0.0038510296400789,-0.0108810507864179,-0.0009973382044385,-0.0081261430477979,0.0150354607406919,-0.0047523146354916,16045700.0,27488300.0,-0.0051987430084717,0.0587386799102351,0.0540255200715702,0.0104128120882818,0.0012860006647878,-0.000509390371229,0.0017194362568082,-0.0060848082741153,137.1338653564453
GOOGL,2024-01-02,-0.0108810507864179,0.0054279389420848,-0.0038510296400789,-0.0009973382044385,0.0076201443600159,0.0050023438655217,18733000.0,26532200.0,-0.0234645669804685,0.0420060181518477,0.0478538956318419,0.0106935642878649,-0.0222755648810001,-0.0063177232546152,0.0003168537056122,0.0201201597159517,137.8782196044922
GOOGL,2024-01-03,0.0054279389420848,-0.018211734921708,-0.0108810507864179,-0.0038510296400789,0.0002121012222657,0.0241326660101959,23711200.0,16780300.0,-0.0183721967321394,0.0229748527377127,0.0746498582116639,0.0099874585637729,0.0115603726828766,-0.003054021284186,0.001691406070146,0.0241867324510316,135.36721801757812
GOOGL,2024-01-04,-0.018211734921708,-0.0048391318374295,0.0054279389420848,-0.0108810507864179,-0.0081261430477979,0.0062591071327691,24212100.0,19628600.0,-0.0283536044751198,-0.0019024933350854,0.0412245743490311,0.0117899154892703,-0.0094111850860286,-0.0025496501563142,0.0005614745190948,0.0417185467139105,134.712158203125
GOOGL,2024-01-05,-0.0048391318374295,0.0229130760211024,-0.018211734921708,0.0054279389420848,-0.0009973382044385,0.0123673317480348,27137700.0,16045700.0,-0.0320901960565044,-0.0188664231899919,0.0439162776046424,0.0106915290935462,-0.0077233900110482,-0.0053127533260824,0.000158109701656,0.0509834291140869,137.798828125
GOOGL,2024-01-08,0.0229130760211024,0.0151974623687156,-0.0048391318374295,-0.018211734921708,-0.0038510296400789,0.0150354607406919,22513900.0,18733000.0,-0.0060848082741153,-0.0112519179281143,0.0139487246968494,0.0143929967500052,0.0187137738962043,-0.0018271986797991,-0.0009898999286378,0.0262894118605869,139.8930206298828
GOOGL,2024-01-09,0.0151974623687156,0.0094359431018378,0.0229130760211024,-0.0048391318374295,-0.0108810507864179,0.0076201443600159,21404000.0,23711200.0,0.0201201597159517,-0.0038165180998295,0.0441515964831518,0.0141662988680004,0.0219998734762422,0.0070278889916492,0.0010038109601437,0.0036893426057007,141.21304321289062
GOOGL,2024-01-10,0.0094359431018378,-0.0014056887550734,0.0151974623687156,0.0229130760211024,0.0054279389420848,0.0002121012222657,24759600.0,24212100.0,0.0241867324510316,0.0053701723119943,0.0674469857217945,0.0130059901785099,0.0127506878070136,0.0072659520164766,0.0019719138945294,0.0084339164202469,141.01454162597656
GOOGL,2024-01-11,-0.0014056887550734,0.0040116738258355,0.0094359431018378,0.0151974623687156,-0.018211734921708,-0.0081261430477979,21320200.0,27137700.0,0.0417185467139105,0.0121820710659876,0.0721399481931166,0.0120451482844783,0.0095734528777383,0.01106287960923,0.0024784867043421,0.0302646888842743,141.5802459716797
GOOGL,2024-01-12,0.0040116738258355,-0.0011213972620662,-0.0014056887550734,0.0094359431018378,-0.0048391318374295,-0.0009973382044385,24008700.0,22513900.0,0.0509834291140869,0.0172571648216786,0.0760350626861601,0.0108955936458838,0.0073022130903794,0.0140680002295156,0.0023752751107181,0.0234141928477811,141.42147827148438
GOOGL,2024-01-16,-0.0011213972620662,-0.0071583494439804,0.0040116738258355,-0.0014056887550734,0.0229130760211024,-0.0038510296400789,18785500.0,21404000.0,0.0262894118605869,0.0200446375556606,0.0799607130151944,0.0100594629394574,0.0065953155326937,0.0116443085568134,0.0036386126377635,0.0319319893683756,140.4091339111328
GOOGL,2024-01-17,-0.0071583494439804,0.0142076818658154,-0.0011213972620662,0.0040116738258355,0.0151974623687156,-0.0108810507864179,22670500.0,24759600.0,0.0036893426057007,0.0238837324841261,0.066893011136236,0.0099816685080632,0.0019642465812572,0.0076371831778164,0.0038343422437331,0.0511059022568607,142.40402221679688
GOOGL,2024-01-18,0.0142076818658154,0.0202120740330391,-0.0071583494439804,-0.0011213972620662,0.0094359431018378,0.0054279389420848,20968600.0,21320200.0,0.0084339164202469,0.0328246377512495,0.0565536317074659,0.0104841327520305,0.0151738387142061,0.0081218133592549,0.0038680385357228,0.058475085694325,145.2823028564453
GOOGL,2024-01-19,0.0202120740330391,-0.0026642591323108,0.0142076818658154,-0.0071583494439804,-0.0014056887550734,-0.018211734921708,25746400.0,24008700.0,0.0302646888842743,0.0732458344351854,0.0712039913882642,0.011670008111714,0.0107619755474564,0.0083595178931986,0.0050315567173792,0.0396911278500939,144.89523315429688
GOOGL,2024-01-22,-0.0026642591323108,0.0071921914553445,0.0202120740330391,0.0142076818658154,0.0040116738258355,-0.0048391318374295,34271900.0,18785500.0,0.0234141928477811,0.0755913578031863,0.0552987960673734,0.0111975152849574,0.0013547238544631,0.0071700200460153,0.0037447057978684,0.0515102696397817,145.93734741210938
GOOGL,2024-01-23,0.0071921914553445,0.0112892415949144,-0.0026642591323108,0.0202120740330391,-0.0011213972620662,0.0229130760211024,32200400.0,22670500.0,0.0319319893683756,0.0590608744489957,0.0471444084088188,0.0101730422315598,0.0036455289459114,0.0065800627286589,0.003971945558611,0.0300598589524421,147.58486938476562
GOOGL,2024-01-24,0.0112892415949144,0.0213181760941394,0.0071921914553445,-0.0026642591323108,-0.0071583494439804,0.0151974623687156,21636100.0,20968600.0,0.0511059022568607,0.0549837920451603,0.0509574273077932,0.0095207477859643,0.0057483757800959,0.0073368885684266,0.0039210593708192,-0.0578343614772435,150.73110961914062
GOOGL,2024-01-25,0.0213181760941394,0.0021071409554302,0.0112892415949144,0.0071921914553445,0.0142076818658154,0.0094359431018378,25233500.0,25746400.0,0.058475085694325,0.0674021760999847,0.0731343097118393,0.0105398198981059,0.0365156274539172,0.0116052463163688,0.0059847476019786,-0.0705207386604637,151.04872131347656
GOOGL,2024-01-26,0.0021071409554302,0.0086733893456687,0.0213181760941394,0.0112892415949144,0.0202120740330391,-0.0014056887550734,29149100.0,34271900.0,0.0396911278500939,0.0711570563702175,0.0842059677537536,0.009947274104651,6.633868062084786e-05,0.0094661189430017,0.006584716572279,-0.0644589034045318,152.35882568359375
GOOGL,2024-01-29,0.0086733893456687,-0.0133541472458454,0.0021071409554302,0.0213181760941394,-0.0026642591323108,0.0040116738258355,26115500.0,32200400.0,0.0515102696397817,0.0761305338745499,0.0947014958672638,0.0090043359858935,-0.0022909237104859,0.0087369894300119,0.006165564094865,-0.0640351295364601,150.32420349121094
GOOGL,2024-01-30,-0.0133541472458454,-0.0750032964031293,0.0086733893456687,0.0021071409554302,0.0071921914553445,-0.0011213972620662,27784300.0,21636100.0,0.0300598589524421,0.0629517194173021,0.0842582013721882,0.0118967538799465,-0.0154612596934324,0.0049156317021431,0.005328201076954,-0.0485938036553684,139.0493927001953
GOOGL,2024-01-31,-0.0750032964031293,0.0075660001749198,-0.0133541472458454,0.0086733893456687,0.0112892415949144,-0.0071583494439804,36331800.0,25233500.0,-0.0578343614772435,-0.0096841364451268,0.013968302714804,0.0339115342438032,-0.0498995983161846,-0.0062139631171129,0.0039469994051948,0.0388291514046104,140.10144042968747
GOOGL,2024-02-01,0.0075660001749198,0.0086426373886805,-0.0750032964031293,-0.0133541472458454,0.0213181760941394,0.0142076818658154,71910000.0,29149100.0,-0.0705207386604637,-0.0161693592025364,0.01612452519022,0.0315209840463089,0.0043649583721592,-0.0126440969334645,0.0035872286896589,0.0336498038269215,141.31228637695312
GOOGL,2024-02-02,0.0086426373886805,0.009130290090467,0.0075660001749198,-0.0750032964031293,0.0021071409554302,0.0202120740330391,40466500.0,26115500.0,-0.0644589034045318,-0.0273262221305439,0.0439180803627285,0.0292159367138737,0.0102276658633964,-0.0106118314969094,0.0045691712371302,0.0464952000001728,142.60250854492188
GOOGL,2024-02-05,0.009130290090467,0.0029233014302563,0.0086426373886805,0.0075660001749198,0.0086733893456687,-0.0026642591323108,62499600.0,27784300.0,-0.0640351295364601,-0.0158233266855197,0.0585719243685447,0.0269758154391822,0.0183555835706824,-0.0064825300406757,0.0058731199162167,0.0267958240874472,143.01937866210938
GOOGL,2024-02-06,0.0029233014302563,0.0099929392319446,0.009130290090467,0.0086426373886805,-0.0133541472458454,0.0071921914553445,38505400.0,36331800.0,-0.0485938036553684,-0.0199946675867693,0.0378853043102349,0.0244749233909308,-0.0111906841387562,-0.0056284149297405,0.0043778970144687,0.0072172828141674,144.4485626220703
GOOGL,2024-02-07,0.0099929392319446,0.0025425230080426,0.0029233014302563,0.009130290090467,-0.0750032964031293,0.0112892415949144,29128200.0,71910000.0,0.0388291514046104,-0.021250869250822,0.0325644694186721,0.0225781103223381,0.0045601388392515,0.0052635325013467,0.0035059102826192,0.0027487220570974,144.81582641601562
GOOGL,2024-02-08,0.0025425230080426,0.0211772639387186,0.0099929392319446,0.0029233014302563,0.0075660001749198,0.0213181760941394,25208900.0,40466500.0,0.0336498038269215,-0.0392439438551963,0.0255131050302024,0.0204314507818203,-0.002855387619303,0.0038194633030542,0.0027256065113033,-0.0215202330714966,147.88262939453125
GOOGL,2024-02-09,0.0211772639387186,-0.0098657233928306,0.0025425230080426,0.0099929392319446,0.0086426373886805,0.0021071409554302,22563800.0,62499600.0,0.0464952000001728,-0.0209607330099446,0.0487048192999231,0.0201645296427418,0.0167752392077767,0.0051289779719303,0.0030856958278052,-0.0569126822344545,146.4236602783203
GOOGL,2024-02-12,-0.0098657233928306,-0.0162000479156934,0.0211772639387186,0.0025425230080426,0.009130290090467,0.0086733893456687,26829500.0,38505400.0,0.0267958240874472,-0.0389551795154886,0.034209675745368,0.0192076569506941,-0.0066403109653984,0.0001297990647141,0.0023885696250163,-0.0434487377632875,144.0515899658203
GOOGL,2024-02-13,-0.0162000479156934,0.0055120641614141,-0.0098657233928306,0.0211772639387186,0.0029233014302563,-0.0133541472458454,21564100.0,29128200.0,0.0072172828141674,-0.041727236065198,0.0185976820952682,0.0189243360681825,-0.0001390282638541,0.0023401302396945,0.002051852435189,-0.0178449065283698,144.84561157226562
GOOGL,2024-02-14,0.0055120641614141,-0.0217214416026291,-0.0162000479156934,-0.0098657233928306,0.0099929392319446,-0.0750032964031293,27837700.0,25208900.0,0.0027487220570974,0.0416846040066321,0.0315967881686438,0.0173276998266715,-0.0027705017696361,0.0008740021179169,0.0018151150176443,-0.0126765032390486,141.69935607910156
GOOGL,2024-02-15,-0.0217214416026291,-0.0157595901709691,0.0055120641614141,-0.0162000479156934,0.0025425230080426,0.0075660001749198,22704200.0,22563800.0,-0.0215202330714966,0.0114054191342594,-0.0049483583871143,0.0180100548935685,-0.042865252004395,-0.0071279707591013,-0.0010868395182857,0.0083349764155336,139.4662322998047
GOOGL,2024-02-16,-0.0157595901709691,0.0042698849099331,-0.0217214416026291,0.0055120641614141,0.0211772639387186,0.0086426373886805,37590700.0,26829500.0,-0.0569126822344545,-0.013063648777319,-0.0400328907395385,0.0169929744859737,-0.0119745004895662,-0.0128779186985699,-0.0022236633201368,-0.0209932999338406,140.06173706054685
GOOGL,2024-02-20,0.0042698849099331,0.0101331439753369,-0.0157595901709691,-0.0217214416026291,-0.0098657233928306,0.009130290090467,31468900.0,21564100.0,-0.0434487377632875,-0.0178171584097668,-0.0333585583771612,0.0159309231939738,0.0109322813443019,-0.0093634002366299,-0.0017447854456449,-0.0158731490259487,141.4810028076172
GOOGL,2024-02-21,0.0101331439753369,0.0108033790407113,0.0042698849099331,-0.0157595901709691,-0.0162000479156934,0.0029233014302563,25144700.0,27837700.0,-0.0178449065283698,-0.0107564154514101,-0.0305360120868033,0.0155372045953974,0.0010945024517451,-0.00911669409351,-0.0018723367703532,-0.0432830796996451,143.00947570800784
GOOGL,2024-02-22,0.0108033790407113,-0.0009024495562387,0.0101331439753369,0.0042698849099331,0.0055120641614141,0.0099929392319446,23223300.0,22704200.0,-0.0126765032390486,-0.0099626253660112,-0.0310017801677853,0.0149256155976763,0.004571701389879,-0.007648253461607,-0.001931170489864,-0.0390728221735846,142.8804168701172
GOOGL,2024-02-23,-0.0009024495562387,-0.0443870556550105,0.0108033790407113,0.0101331439753369,-0.0217214416026291,0.0025425230080426,27191900.0,37590700.0,0.0083349764155336,-0.0133646272910706,-0.0520840904632106,0.0135162160606934,0.0040162325925402,0.00172804345778,-0.0035561402329329,-0.0473740873240606,136.5383758544922
GOOGL,2024-02-26,-0.0443870556550105,0.009522160877649,-0.0009024495562387,0.0108033790407113,-0.0157595901709691,0.0211772639387186,19493800.0,31468900.0,-0.0209932999338406,-0.0767111971601079,-0.0960640072475063,0.0219320171096315,-0.0391765835981523,-0.0037123731639371,-0.0055182863468715,-0.0306755150964235,137.83851623535156
GOOGL,2024-02-27,0.009522160877649,-0.0180011147537717,-0.0443870556550105,-0.0009024495562387,0.0042698849099331,-0.0098657233928306,53641800.0,25144700.0,-0.0158731490259487,-0.0586322184997302,-0.0953033694181705,0.0210435321452218,0.0097445794000377,-0.00394991355279,-0.0049165111913454,-0.0447147996016996,135.35726928710938
GOOGL,2024-02-28,-0.0180011147537717,0.0152516567325466,0.009522160877649,-0.0443870556550105,0.0101331439753369,-0.0162000479156934,33099200.0,23223300.0,-0.0432830796996451,-0.0603556037165148,-0.0995643672575763,0.0197984985038735,-0.0194011367076444,-0.0080490413846679,-0.005113505042056,-0.0365154156784965,137.42169189453125
GOOGL,2024-02-29,0.0152516567325466,-0.0095334612174813,-0.0180011147537717,0.009522160877649,0.0108033790407113,0.0055120641614141,37328600.0,27191900.0,-0.0390728221735846,-0.0512540186557911,-0.0117059181205743,0.0200710648128289,0.0137042611459222,-0.0062225294334593,-0.0019333120689506,-0.0294671326043729,136.11158752441406
GOOGL,2024-03-01,-0.0095334612174813,-0.0276361237724362,0.0152516567325466,-0.0180011147537717,-0.0009024495562387,-0.0217214416026291,42133000.0,19493800.0,-0.0473740873240606,-0.0394339728090804,-0.0284783146628375,0.0183490075641385,-0.0103037515126979,-0.0090865262545069,-0.0026667475631935,-0.0126150631672419,132.34999084472656
GOOGL,2024-03-04,-0.0276361237724362,-0.0050993297085012,-0.0095334612174813,0.0152516567325466,-0.0443870556550105,-0.0157595901709691,31151100.0,53641800.0,-0.0306755150964235,-0.0510248347412199,-0.0634219129985589,0.0191424005298856,-0.0012363433230397,-0.0014984781994844,-0.0032399480225153,0.0323959044415818,131.6750946044922
GOOGL,2024-03-05,-0.0050993297085012,-0.0095724424903114,-0.0276361237724362,-0.0095334612174813,0.009522160877649,0.0042698849099331,55999400.0,33099200.0,-0.0447147996016996,-0.0598781839499052,-0.0766284832709474,0.0173682202470075,-0.0021372032675056,-0.0038748347329931,-0.0042645873644247,0.0439436585769745,130.41464233398438
GOOGL,2024-03-06,-0.0095724424903114,0.0226786370751155,-0.0050993297085012,-0.0276361237724362,-0.0180011147537717,0.0101331439753369,40194800.0,37328600.0,-0.0365154156784965,-0.0782179957310637,-0.0881330659246139,0.015726023738901,-0.0147015346163073,-0.0029349143147256,-0.0044401298883022,0.0638506285470654,133.3722686767578
GOOGL,2024-03-07,0.0226786370751155,0.0076647310822892,-0.0095724424903114,-0.0050993297085012,0.0152516567325466,0.0108033790407113,35318600.0,42133000.0,-0.0294671326043729,-0.0673885907457415,-0.0766798488282094,0.018958935420198,0.0193225537629847,-0.0018112557913131,-0.0037020091421156,0.0648906807647227,134.39453125
GOOGL,2024-03-08,0.0076647310822892,0.0166900931913966,0.0226786370751155,-0.0095724424903114,-0.0095334612174813,-0.0009024495562387,37738200.0,31151100.0,-0.0126150631672419,-0.0593915233872192,-0.0719624051039707,0.0176442323636601,0.004373312715207,0.0011241570542678,-0.0033405741253901,0.0426113346533933,136.63758850097656
GOOGL,2024-03-11,0.0166900931913966,0.0060290254895736,0.0076647310822892,0.0226786370751155,-0.0276361237724362,-0.0443870556550105,39370400.0,55999400.0,0.0323959044415818,0.0007266282893982,-0.0760403093966798,0.0174538835833644,0.0008752202732999,0.0015464697735357,-0.0041355750721139,0.0727103511560043,137.4613800048828
GOOGL,2024-03-12,0.0060290254895736,0.0093140285207504,0.0166900931913966,0.0076647310822892,-0.0050993297085012,0.009522160877649,32437800.0,40194800.0,0.0439436585769745,-0.0027360729117601,-0.0612078693866968,0.0158537679273787,0.0072576298512946,0.0034254363972958,-0.0034406780312793,0.0615882324014791,138.74169921875
GOOGL,2024-03-13,0.0093140285207504,0.0236784383215493,0.0060290254895736,0.0166900931913966,-0.0095724424903114,-0.0180011147537717,27563400.0,35318600.0,0.0638506285470654,0.0250036806258393,-0.0368610353299828,0.0145598557490213,0.0111748850283261,0.0086007203262225,-0.0028749823666703,0.0640246504400952,142.02688598632812
GOOGL,2024-03-14,0.0236784383215493,-0.0134173496547117,0.0093140285207504,0.0060290254895736,0.0226786370751155,0.0152516567325466,23347200.0,37738200.0,0.0648906807647227,0.0335114058654675,-0.019460207011734,0.0153581469258539,0.0278387174807239,0.0103039530697703,-0.0013445214041523,0.03144660101759,140.1212615966797
GOOGL,2024-03-15,-0.0134173496547117,0.0460407926092021,0.0236784383215493,0.0093140285207504,0.0076647310822892,-0.0095334612174813,42753400.0,39370400.0,0.0426113346533933,0.0294587268078583,-0.0111369206331531,0.0163474993119683,-0.0128202192767244,0.006865246671384,0.0001577302322312,0.0679276797408077,146.5725555419922
GOOGL,2024-03-18,0.0460407926092021,-0.0044017252531002,-0.0134173496547117,0.0236784383215493,0.0166900931913966,-0.0276361237724362,49475400.0,32437800.0,0.0727103511560043,0.10746177318555,0.050953719226539,0.0226239490950149,0.0215673784461783,0.0110036783059597,0.0018348241790184,0.0161836952526182,145.92738342285156
GOOGL,2024-03-19,-0.0044017252531002,0.011630473664602,0.0460407926092021,-0.0134173496547117,0.0060290254895736,-0.0050993297085012,69273700.0,27563400.0,0.0615882324014791,0.1082383032354634,0.0418790062539995,0.0214710821930742,-0.002598135583561,0.0090325252189885,0.0011583033326253,0.0247570527810068,147.6245880126953
GOOGL,2024-03-20,0.011630473664602,-0.0076643005356741,-0.0044017252531002,0.0460407926092021,0.0093140285207504,-0.0095724424903114,24070400.0,23347200.0,0.0640246504400952,0.131963293160267,0.0434233931281362,0.0194584422679033,0.0012865649538343,0.0070548612040902,0.0011679064577297,0.0143202003157711,146.49314880371094
GOOGL,2024-03-21,-0.0076643005356741,0.0214769427872809,0.011630473664602,-0.0044017252531002,0.0236784383215493,0.0226786370751155,21311500.0,42753400.0,0.03144660101759,0.0983778731300808,0.0243597361535397,0.0188910019110986,-0.006275149036595,0.0002320879006264,0.000625563936406,0.022560940360343,149.63937377929688
GOOGL,2024-03-22,0.0214769427872809,-0.0046427130003917,-0.0076643005356741,0.011630473664602,-0.0134173496547117,0.0076647310822892,24755600.0,49475400.0,0.0679276797408077,0.113433503487865,0.0473049915253522,0.0181890697169676,0.0241052568937054,0.0076171831347124,0.0016300151514643,0.0313059371458439,148.94464111328125
GOOGL,2024-03-25,-0.0046427130003917,0.0039979568161245,0.0214769427872809,-0.0076643005356741,0.0460407926092021,0.0166900931913966,29211800.0,69273700.0,0.0161836952526182,0.0900707685734421,0.0908628448313337,0.0173536089455594,-0.0065465514461933,0.001994397156238,0.0032615167590622,0.0299191618766312,149.5401153564453
GOOGL,2024-03-26,0.0039979568161245,0.0013273115889465,-0.0046427130003917,0.0214769427872809,-0.0044017252531002,0.0060290254895736,19229300.0,24070400.0,0.0247570527810068,0.0878700283027382,0.0848935365867833,0.015728913909983,-0.0032412823408828,0.0018657678047737,0.0026122236720162,0.028207309988989,149.7386016845703
GOOGL,2024-03-27,0.0013273115889465,0.0003978286950045,0.0039979568161245,-0.0046427130003917,0.011630473664602,0.0093140285207504,22149100.0,21311500.0,0.0143202003157711,0.0792616965753159,0.1062472113481867,0.0143544474298063,-0.0086936519463617,-0.0001302755752654,0.0031475979100803,-0.002253479447063,149.7981719970703
GOOGL,2024-03-28,0.0003978286950045,0.0302126691665716,0.0013273115889465,0.0039979568161245,-0.0076643005356741,0.0236784383215493,22879200.0,24755600.0,0.022560940360343,0.0547170062680264,0.0900620559382852,0.0131278308673562,0.0020363056262934,0.0015320153573122,0.0025642001340989,0.0104020780727811,154.323974609375
GOOGL,2024-04-01,0.0302126691665716,-0.0059811488804972,0.0003978286950045,0.0013273115889465,0.0214769427872809,-0.0134173496547117,24485400.0,29211800.0,0.0313059371458439,0.1013601565590804,0.1338048245282146,0.015875124286467,0.0251023406266435,0.0017314321038998,0.004334504741066,-0.0041160690131955,153.40093994140625
GOOGL,2024-04-02,-0.0059811488804972,0.0023291891485408,0.0302126691665716,0.0003978286950045,-0.0046427130003917,0.0460407926092021,31730800.0,19229300.0,0.0299191618766312,0.0465870597272746,0.1590551609586186,0.0155992854090746,0.0024119855427302,0.0035231395016845,0.0045169211843545,0.0131989706050281,153.75823974609375
GOOGL,2024-04-03,0.0023291891485408,-0.0283371540286005,-0.0059811488804972,0.0302126691665716,0.0039979568161245,-0.0044017252531002,24586000.0,22149100.0,0.028207309988989,0.0536626926322034,0.1677093546652228,0.0142013651093389,0.0026882584546371,0.0047090476607885,0.0047581942704616,0.0078748995206763,149.4011688232422
GOOGL,2024-04-04,-0.0283371540286005,0.01308701578108,0.0023291891485408,-0.0059811488804972,0.0013273115889465,0.011630473664602,24705000.0,22879200.0,-0.002253479447063,0.0120344505916187,0.1455858494833304,0.0188408857869275,-0.0209067402108334,0.0022664300078942,0.0044479339907353,0.0589915081520004,151.35638427734378
GOOGL,2024-04-05,0.01308701578108,0.0154098699786233,-0.0283371540286005,0.0023291891485408,0.0003978286950045,-0.0076643005356741,34724700.0,24485400.0,0.0104020780727811,0.0331976990961477,0.13484149125612,0.0179276230143503,0.0130566553243336,0.0044704999475022,0.0041346390688028,0.0342951896163556,153.68876647949216
GOOGL,2024-04-08,0.0154098699786233,0.011301463332495,0.01308701578108,-0.0283371540286005,0.0302126691665716,0.0214769427872809,23459200.0,31730800.0,-0.0041160690131955,0.0270610107348334,0.1435641394782734,0.017122526391932,0.0034360365695896,0.0001372391360914,0.0040877752615219,6.463368733600205e-05,155.42567443847656
GOOGL,2024-04-09,0.011301463332495,-0.0029377643401314,0.0154098699786233,0.01308701578108,-0.0059811488804972,-0.0046427130003917,20702000.0,24586000.0,0.0131989706050281,0.043513034619796,0.1375030556644061,0.0157438497725513,0.0033220717701453,0.0003192563815744,0.0042101178363642,-0.0140487260083151,154.9690704345703
GOOGL,2024-04-10,-0.0029377643401314,0.0209428800735875,0.011301463332495,0.0154098699786233,0.0023291891485408,0.0039979568161245,31079500.0,24705000.0,0.0078748995206763,0.0363043392415773,0.1273644308609851,0.0146588953075273,0.0068952548500303,0.0011606556606531,0.0041919990863009,-0.0042908401521732,158.21456909179688
GOOGL,2024-04-11,0.0209428800735875,-0.0105387823990356,-0.0029377643401314,0.011301463332495,-0.0283371540286005,0.0013273115889465,22838600.0,34724700.0,0.0589915081520004,0.0566050925537657,0.1403534047996959,0.014931231564897,0.0140073707544966,0.0081434778537191,0.0043336233726095,-0.0213286075949367,156.54718017578125
GOOGL,2024-04-12,-0.0105387823990356,-0.018195666133436,0.0209428800735875,-0.0029377643401314,0.01308701578108,0.0003978286950045,27166400.0,23459200.0,0.0342951896163556,0.0450540089290469,0.1022362356860437,0.0152968068388241,0.0145475315771512,0.0084416531042826,0.0036690640774308,-0.023077494406147,153.69869995117188
GOOGL,2024-04-15,-0.018195666133436,-0.0029704755322205,-0.0105387823990356,0.0209428800735875,0.0154098699786233,0.0302126691665716,25353700.0,20702000.0,6.463368733600205e-05,-0.0040517013625771,0.0968977741120618,0.0165002265489667,-0.0027164893329286,0.0072111479237789,0.0041742505746206,0.009169448250625,153.2421417236328
GOOGL,2024-04-16,-0.0029704755322205,0.0069300858708116,-0.018195666133436,-0.0105387823990356,0.011301463332495,-0.0059811488804972,27136500.0,31079500.0,-0.0140487260083151,-0.0010351841249088,0.0455036494177099,0.0149704186460602,0.0086741956922179,0.0082815727081935,0.0035295914369226,0.0250000074679794,154.3041229248047
GOOGL,2024-04-17,0.0069300858708116,0.0034733336794405,-0.0029704755322205,-0.018195666133436,-0.0029377643401314,0.0023291891485408,20779500.0,22838600.0,-0.0042908401521732,0.0035502694334454,0.0574034790830173,0.0138853278592362,0.0106567842164454,0.0090338785814765,0.0041923374269229,0.0235416156776655,154.84007263183594
GOOGL,2024-04-18,0.0034733336794405,-0.0123069506392595,0.0069300858708116,-0.0029704755322205,0.0209428800735875,-0.0283371540286005,21763100.0,27166400.0,-0.0213286075949367,0.0364046938282562,0.0488772549090543,0.0126085327212802,0.0090026751442639,0.0080329394594299,0.0045781429364444,-6.415310656249229e-05,152.93446350097656
GOOGL,2024-04-19,-0.0123069506392595,0.0142124193319712,0.0034733336794405,0.0069300858708116,-0.0105387823990356,0.01308701578108,19883000.0,25353700.0,-0.023077494406147,0.0104262481636794,0.043970074709067,0.0126656976682025,-0.0181244903333499,0.0014985350773297,0.0039856758716067,0.1159063419255843,155.1080322265625
GOOGL,2024-04-22,0.0142124193319712,0.0126696480921106,-0.0123069506392595,0.0034733336794405,-0.018195666133436,0.0154098699786233,32615600.0,27136500.0,0.009169448250625,0.0092346745932123,0.0365455849563454,0.0130621261164064,0.0111500327671478,0.004271839497345,0.0033379146652788,0.0631559168768618,157.0731964111328
GOOGL,2024-04-23,0.0126696480921106,0.0054974043489044,0.0142124193319712,-0.0123069506392595,-0.0029704755322205,0.011301463332495,26446200.0,20779500.0,0.0250000074679794,0.0106000632045408,0.0545743387415282,0.0126453132102295,0.0023134904193798,0.0029996984427774,0.0037809167585574,0.0285606621909628,157.9366912841797
GOOGL,2024-04-24,0.0054974043489044,-0.0196696036795764,0.0126696480921106,0.0142124193319712,0.0069300858708116,-0.0029377643401314,21151600.0,21763100.0,0.0235416156776655,0.0191497622156953,0.0561493209211469,0.0114640729127006,-0.0203558884787902,-0.0032028360962696,0.0029251864516621,0.0297239593029889,154.83013916015625
GOOGL,2024-04-25,-0.0196696036795764,0.1022436500118064,0.0054974043489044,0.0126696480921106,0.0034733336794405,0.0209428800735875,22779100.0,19883000.0,-6.415310656249229e-05,-0.0213913924050632,0.0340028384017598,0.0141318418270731,-0.0187395457399842,-0.0087512802731193,0.0024228917619809,0.0680770217803421,170.66053771972656
GOOGL,2024-04-26,0.1022436500118064,-0.0337307943584681,-0.0196696036795764,0.0054974043489044,-0.0123069506392595,-0.0105387823990356,57109700.0,32615600.0,0.1159063419255843,0.0901540195620127,0.1392698284933962,0.0436242285111442,0.0883385209080624,0.0125413219751631,0.0067380025260694,-0.0273917021453703,164.90402221679688
GOOGL,2024-04-29,-0.0337307943584681,-0.0202827757549399,0.1022436500118064,-0.0196696036795764,0.0142124193319712,-0.018195666133436,64665300.0,26446200.0,0.0631559168768618,0.07290447003901,0.0685573815358377,0.0447729714628998,-0.0621195569139915,-0.0021125959610647,0.0023769076490376,0.0117365818000121,161.55931091308594
GOOGL,2024-04-30,-0.0202827757549399,0.0066346170283559,-0.0337307943584681,0.1022436500118064,0.0126696480921106,-0.0029704755322205,45610000.0,21151600.0,0.0285606621909628,0.0542746864270069,0.0531833180083245,0.0421944211762735,-0.0010862220946111,-0.0027925384638629,0.0022019972671706,0.0520332970940269,162.63119506835935
GOOGL,2024-05-01,0.0066346170283559,0.0168437478830849,-0.0202827757549399,-0.0337307943584681,0.0054974043489044,0.0069300858708116,33562900.0,22779100.0,0.0297239593029889,0.053965325006984,0.0577071858842677,0.0381869113844254,0.0003826475503105,0.0013551687419572,0.0020867167219542,0.0336873081171882,165.37051391601562
GOOGL,2024-05-02,0.0168437478830849,0.003720984908083,0.0066346170283559,-0.0202827757549399,-0.0196696036795764,0.0034733336794405,33493200.0,57109700.0,0.0680770217803421,0.0680085013213469,0.1068890238179254,0.0349272037022832,0.009472916038349,0.0069976610976238,0.0036056995344134,0.0200456332059448,165.98585510253906
GOOGL,2024-05-03,0.003720984908083,0.0051424662639412,0.0168437478830849,0.0066346170283559,0.1022436500118064,-0.0123069506392595,24294500.0,64665300.0,-0.0273917021453703,0.085339767785429,0.09665578954627,0.0316119617136484,0.0024845025384762,-0.0101731425762933,0.0030770918951205,0.0084310155249347,166.8394317626953
GOOGL,2024-05-06,0.0051424662639412,0.0187386323509197,0.003720984908083,0.0168437478830849,-0.0337307943584681,0.0142124193319712,34662400.0,45610000.0,0.0117365818000121,0.0756337332614538,0.0855668607696056,0.0285959020770736,-0.0052010532638075,0.0012105581537434,0.0026452374034506,0.0061864887553846,169.9657745361328
GOOGL,2024-05-07,0.0187386323509197,-0.0109196824778655,0.0051424662639412,0.003720984908083,-0.0202827757549399,0.0126696480921106,21871300.0,33562900.0,0.0520332970940269,0.0820800647059742,0.0935501817842314,0.026396296139877,0.0265380401343862,0.0067354105995429,0.0038060358216627,-0.0053138211329561,168.10980224609375
GOOGL,2024-05-08,-0.0109196824778655,0.0034243591228442,0.0187386323509197,0.0051424662639412,0.0066346170283559,0.0054974043489044,28039700.0,33493200.0,0.0336873081171882,0.0644125875956798,0.0847958355475302,0.02510276401671,-0.0128944788876776,0.0040799853119452,0.0028165491347773,0.018479213131705,168.6854705810547
GOOGL,2024-05-09,0.0034243591228442,-0.0077077542763341,-0.0109196824778655,0.0187386323509197,0.0168437478830849,-0.0196696036795764,19569100.0,24294500.0,0.0200456332059448,0.0894873019946489,0.0661816515973479,0.022712021216146,-0.0023168070993419,0.001722040684407,0.0020003402420853,0.0248291922249275,167.38528442382812
GOOGL,2024-05-10,-0.0077077542763341,0.0029052590202047,0.0034243591228442,-0.0109196824778655,0.003720984908083,0.1022436500118064,15346700.0,34662400.0,0.0084310155249347,-0.0191916264864777,0.0692321908058462,0.0211300359298671,-0.0013647060228824,0.0009521989721353,0.0012047283620837,0.043937234007447,167.87158203125
GOOGL,2024-05-13,0.0029052590202047,0.0070948564722033,-0.0077077542763341,0.0034243591228442,0.0051424662639412,-0.0337307943584681,29799900.0,21871300.0,0.0061864887553846,0.0179956787867292,0.0922121142506779,0.0191147539394274,-0.0046811884682093,0.0010561719312549,0.0011064934053196,0.0459975392741731,169.06260681152344
GOOGL,2024-05-14,0.0070948564722033,0.0127392587895307,0.0029052590202047,-0.0077077542763341,0.0187386323509197,-0.0202827757549399,31327600.0,28039700.0,-0.0053138211329561,0.0464429803273551,0.1032383449483649,0.0173967566674605,-0.0044996001452811,-0.0051513561246785,0.0004478036134447,0.0440883393186106,171.21633911132812
GOOGL,2024-05-15,0.0127392587895307,0.0096804747312009,0.0070948564722033,0.0029052590202047,-0.0109196824778655,0.0066346170283559,25127100.0,19569100.0,0.018479213131705,0.0527890361954244,0.1096031386974998,0.0162047649680678,0.0089585224322841,-0.0007807558606861,0.0003628905242366,0.0224334483515218,172.87379455566406
GOOGL,2024-05-16,0.0096804747312009,0.0107936329163877,0.0127392587895307,0.0070948564722033,0.0034243591228442,0.0168437478830849,26948400.0,15346700.0,0.0248291922249275,0.0453725423110134,0.1164667622360717,0.0147832988211808,0.0069146709659142,0.0010655397523651,0.0002584903153191,-0.0036168547177504,174.73973083496094
GOOGL,2024-05-17,0.0107936329163877,0.0048845839449942,0.0096804747312009,0.0127392587895307,-0.0077077542763341,0.003720984908083,27867900.0,29799900.0,0.043937234007447,0.0527386850344211,0.1425791599539965,0.0135245324695394,0.0022792609250398,0.0017943331419495,0.0012786778782386,-0.0060775901100819,175.59326171875
GOOGL,2024-05-20,0.0048845839449942,0.0052566633761106,0.0107936329163877,0.0096804747312009,0.0029052590202047,0.0051424662639412,24479300.0,31327600.0,0.0459975392741731,0.0524685912890527,0.1320707199886672,0.0122560720871533,0.0181207131656379,0.006354713468719,0.0016272118981631,-0.0029391675819974,176.51629638671875
GOOGL,2024-05-21,0.0052566633761106,-0.0082654372704693,0.0048845839449942,0.0107936329163877,0.0070948564722033,0.0187386323509197,22554400.0,25127100.0,0.0440883393186106,0.0385402406364663,0.1237836907876657,0.0110955069626829,-0.0119701515069202,0.0048606031963912,0.0009130298018481,-0.0109643943744958,175.05731201171875
GOOGL,2024-05-22,-0.0082654372704693,-0.0160448988002325,0.0052566633761106,0.0048845839449942,0.0127392587895307,-0.0109196824778655,16989400.0,26948400.0,0.0224334483515218,0.0413272139565938,0.1084017943413382,0.0116281355029479,-0.0017042190430851,0.0027280549013173,0.0018456132736334,-0.0242090777329829,172.24853515625
GOOGL,2024-05-23,-0.0160448988002325,0.0082973084064461,-0.0082654372704693,0.0052566633761106,0.0096804747312009,0.0034243591228442,17880000.0,27867900.0,-0.0036168547177504,0.0211225339261404,0.1125000344931304,0.0131951601669963,0.0051998448572077,0.002385089679576,0.003042582803493,-0.0060501502416623,173.677734375
GOOGL,2024-05-24,0.0082973084064461,0.0080576207786511,-0.0160448988002325,-0.0082654372704693,0.0107936329163877,-0.0077077542763341,21024900.0,24479300.0,-0.0060775901100819,0.037592611398497,0.0176795215554079,0.012404165904919,-0.0047086174075579,0.0009875140130564,-0.001609774112288,-0.0104006767090628,175.07716369628906
GOOGL,2024-05-28,0.0080576207786511,-0.0028345307075031,0.0082973084064461,-0.0160448988002325,0.0048845839449942,0.0029052590202047,16579400.0,22554400.0,-0.0029391675819974,0.0429231772158893,0.0616912877123014,0.0115323787240088,0.0119076257098283,-0.0002551034781054,0.0020915850189029,-0.0147958964452842,174.58090209960938
GOOGL,2024-05-29,-0.0028345307075031,-0.0215462637486153,0.0080576207786511,0.0082973084064461,0.0052566633761106,0.0070948564722033,20572200.0,16989400.0,-0.0109643943744958,0.0326405430045091,0.0805994474284967,0.010670697255241,0.0052934396207658,0.0031976147474317,0.0024105681046718,-0.0027855143464914,170.8193359375
GOOGL,2024-05-30,-0.0215462637486153,0.0022659595298395,-0.0028345307075031,0.0080576207786511,-0.0082654372704693,0.0127392587895307,23388700.0,17880000.0,-0.0242090777329829,-0.0023187224764219,0.0503479105942674,0.0135050238671251,-0.0247854841954458,-0.0014186382830403,0.001152161517384,0.0268433174783757,171.20640563964844
GOOGL,2024-05-31,0.0022659595298395,0.0038839829974253,-0.0215462637486153,-0.0028345307075031,-0.0160448988002325,0.0096804747312009,22931500.0,21024900.0,-0.0060501502416623,-0.009645122444968,0.0352897961398162,0.0123708254111033,-0.0097038659532152,-0.0043993804451249,0.0001933224178058,0.0113623815226542,171.87136840820312
GOOGL,2024-06-03,0.0038839829974253,0.0035804201118596,0.0022659595298395,-0.0215462637486153,0.0082973084064461,0.0107936329163877,37638900.0,16579400.0,-0.0104006767090628,-0.0164150557692396,0.035457920809145,0.0114148686104792,0.0061738589853094,-0.0022228851665514,0.0003777902401474,0.0117854052669081,172.4867401123047
GOOGL,2024-06-04,0.0035804201118596,0.0093216694734676,0.0038839829974253,0.0022659595298395,0.0080576207786511,0.0048845839449942,27459100.0,20572200.0,-0.0147958964452842,-0.0176915764081031,0.0338487627891339,0.0104677343551064,0.0091070506891553,-0.002783000170686,0.0010931954377956,0.0174503195347595,174.0946044921875
GOOGL,2024-06-05,0.0093216694734676,0.0075251563088327,0.0035804201118596,0.0038839829974253,-0.0028345307075031,0.0052566633761106,26879600.0,23388700.0,-0.0027855143464914,-0.0137193672431564,0.0242921256783785,0.0101814050641614,0.0078964385164844,-0.0022624003915423,0.0001611153569005,0.0147313668722737,175.40469360351562
GOOGL,2024-06-06,0.0075251563088327,-0.012844442287045,0.0093216694734676,0.0035804201118596,-0.0215462637486153,-0.0082654372704693,22068500.0,22931500.0,0.0268433174783757,0.0019843877859475,0.0433936109611441,0.0095001087637276,0.0065882984559593,0.0040123561387386,0.0011352542240823,-0.0077461075035566,173.15171813964844
GOOGL,2024-06-07,-0.012844442287045,0.0043038787430478,0.0075251563088327,0.0093216694734676,0.0022659595298395,-0.0160448988002325,23251000.0,37638900.0,0.0113623815226542,0.0052434871656767,0.0264767768273657,0.0106987115151611,-0.0091775353474028,0.0041176222599011,0.0007922178116793,0.0145184857756275,173.89694213867188
GOOGL,2024-06-10,0.0043038787430478,0.0091993952534592,-0.012844442287045,0.0075251563088327,0.0038839829974253,0.0082973084064461,19661400.0,27459100.0,0.0117854052669081,0.0012621523677789,0.0389022113697634,0.0098355916403645,0.0109249423168088,0.005067838926201,0.0014067002286638,0.0127421464992352,175.49668884277344
GOOGL,2024-06-11,0.0091993952534592,0.0066244391637122,0.0043038787430478,-0.012844442287045,0.0035804201118596,0.0080576207786511,23726700.0,26879600.0,0.0174503195347595,0.0023962299687019,0.045422260988188,0.0095342199764667,0.0181163326240661,0.0068696953131831,0.0025465762832776,-0.0086626345026771,176.65925598144534
GOOGL,2024-06-12,0.0066244391637122,-0.0147926921614874,0.0091993952534592,0.0043038787430478,0.0093216694734676,-0.0028345307075031,21540600.0,22068500.0,0.0147313668722737,0.0119048180920162,0.0449339408234186,0.0088013623076756,0.0052928045923094,0.0063489685283481,0.0030361965201571,-0.0083806224482383,174.04598999023438
GOOGL,2024-06-13,-0.0147926921614874,0.0093057524987554,0.0066244391637122,0.0091993952534592,0.0075251563088327,-0.0215462637486153,27864700.0,23251000.0,-0.0077461075035566,0.0188892787518795,0.0165267572802521,0.0107804683834194,-0.0182249671949472,0.0013863153981668,0.0016770220387956,0.025519542834218,175.66561889648435
GOOGL,2024-06-14,0.0093057524987554,0.002545424411996,-0.0147926921614874,0.0066244391637122,-0.012844442287045,0.0022659595298395,20913300.0,19661400.0,0.0145184857756275,0.0260458318727956,0.0161494941902333,0.0104838209739263,0.0147674495881628,0.00617531238528,0.002069660969908,0.0137451528444665,176.11276245117188
GOOGL,2024-06-17,0.002545424411996,-0.0121305080366662,0.0093057524987554,-0.0147926921614874,0.0043038787430478,0.0038839829974253,18063600.0,23726700.0,0.0127421464992352,0.0246777231266073,0.0078575811559864,0.0094914707740503,-0.0044266840514994,0.0031049871116183,0.001734363721081,0.0383096947544934,173.97642517089844
GOOGL,2024-06-18,-0.0121305080366662,0.006910800029364,0.002545424411996,0.0093057524987554,0.0091993952534592,0.0035804201118596,19618500.0,21540600.0,-0.0086626345026771,0.0086365192919979,-0.0092078507570596,0.0102711368235882,-0.0140937102781451,-0.0033370214688238,0.0001236425488919,0.0502027808262945,175.17874145507812
GOOGL,2024-06-20,0.006910800029364,0.0188882658041269,-0.0121305080366662,0.002545424411996,0.0066244391637122,0.0093216694734676,21869900.0,27864700.0,-0.0083806224482383,0.0062272864001324,-0.0075775152720758,0.0098031702659051,0.000669554371642,-0.0042616715129573,0.00075562784282,0.0516732961607815,178.48756408691406
GOOGL,2024-06-21,0.0188882658041269,-0.0022824806381541,0.006910800029364,-0.0121305080366662,-0.0147926921614874,0.0075251563088327,20160100.0,20913300.0,0.025519542834218,0.0175757582084259,0.0195950231142911,0.0115681165056041,0.0176643756157629,0.0029161970491846,0.0017240575757624,0.0140287198112463,178.08016967773438
GOOGL,2024-06-24,-0.0022824806381541,0.0268385803650212,0.0188882658041269,0.006910800029364,0.0093057524987554,-0.012844442287045,57759000.0,18063600.0,0.0137451528444665,0.0284631974261502,0.0338559310022252,0.0107649744722449,-0.0143955821295339,-0.0029164092943546,0.0007442862264253,0.0210355676481761,182.85958862304688
GOOGL,2024-06-25,0.0268385803650212,-0.0008151779814994,-0.0022824806381541,0.0188882658041269,0.002545424411996,0.0043038787430478,18298000.0,19618500.0,0.0383096947544934,0.0515399889966314,0.0528671926835577,0.0137940574768253,0.0191085083883342,0.001790629193612,0.0019351425162199,0.0065749123447935,182.7105255126953
GOOGL,2024-06-26,-0.0008151779814994,0.0083206970501454,0.0268385803650212,-0.0022824806381541,-0.0121305080366662,0.0091993952534592,23130200.0,21869900.0,0.0502027808262945,0.0411052579823014,0.0435999856020516,0.0128932346071133,-0.0056320193781435,0.0034829673736123,0.0010581602618213,0.0105503395365187,184.23080444335932
GOOGL,2024-06-27,0.0083206970501454,-0.0175827725437414,-0.0008151779814994,0.0268385803650212,0.006910800029364,0.0066244391637122,19839000.0,20160100.0,0.0516732961607815,0.0428596193267636,0.0552746733903579,0.0117100900758233,0.0001962515282813,0.0033883068049402,0.0008033008571971,0.0279920488663423,180.99151611328125
GOOGL,2024-06-28,-0.0175827725437414,0.0046116582612931,0.0083206970501454,-0.0008151779814994,0.0188882658041269,-0.0147926921614874,18848900.0,57759000.0,0.0140287198112463,0.0399062691615967,0.0595493485556171,0.0143404486477472,-0.0193130164678867,-0.0040071716117897,0.0010769242435751,0.0377710669681472,181.82618713378903
GOOGL,2024-07-01,0.0046116582612931,0.0122957385352548,-0.0175827725437414,0.0083206970501454,-0.0022824806381541,0.0093057524987554,29156600.0,18298000.0,0.0210355676481761,0.0350698575851369,0.062029113072398,0.0130191556159402,-0.0130109562912665,-0.0037302464441362,0.0009115697266725,0.0327340323783813,184.06187438964844
GOOGL,2024-07-02,0.0122957385352548,0.0031310623452718,0.0046116582612931,-0.0175827725437414,0.0268385803650212,0.002545424411996,16006100.0,23130200.0,0.0065749123447935,0.0451364899842536,0.0709280789135993,0.0124484678875566,-0.0097272691433804,-0.0094974019504791,0.000116513320238,0.0320663428082601,184.63818359375003
GOOGL,2024-07-03,0.0031310623452718,0.025723923610101,0.0122957385352548,0.0046116582612931,-0.0008151779814994,-0.0121305080366662,17372500.0,19839000.0,0.0105503395365187,0.061282776746208,0.0704485659218419,0.0112680558477775,-0.0105276498720468,-0.0104765280492598,-0.000865221707822,-0.0013452394489855,189.38780212402344
GOOGL,2024-07-05,0.025723923610101,-0.0082372957363923,0.0031310623452718,0.0122957385352548,0.0083206970501454,0.006910800029364,10242100.0,18848900.0,0.0279920488663423,0.0811117864583415,0.0878441791831763,0.0134905918548284,0.0189605068863201,-0.006723676977652,-0.0003120182893302,-0.0290137087376857,187.8277587890625
GOOGL,2024-07-08,-0.0082372957363923,-0.0002644303414927,0.025723923610101,0.0031310623452718,-0.0175827725437414,0.0188882658041269,20967500.0,29156600.0,0.0377710669681472,0.0523296664948615,0.0708251582687287,0.0138618122045622,-0.0051351644188928,-0.0038881065678532,-0.0008981914330728,-0.0132253352700519,187.7780914306641
GOOGL,2024-07-09,-0.0002644303414927,0.0116412628568061,-0.0082372957363923,0.025723923610101,0.0046116582612931,-0.0022824806381541,21035900.0,16006100.0,0.0327340323783813,0.0544581789790503,0.0844714303049498,0.0127196142755987,-0.0063197514003885,-0.0025498655896776,-0.0007553022357221,-0.0267753921287803,189.9640655517578
GOOGL,2024-07-10,0.0116412628568061,-0.029343784100306,-0.0002644303414927,-0.0082372957363923,0.0122957385352548,0.0268385803650212,15121400.0,17372500.0,0.0320663428082601,0.0388520885462362,0.0923945137590367,0.0119131221017877,0.0021280337350918,-0.0001788050139832,-0.001195147664808,-0.0531434834452991,184.38980102539065
GOOGL,2024-07-11,-0.029343784100306,-0.0026945168762109,0.0116412628568061,-0.0002644303414927,0.0031310623452718,-0.0008151779814994,15952500.0,10242100.0,-0.0013452394489855,0.0091909073545883,0.0506739599547916,0.0177735328224376,-0.0108135646590332,-0.0002359879713805,-0.0026416425289629,-0.042463901120226,183.89295959472656
GOOGL,2024-07-12,-0.0026945168762109,0.0078889051246187,-0.029343784100306,0.0116412628568061,0.025723923610101,0.0083206970501454,25625800.0,20967500.0,-0.0290137087376857,-0.0018338130241224,0.0409472097745109,0.0160933307260994,-0.0075597669601517,-0.0055400427406749,-0.003284271106586,-0.0400388860939646,185.3436737060547
GOOGL,2024-07-15,0.0078889051246187,-0.0139924619750098,-0.0026945168762109,-0.029343784100306,-0.0082372957363923,-0.0175827725437414,22898400.0,21035900.0,-0.0132253352700519,0.0240461966739338,0.0649120598323134,0.0150211827081868,-0.0068991209811308,-0.0058928340531225,-0.0027179787958952,-0.0260547673797035,182.7502593994141
GOOGL,2024-07-16,-0.0139924619750098,-0.0157676713016861,0.0078889051246187,-0.0026945168762109,-0.0002644303414927,0.0046116582612931,16474000.0,15121400.0,-0.0267753921287803,0.0050821736967134,0.0403302623896171,0.0147986792625281,-0.0218864061137806,-0.0090061649958009,-0.0045506715809923,-0.0115809661091714,179.86871337890625
GOOGL,2024-07-17,-0.0157676713016861,-0.0183957652761193,-0.0139924619750098,0.0078889051246187,0.0116412628568061,0.0122957385352548,18290700.0,15952500.0,-0.0531434834452991,-0.0227812577952211,0.0213269661747299,0.0144793087579388,-0.0157246523021763,-0.0125767022032545,-0.0051155699935262,-0.0463483837122141,176.5598907470703
GOOGL,2024-07-18,-0.0183957652761193,-0.0001687836060215,-0.0157676713016861,-0.0139924619750098,-0.029343784100306,0.0031310623452718,20734100.0,25625800.0,-0.042463901120226,-0.0437520164542668,0.014849515235378,0.0142379909632046,-0.0087910091733289,-0.0121721911061137,-0.0048504349382854,-0.0585851958369476,176.53009033203125
GOOGL,2024-07-19,-0.0001687836060215,0.0225712062052318,-0.0183957652761193,-0.0157676713016861,-0.0026945168762109,0.025723923610101,25315700.0,22898400.0,-0.0400388860939646,-0.0678909182523387,0.0077141145422583,0.0131883962969487,0.0109499295173213,-0.008470251810619,-0.0043364161810014,-0.0600021125282607,180.51458740234375
GOOGL,2024-07-22,0.0225712062052318,0.0006605972306141,-0.0001687836060215,-0.0183957652761193,0.0078889051246187,-0.0082372957363923,18881900.0,16474000.0,-0.0260547673797035,-0.0389355196157757,0.011356664122788,0.0166182372306073,0.0111352951751848,-0.0048633685793559,-0.0046628702030303,-0.0668245450374313,180.6338348388672
GOOGL,2024-07-23,0.0006605972306141,-0.0503878224895567,0.0225712062052318,-0.0001687836060215,-0.0139924619750098,-0.0002644303414927,24100300.0,18290700.0,-0.0115809661091714,-0.0380462733291485,0.014339974887457,0.0150421193437844,0.0084631136725773,0.0012065353779156,-0.0035199354129248,-0.0632599086046407,171.53208923339844
GOOGL,2024-07-24,-0.0503878224895567,-0.0309912523449883,0.0006605972306141,0.0225712062052318,-0.0157676713016861,0.0116412628568061,36352700.0,20734100.0,-0.0463483837122141,-0.0970287525949868,-0.0619464337361019,0.0244359146612843,-0.0200623197176311,0.0003390018948247,-0.005478476818223,-0.0063141777802961,166.21609497070312
GOOGL,2024-07-25,-0.0309912523449883,-0.0016736224217483,-0.0503878224895567,0.0006605972306141,-0.0183957652761193,-0.029343784100306,49585200.0,25315700.0,-0.0585851958369476,-0.0985613409940444,-0.0902763017932762,0.0237614631592658,-0.034356897069009,-0.0047741756843113,-0.0069147207027663,0.0208035554125909,165.9379119873047
GOOGL,2024-07-26,-0.0016736224217483,0.0151494628873607,-0.0309912523449883,-0.0503878224895567,-0.0001687836060215,-0.0026945168762109,44852000.0,18881900.0,-0.0600021125282607,-0.0976385808733091,-0.0992933429961692,0.0220189886482727,-0.0109692699651109,-0.0091580155807977,-0.0074729967774359,-0.0020361553436732,168.4517822265625
GOOGL,2024-07-29,0.0151494628873607,0.0044830201230907,-0.0016736224217483,-0.0309912523449883,0.0225712062052318,0.0078889051246187,41336900.0,24100300.0,-0.0668245450374313,-0.09113821444093,-0.0692835451959539,0.0226345520610339,0.0046590418944153,-0.0104532662369516,-0.0062743938593208,-0.0606381213327661,169.2069549560547
GOOGL,2024-07-30,0.0044830201230907,0.0073404203226812,0.0151494628873607,-0.0016736224217483,0.0006605972306141,-0.0139924619750098,20293800.0,36352700.0,-0.0632599086046407,-0.0741082638561925,-0.069402721228758,0.0209542681478635,-0.0002892233721016,-0.0122037336458875,-0.0056383072133626,-0.0704679990264355,170.44900512695312
GOOGL,2024-07-31,0.0073404203226812,-0.0045469576867595,0.0044830201230907,0.0151494628873607,-0.0503878224895567,-0.0157676713016861,18959700.0,49585200.0,-0.0063141777802961,-0.052369909557922,-0.0739581149427917,0.0195552186399118,0.004308715935708,-0.0073295265152196,-0.0049365079594081,-0.0734521839845608,169.67398071289062
GOOGL,2024-08-01,-0.0045469576867595,-0.024010423252169,0.0073404203226812,0.0044830201230907,-0.0309912523449883,-0.0183957652761193,25729100.0,44852000.0,0.0208035554125909,-0.0390004207923081,-0.0810460901943465,0.0177110180058827,0.0160648896332698,0.0027548308252361,-0.0036068809841423,-0.0511245122868725,165.60003662109375
GOOGL,2024-08-02,-0.024010423252169,-0.0444616689352131,-0.0045469576867595,0.0073404203226812,-0.0016736224217483,-0.0001687836060215,24531400.0,41336900.0,-0.0020361553436732,-0.0619160942498778,-0.1256034720089941,0.0182043034959345,-0.0006950915163601,0.0048096665149862,-0.0045896609042763,-0.0179405909867753,158.2371826171875
GOOGL,2024-08-05,-0.0444616689352131,-0.0060283125777707,-0.024010423252169,-0.0045469576867595,0.0151494628873607,0.0225712062052318,29130100.0,20293800.0,-0.0606381213327661,-0.1234105515002108,-0.1575410171672564,0.0225376630855151,-0.0147001709626576,0.0009378239435717,-0.0050679112314646,0.0190894475649145,157.2832794189453
GOOGL,2024-08-06,-0.0060283125777707,0.00410643792413,-0.0444616689352131,-0.024010423252169,0.0044830201230907,0.0006605972306141,53630700.0,18959700.0,-0.0704679990264355,-0.1292701084531119,-0.1623981359027647,0.020610743142449,-0.0082874298815911,-0.0006618173583261,-0.0051662951555247,0.0370838663886483,157.9291534423828
GOOGL,2024-08-07,0.00410643792413,0.0194411715118147,-0.0060283125777707,-0.0444616689352131,0.0073404203226812,-0.0503878224895567,49004600.0,25729100.0,-0.0734521839845608,-0.0793025716168275,-0.1686366946102589,0.0197780456276762,0.0126199982863708,0.0010004391118063,-0.0046416969279607,0.0089970623316131,160.9994812011719
GOOGL,2024-08-08,0.0194411715118147,0.0101217276189331,0.00410643792413,-0.0060283125777707,-0.0045469576867595,-0.0309912523449883,25138600.0,24531400.0,-0.0511245122868725,-0.0313845284985832,-0.1268525682773414,0.0213418565224659,0.001319062162829,-0.0019487263822818,-0.0040350655868676,-0.004505243069502,162.6290740966797
GOOGL,2024-08-09,0.0101217276189331,-0.0084316478263067,0.0194411715118147,0.00410643792413,-0.024010423252169,-0.0016736224217483,25578800.0,29130100.0,-0.0179405909867753,-0.0199402165002422,-0.1156318629321612,0.0201375963840927,0.0050569496399754,-0.0007983181510146,-0.0034042297568613,-0.0043380319061847,161.25784301757812
GOOGL,2024-08-12,-0.0084316478263067,0.011522593169656,0.0101217276189331,0.0194411715118147,-0.0444616689352131,0.0151494628873607,28602300.0,53630700.0,0.0190894475649145,-0.0427062220054682,-0.129952267627302,0.0184371851809532,-0.0041662352040999,0.0013084690006968,-0.0032675854680097,0.0269887172775216,163.11595153808594
GOOGL,2024-08-13,0.011522593169656,-0.023087255554671,-0.0084316478263067,0.0101217276189331,-0.0060283125777707,0.0044830201230907,15895300.0,49004600.0,0.0370838663886483,-0.0359973584983588,-0.1074379206128289,0.0176497835568383,-0.0038468081639372,0.0021965933442276,-0.0023656055705176,0.0183965020659091,159.3500518798828
GOOGL,2024-08-14,-0.023087255554671,0.0057991040072622,0.011522593169656,-0.0084316478263067,0.00410643792413,0.0073404203226812,18551700.0,25138600.0,0.0089970623316131,-0.0651159755306499,-0.114075767339256,0.0184978100355478,-0.0165325797135205,-0.0036339222557506,-0.0024060019410848,0.0341711540514777,160.27413940429688
GOOGL,2024-08-15,0.0057991040072622,0.0102913956437935,-0.023087255554671,0.011522593169656,0.0194411715118147,-0.0045469576867595,40591100.0,25578800.0,-0.004505243069502,-0.0553994270017124,-0.0922392468293009,0.0172268234170325,-0.0093394889485313,-0.0057656324780227,-0.0024334259298449,0.0154989762680404,161.92358398437503
GOOGL,2024-08-16,0.0102913956437935,0.0227663029465998,0.0057991040072622,-0.023087255554671,0.0101217276189331,-0.024010423252169,31524300.0,28602300.0,-0.0043380319061847,-0.0222007960368436,-0.082742303706882,0.0164208804149521,0.0078954717240838,-0.005197928061201,-0.0025861488195068,0.0163230185498741,165.6099853515625
GOOGL,2024-08-19,0.0227663029465998,0.0030597739918933,0.0102913956437935,0.0057991040072622,-0.0084316478263067,-0.0444616689352131,24208600.0,15895300.0,0.0269887172775216,0.0465933645457496,-0.0825672997693023,0.017530077361829,0.0065791024488982,-0.0030488605306014,-0.0028139584558211,-0.0030599582656741,166.11671447753906
GOOGL,2024-08-20,0.0030597739918933,-0.0079551743538516,0.0227663029465998,0.0102913956437935,0.011522593169656,-0.0060283125777707,22416200.0,18551700.0,0.0183965020659091,0.0561625818791882,-0.0803676696244531,0.0158614506110965,0.0107363515717842,-0.0001322285834571,-0.0027002965608608,-0.0149538539262626,164.79522705078125
GOOGL,2024-08-21,-0.0079551743538516,-0.0123608104429435,0.0030597739918933,0.0227663029465998,-0.023087255554671,0.00410643792413,18341500.0,40591100.0,0.0341711540514777,0.043475656386035,-0.0392746465849346,0.0151291051528271,-0.008027063662495,0.0015688746267479,-0.0020985337581039,-0.0180888553910085,162.7582244873047
GOOGL,2024-08-22,-0.0123608104429435,0.0111112121541387,-0.0079551743538516,0.0030597739918933,0.0057991040072622,0.0194411715118147,22902000.0,31524300.0,0.0154989762680404,0.0109239065431225,-0.0208034636116791,0.0148317453361082,-0.0003083507852653,0.0033751022594012,-0.0003961064439168,-0.0123320410971785,164.5666656494141
GOOGL,2024-08-23,0.0111112121541387,0.0032604419399053,-0.0123608104429435,-0.0079551743538516,0.0102913956437935,0.0101217276189331,22493300.0,24208600.0,0.0163230185498741,0.0119141768684147,-0.0082636108980058,0.0142701848206213,-0.0054388573235528,0.0007082364498738,-0.0001195858118389,-0.013524936993749,165.10322570800778
GOOGL,2024-08-26,0.0032604419399053,-0.0089071325358438,0.0111112121541387,-0.0123608104429435,0.0227663029465998,-0.0084316478263067,13955700.0,22416200.0,-0.0030599582656741,0.023846174663334,-0.0198784273712876,0.0129318658330468,0.0038550450587675,0.0001634249718477,-0.0001597856536212,-0.0529610113671599,163.63262939453125
GOOGL,2024-08-27,-0.0089071325358438,-0.0111124497707348,0.0032604419399053,0.0111112121541387,0.0030597739918933,0.011522593169656,14190400.0,18341500.0,-0.0149538539262626,0.0031675495349985,-0.0329438323795329,0.0124635032226174,-0.001701456790103,-0.0023241367005297,-0.0002303973245213,-0.0499756243759225,161.81427001953125
GOOGL,2024-08-28,-0.0111124497707348,-0.0065704133843046,-0.0089071325358438,0.0032604419399053,-0.0079551743538516,-0.023087255554671,11821900.0,22902000.0,-0.0180888553910085,0.0154641815962881,-0.0506587592047873,0.0121080128435941,-0.0041333086518945,-0.0015453856984096,-0.0006524985539014,-0.0344487234857129,160.75108337402344
GOOGL,2024-08-29,-0.0065704133843046,0.0098900017209329,-0.0111124497707348,-0.0089071325358438,-0.0123608104429435,0.0057991040072622,16407400.0,22493300.0,-0.0123320410971785,0.0029758011585603,-0.0525884835222074,0.0110937654811531,-0.0091577506965753,-0.0033152656806716,-0.0019136305703937,-0.067128157681887,162.34091186523435
GOOGL,2024-08-30,0.0098900017209329,-0.0368466574566784,-0.0065704133843046,-0.0111124497707348,0.0111112121541387,0.0102913956437935,19699800.0,13955700.0,-0.013524936993749,0.0025773137586904,-0.0196807006952329,0.0113233370167351,-0.0037086181661926,-0.0029692178491995,-0.0020643069028853,-0.0885829106658092,156.35919189453125
GOOGL,2024-09-03,-0.0368466574566784,-0.0057828728283242,0.0098900017209329,-0.0065704133843046,0.0032604419399053,0.0227663029465998,22123800.0,14190400.0,-0.0529610113671599,-0.0558589111483426,-0.0118682012128561,0.017923554161423,-0.0131116350336071,-0.0063625538676745,-0.0019848801064328,-0.0540336265008554,155.45498657226562
GOOGL,2024-09-04,-0.0057828728283242,0.0050496186750201,-0.0368466574566784,0.0098900017209329,-0.0089071325358438,0.0030597739918933,38945300.0,11821900.0,-0.0499756243759225,-0.0641821501153938,-0.0116242034972439,0.0162233708808696,-0.010306072147125,-0.0080834769390789,-0.0020858122197095,-0.0325305573338091,156.23997497558594
GOOGL,2024-09-05,0.0050496186750201,-0.0401933991272682,-0.0057828728283242,-0.0368466574566784,-0.0111124497707348,-0.0079551743538516,19353800.0,16407400.0,-0.0344487234857129,-0.0519144408991835,-0.0106957989071545,0.0154681029088769,-0.0035030765208131,-0.0079574305128626,-0.0028919659600687,-0.0149117965869489,149.9601593017578
GOOGL,2024-09-06,-0.0401933991272682,-0.0133360616513033,0.0050496186750201,-0.0057828728283242,-0.0065704133843046,-0.0123608104429435,18688700.0,19699800.0,-0.067128157681887,-0.0786323715797546,-0.0685674377150334,0.0200724346487736,-0.0099257822329333,-0.0081110368201342,-0.0034542081798568,0.0447186035434825,147.9602813720703
GOOGL,2024-09-09,-0.0133360616513033,-0.0003361959836954,-0.0401933991272682,0.0050496186750201,0.0098900017209329,0.0111112121541387,37912100.0,22123800.0,-0.0885829106658092,-0.1009097693740802,-0.0901978493457392,0.0181763951344958,-0.0301821178861422,-0.0134057367641241,-0.0052161615561627,0.0628740115863861,147.91053771972656
GOOGL,2024-09-10,-0.0003361959836954,0.016816999906638,-0.0133360616513033,-0.0401933991272682,-0.0368466574566784,0.0032604419399053,39260500.0,38945300.0,-0.0540336265008554,-0.1041329623606946,-0.082769960506024,0.0170683432534392,0.0059957802029978,-0.0095842537168031,-0.0047080607858078,0.0717072790792558,150.39794921875
GOOGL,2024-09-11,0.016816999906638,0.0233527587942146,-0.0003361959836954,-0.0133360616513033,-0.0057828728283242,-0.0089071325358438,31118800.0,19353800.0,-0.0325305573338091,-0.0808804467956778,-0.0779690900823173,0.0187983159494575,0.0126187198961496,-0.0049992953081482,-0.0038847843828035,0.0572239785400061,153.91015625
GOOGL,2024-09-12,0.0233527587942146,0.0179066283216162,0.016816999906638,-0.0003361959836954,0.0050496186750201,-0.0111124497707348,29607700.0,18688700.0,-0.0149117965869489,-0.0488468277153628,-0.0341380223332677,0.0204893469509106,0.0184364698756043,-0.0006113860288647,-0.0021363319033472,0.0481606589934264,156.66616821289062
GOOGL,2024-09-13,0.0179066283216162,0.0038104564074163,0.0233527587942146,0.016816999906638,-0.0401933991272682,-0.0065704133843046,29621500.0,37912100.0,0.0447186035434825,-0.0254114316083851,-0.0225112498174456,0.0198607954892396,0.0155041411744953,0.0044745986526209,-0.0008941503971959,0.0389305866386735,157.2631378173828
GOOGL,2024-09-16,0.0038104564074163,0.007971748031829,0.0179066283216162,0.0233527587942146,-0.0133360616513033,0.0098900017209329,29591200.0,39260500.0,0.0628740115863861,-0.0312784620309809,-0.0287817626828338,0.0179651035682126,-0.0056417911261746,0.0093826640046145,-0.0015710135397088,0.0239784087494396,158.5167999267578
GOOGL,2024-09-17,0.007971748031829,0.0030754993210317,0.0038104564074163,0.0179066283216162,-0.0003361959836954,-0.0368466574566784,18379800.0,31118800.0,0.0717072790792558,0.0137990482432392,-0.042830662714854,0.0163474621145767,0.0030664462117103,0.008796797206357,-0.0017466463515682,0.0186416650551177,159.0043182373047
GOOGL,2024-09-18,0.0030754993210317,0.014579808832718,0.007971748031829,0.0038104564074163,0.016816999906638,-0.0057828728283242,20715600.0,29607700.0,0.0572239785400061,0.0228318932914326,-0.0428156568266105,0.0147964252065892,0.0045281434405274,0.0071786819152325,-0.002057056758131,0.0105125403207348,161.32257080078125
GOOGL,2024-09-19,0.014579808832718,0.008942972083255,0.0030754993210317,0.007971748031829,0.0233527587942146,0.0050496186750201,23677300.0,29621500.0,0.0481606589934264,0.0325307004560742,-0.0210725535693452,0.0140398483295615,-0.0077709732449255,0.0019371932911265,-0.0020442522372526,0.0036388964662448,162.76527404785156
GOOGL,2024-09-20,0.008942972083255,-0.0106362763236285,0.014579808832718,0.0030754993210317,0.0179066283216162,-0.0401933991272682,26587700.0,29591200.0,0.0389305866386735,0.0853901116517661,4.331308337301998e-05,0.0127540874461793,0.0141007683953063,0.0016565187352887,-0.001323796278224,0.0022006218251924,161.0340576171875
GOOGL,2024-09-23,-0.0106362763236285,0.0027184274301446,0.008942972083255,0.014579808832718,0.0038104564074163,-0.0133360616513033,40896400.0,18379800.0,0.0239784087494396,0.0883600390853613,-0.0214661214547075,0.0134919557304566,-0.0215826970349606,-0.0015316624464684,-0.0021309882637944,0.0247142945941869,161.47181701660156
GOOGL,2024-09-24,0.0027184274301446,-0.0049294018446228,-0.0106362763236285,0.008942972083255,0.007971748031829,-0.0003361959836954,24150900.0,20715600.0,0.0186416650551177,0.0916856872129832,-0.0219947773632754,0.0122074839887687,-0.002151378623842,-0.0025752274135788,-0.0024313094479249,0.028960566580708,160.6758575439453
GOOGL,2024-09-25,-0.0049294018446228,0.0076784988641558,0.0027184274301446,-0.0106362763236285,0.0030754993210317,0.016816999906638,23332100.0,23677300.0,0.0105125403207348,0.0683380882424558,-0.0180695736634343,0.011539119660459,0.0029769445232361,-0.0028854671970371,-0.0021973893822579,0.027060452592214,161.90960693359375
GOOGL,2024-09-26,0.0076784988641558,0.0074970963842113,-0.0049294018446228,0.0027184274301446,0.014579808832718,0.0233527587942146,18869200.0,26587700.0,0.0036388964662448,0.0519748071114947,0.0005891749476174,0.0107065021503536,0.011868128368192,0.0010423531255863,-0.0013973175312536,0.0192342634579434,163.1234588623047
GOOGL,2024-09-27,0.0074970963842113,0.0115890253168737,0.0076784988641558,-0.0049294018446228,0.008942972083255,0.0179066283216162,20319300.0,40896400.0,0.0022006218251924,0.0412168799624905,0.0147580684278274,0.0098647000681196,-0.0057809079326686,-0.0029339821400086,-0.0012284753930582,0.0189690639101651,165.01390075683597
GOOGL,2024-09-30,0.0115890253168737,0.0068735516352298,0.0074970963842113,0.0076784988641558,-0.0106362763236285,0.0038104564074163,21101300.0,24150900.0,0.0247142945941869,0.0492853128013601,0.0164652819852368,0.009479304187685,0.0066444960267865,0.0027114564723408,-0.0007108196834093,-0.0173050606550499,166.14813232421875
GOOGL,2024-10-01,0.0068735516352298,-0.0067669334512784,0.0115890253168737,0.0074970963842113,0.0027184274301446,0.007971748031829,20413900.0,23332100.0,0.028960566580708,0.0481421048178298,0.0626054682879815,0.0086029461049204,0.0091238692294045,0.0049665060429901,0.0004009555297412,-0.0156297124611202,165.02381896972656
GOOGL,2024-10-02,-0.0067669334512784,0.0,0.0068735516352298,0.0115890253168737,-0.0049294018446228,0.0030754993210317,28338100.0,18869200.0,0.027060452592214,0.0378574670119218,0.0615537179504546,0.0092345787453862,-0.0009118207687246,0.0041887529845979,0.0008706680986612,-0.0241167800169412,165.02381896972656
GOOGL,2024-10-03,0.0,0.007234950787337,-0.0067669334512784,0.0068735516352298,0.0076784988641558,0.014579808832718,17760200.0,20319300.0,0.0192342634579434,0.0229431514175162,0.0562202086598719,0.0084561861365781,0.0088447346946852,0.0035840742498966,0.0014880586594361,-0.0227902891548507,166.21775817871097
GOOGL,2024-10-04,0.007234950787337,-0.0244223783780905,0.0,-0.0067669334512784,0.0074970963842113,0.008942972083255,15073100.0,21101300.0,0.0189690639101651,0.0212114294714016,0.1084127874540246,0.0078727176620028,-0.0145040537531006,0.0018394450858102,0.0012591450834278,-0.0228659094942031,162.1583251953125
GOOGL,2024-10-07,-0.0244223783780905,0.0085901207542,0.007234950787337,0.0,0.0115890253168737,-0.0106362763236285,19047400.0,20413900.0,-0.0173050606550499,0.0069815515721378,0.0959584808272895,0.0133952518556159,-0.0170695064273874,-0.0029033554050245,0.0019147756563655,0.0121489106075649,163.5512847900391
GOOGL,2024-10-08,0.0085901207542,-0.0153304143295464,-0.0244223783780905,0.007234950787337,0.0068735516352298,0.0027184274301446,22463100.0,28338100.0,-0.0156297124611202,0.0128782087912202,0.1057446434272986,0.0128038212208072,0.0094442188347191,-0.0028392854839616,0.0020871975879516,0.0065701375855216,161.04397583007812
GOOGL,2024-10-09,-0.0153304143295464,0.0013592721290089,0.0085901207542,-0.0244223783780905,-0.0067669334512784,-0.0049294018446228,23072700.0,17760200.0,-0.0241167800169412,0.0022910615929474,0.0707857166047107,0.013202718920456,-0.0189805382533897,-0.0064530289808946,0.0005072346804746,0.0203880396938538,161.26287841796875
GOOGL,2024-10-10,0.0013592721290089,0.0071570069765654,-0.0153304143295464,0.0085901207542,0.0,0.0076784988641558,31181800.0,15073100.0,-0.0227902891548507,-0.0039943801227944,0.0477728198522879,0.0120488814877718,0.0074336352037302,-0.0067352488790856,-4.2907053119038696e-05,0.0052442517044006,162.41703796386716
GOOGL,2024-10-11,0.0071570069765654,0.0105366669037292,0.0013592721290089,-0.0153304143295464,0.007234950787337,0.0074970963842113,14144100.0,19047400.0,-0.0228659094942031,-0.0043305904825976,0.0367077960518049,0.0114984812855719,0.0148743701028979,-0.0008595641078859,-7.439560669890628e-05,0.0011026700737295,164.1283721923828
GOOGL,2024-10-14,0.0105366669037292,0.0030309631075395,0.0071570069765654,0.0013592721290089,-0.0244223783780905,0.0115890253168737,15344300.0,22463100.0,0.0121489106075649,-0.0053663876824415,0.0436544410233761,0.0112826832549457,0.007697443711298,0.0040938259198511,0.0005925661351747,-0.0053951552376152,164.62583923339844
GOOGL,2024-10-15,0.0030309631075395,-0.0018131566285741,0.0105366669037292,0.0071570069765654,0.0085901207542,0.0068735516352298,19016100.0,23072700.0,0.0065701375855216,-0.0091622642368903,0.0385387498956784,0.0102191373368887,0.0047652032379545,0.0031580228004982,0.0006775039864869,-0.0019340213787868,164.3273468017578
GOOGL,2024-10-16,-0.0018131566285741,-0.0135021060217429,0.0030309631075395,0.0105366669037292,-0.0153304143295464,-0.0067669334512784,20247200.0,31181800.0,0.0203880396938538,-0.0042204341913606,0.0334772578723856,0.0093707548607324,-0.0062554504228834,0.0057030403665994,0.0001383242933163,-0.014410238234279,162.10858154296875
GOOGL,2024-10-17,-0.0135021060217429,0.0030075448411457,-0.0018131566285741,0.0030309631075395,0.0013592721290089,0.0,16406000.0,14144100.0,0.0052442517044006,-0.0176655554631941,0.0048722924404556,0.0103913361065033,-0.0078914494363822,0.0026380234385769,0.0001323004837435,-0.001288786428548,162.59613037109375
GOOGL,2024-10-18,0.0030075448411457,0.0039776086487297,-0.0135021060217429,-0.0018131566285741,0.0071570069765654,0.007234950787337,21453400.0,15344300.0,0.0011026700737295,-0.0217884529745814,-0.0010391877367409,0.0095689685184022,0.0026380875005106,0.0001907669180995,-0.0004408335609962,0.0113205829634286,163.2428741455078
GOOGL,2024-10-21,0.0039776086487297,0.0065214190872648,0.0030075448411457,-0.0135021060217429,0.0105366669037292,-0.0244223783780905,19757700.0,19016100.0,-0.0053951552376152,0.0066882101112539,0.0137164557672089,0.0088534954592072,0.0088300641260315,0.0004172910010462,0.0010798044970533,0.0161515607408102,164.3074493408203
GOOGL,2024-10-22,0.0065214190872648,-0.0142908843409296,0.0039776086487297,0.0030075448411457,0.0030309631075395,0.0085901207542,20946500.0,20247200.0,-0.0019340213787868,0.0046234094201826,0.0175611594432432,0.0084068270980095,0.0046064159155313,0.0003855335365615,0.001417694224022,0.0274916923235797,161.9593505859375
GOOGL,2024-10-23,-0.0142908843409296,-0.0003685639797673,0.0065214190872648,0.0039776086487297,-0.0018131566285741,-0.0153304143295464,16568100.0,16406000.0,-0.014410238234279,0.0056840049504565,0.0079880889488399,0.0099189297943528,-0.0062614466956007,0.0003843342820181,0.0009557746630802,0.0717533394986775,161.899658203125
GOOGL,2024-10-24,-0.0003685639797673,0.0156711581699819,-0.0142908843409296,0.0065214190872648,-0.0135021060217429,0.0013592721290089,18280500.0,21453400.0,-0.001288786428548,0.0039487065554282,-6.144620234194154e-05,0.0089832611039729,-0.0428830151786971,-0.0066139788664448,-0.0017817825142642,0.0515609613943339,164.4368133544922
GOOGL,2024-10-25,0.0156711581699819,0.0087735097685888,-0.0003685639797673,-0.0142908843409296,0.0030075448411457,0.0071570069765654,22412500.0,19757700.0,0.0113205829634286,0.0124357359052091,0.0080512913430563,0.0106528083667281,0.0097168799721657,-0.0051982203721138,-0.0010068931190225,0.0364250796476157,165.87950134277344
GOOGL,2024-10-28,0.0087735097685888,0.0177540794248667,0.0156711581699819,-0.0003685639797673,0.0039776086487297,0.0105366669037292,19828900.0,20946500.0,0.0161515607408102,0.0106692653256685,0.0052456222292025,0.0100433807713709,0.0072172237321443,-0.0055207884508912,-0.0009782567337546,0.0151150589559694,168.8245391845703
GOOGL,2024-10-29,0.0177540794248667,0.0281708790198196,0.0087735097685888,0.0156711581699819,0.0065214190872648,0.0030309631075395,32138600.0,16568100.0,0.0274916923235797,0.0255045014240999,0.0161085582059319,0.0108696507452395,0.0242842801760391,-0.0015852155987897,-0.0002202361864229,0.0003538476069191,173.58047485351565
GOOGL,2024-10-30,0.0281708790198196,-0.0192021287350219,0.0177540794248667,0.0087735097685888,-0.0142908843409296,-0.0018131566285741,42169000.0,18280500.0,0.0717533394986775,0.0563091185481174,0.0518510354275509,0.0134092438211851,0.0232844905554444,0.0043239718514193,0.0009895793797855,0.0117504133786108,170.2473602294922
GOOGL,2024-10-31,-0.0192021287350219,0.0010518644647183,0.0281708790198196,0.0177540794248667,-0.0003685639797673,-0.0135021060217429,68890800.0,22412500.0,0.0515609613943339,0.050205723898498,0.0316532564352052,0.0169217502697543,-0.0057745979036524,0.0117456553064282,0.0002586127498686,0.0563380256443051,170.4264373779297
GOOGL,2024-11-01,0.0010518644647183,-0.0119679647368934,-0.0192021287350219,0.0281708790198196,0.0156711581699819,0.0030075448411457,44769000.0,19828900.0,0.0364250796476157,0.0481580157471448,0.0253202741111076,0.0153720063124993,0.0052368410505717,0.0108496475221094,0.0012456574900522,0.0412167820284361,168.38677978515625
GOOGL,2024-11-04,-0.0119679647368934,0.0029544929787748,0.0010518644647183,-0.0192021287350219,0.0087735097685888,0.0039776086487297,31796500.0,32138600.0,0.0151150589559694,0.031510751489608,0.0384097121275879,0.0153297634249628,-0.0058257867307707,0.0082410454295264,0.0018078434748831,0.0656464888074701,168.88427734375
GOOGL,2024-11-05,0.0029544929787748,0.0398843512829778,-0.0119679647368934,0.0010518644647183,0.0177540794248667,0.0065214190872648,21492700.0,42169000.0,0.0003538476069191,0.0278552678000376,0.0326074635277688,0.0138885243304911,-0.008522620609108,0.0016796652724969,0.0009095015026917,0.0699892482833395,175.62011718749997
GOOGL,2024-11-06,0.0398843512829778,0.0240214119887673,0.0029544929787748,-0.0119679647368934,0.0281708790198196,-0.0142908843409296,18242100.0,68890800.0,0.0117504133786108,0.0843468842776937,0.0905103173359402,0.0200737614228225,-0.0196117790500942,-0.0068995886486107,0.0008779394628565,0.0134270650874412,179.83876037597653
GOOGL,2024-11-07,0.0240214119887673,-0.0132779700647713,0.0398843512829778,0.0029544929787748,-0.0192021287350219,-0.0003685639797673,33695500.0,44769000.0,0.0563380256443051,0.110803829803918,0.1151900681684594,0.0192393476967718,0.0210751460400465,-0.0015296398598709,0.0015600150046723,-0.0286030450080532,177.45086669921875
GOOGL,2024-11-08,-0.0132779700647713,0.0112138868490432,0.0240214119887673,0.0398843512829778,0.0010518644647183,0.0156711581699819,25352900.0,31796500.0,0.0412167820284361,0.0791431862442562,0.0925631259122958,0.0200512583443679,-0.0250724498283812,-0.0075914980356615,-0.0004373259918916,-0.0328567546790811,179.44078063964844
GOOGL,2024-11-11,0.0112138868490432,0.0070417678621403,-0.0132779700647713,0.0240214119887673,-0.0119679647368934,0.0087735097685888,22006200.0,21492700.0,0.0656464888074701,0.0817537983120166,0.0932953166032575,0.0182269675581043,-0.0062479288461592,-0.0076759264587392,-0.0011345946197644,-0.02800108266862,180.7043609619141
GOOGL,2024-11-12,0.0070417678621403,-0.0150864152683511,0.0112138868490432,-0.0132779700647713,0.0029544929787748,0.0177540794248667,17450400.0,18242100.0,0.0699892482833395,0.0703678614182738,0.0976670600641271,0.0164883364887017,0.0182795103942188,-0.0023155002580738,-0.0004588792619512,-0.0192710392892938,177.97817993164062
GOOGL,2024-11-13,-0.0150864152683511,-0.0184480800632511,0.0070417678621403,0.0112138868490432,0.0398843512829778,0.0281708790198196,25134900.0,33695500.0,0.0134270650874412,0.025335252031291,0.083070976289485,0.017509758243688,-0.0203789814910778,-0.0024689407462705,-0.0011650558153609,-0.0162119647345013,174.69482421875
GOOGL,2024-11-14,-0.0184480800632511,-0.0175987876458668,-0.0150864152683511,0.0070417678621403,0.0240214119887673,-0.0192021287350219,23184000.0,25352900.0,-0.0286030450080532,0.0261235415530829,0.0776408167660458,0.0181540100849268,0.0013025588546802,-0.0064234581833438,-0.0007053554008078,-0.0452783697854797,171.6204071044922
GOOGL,2024-11-15,-0.0175987876458668,0.0162908214093764,-0.0184480800632511,-0.0150864152683511,-0.0132779700647713,0.0010518644647183,31007500.0,22006200.0,-0.0328567546790811,0.0070057776535856,0.0555011777512928,0.0178171234965041,-0.0116039692049659,-0.0037297620586607,-0.0014174582360816,-0.0448143401336229,174.41624450683594
GOOGL,2024-11-18,0.0162908214093764,0.0160865498690656,-0.0175987876458668,-0.0184480800632511,0.0112138868490432,-0.0119679647368934,32504600.0,17450400.0,-0.02800108266862,0.0358072333788475,0.0684462977009867,0.018046754460722,-0.0001364766399378,-0.0025074716174165,-0.0018657852743801,-0.0436395716283994,177.2220001220703
GOOGL,2024-11-19,0.0160865498690656,-0.0120142880992517,0.0162908214093764,-0.0175987876458668,0.0070417678621403,0.0029544929787748,20135300.0,25134900.0,-0.0192710392892938,0.0493694434405493,0.0785999103087624,0.0175932899350479,0.0110282120386679,-0.0039577312885266,-0.0015446954682233,-0.0505277017252947,175.09280395507812
GOOGL,2024-11-20,-0.0120142880992517,-0.0474484182059562,0.0160865498690656,0.0162908214093764,-0.0150864152683511,0.0398843512829778,23434900.0,23184000.0,-0.0162119647345013,-0.0030025787527455,0.0810910473623556,0.0170271183871076,-0.0069903763153165,-0.0012800102533744,-0.0015811419492091,-0.0383566471533215,166.78492736816406
GOOGL,2024-11-21,-0.0474484182059562,-0.0171213047041114,-0.0120142880992517,0.0160865498690656,-0.0184480800632511,0.0240214119887673,18997100.0,31007500.0,-0.0452783697854797,-0.0725863155446676,0.0301746725055456,0.0247397937258371,-0.0440669587706436,-0.0103539137784392,-0.0016403391288064,0.007874264998307,163.92935180664062
GOOGL,2024-11-22,-0.0171213047041114,0.0175407422355606,-0.0474484182059562,-0.0120142880992517,-0.0175987876458668,-0.0132779700647713,59734400.0,32504600.0,-0.0448143401336229,-0.0761986410328288,-0.003086058027393,0.0226517535430316,-0.0283108679281801,-0.013695293523082,-0.0035417265238237,0.0408475107309,166.80479431152344
GOOGL,2024-11-25,0.0175407422355606,0.0087682458724012,-0.0171213047041114,-0.0474484182059562,0.0162908214093764,0.0112138868490432,38604600.0,20135300.0,-0.0436395716283994,-0.0704186990442294,0.0055781031487307,0.0233599249197347,0.0194915218929062,-0.0097696938165132,-0.0029280116157856,0.0220101705870778,168.2673797607422
GOOGL,2024-11-26,0.0087682458724012,0.0006504605592654,0.0175407422355606,-0.0171213047041114,0.0160865498690656,0.0070417678621403,33135300.0,23434900.0,-0.0505277017252947,-0.0688250196894427,-0.0033002277187855,0.0218626668936564,0.0138740389758212,-0.0092005284290825,-0.0034485236757965,0.0310431916511804,168.3768310546875
GOOGL,2024-11-27,0.0006504605592654,-0.0016545920775326,0.0087682458724012,0.0175407422355606,-0.0120142880992517,-0.0150864152683511,20486700.0,18997100.0,-0.0383566471533215,-0.0539467752768395,-0.0299782783934625,0.0198176934875766,0.0038819085091108,-0.0070260714641971,-0.0044186527781132,0.0201501729446555,168.09823608398438
GOOGL,2024-11-29,-0.0016545920775326,0.0150341951144856,0.0006504605592654,0.0087682458724012,-0.0474484182059562,-0.0184480800632511,19266500.0,59734400.0,0.007874264998307,-0.0377606386695549,-0.012623538729827,0.0179261801477606,-0.0120916893157519,-0.0006310175732187,-0.0047345073487181,0.0340929948079633,170.62545776367188
GOOGL,2024-12-02,0.0150341951144856,-0.0008747901782401,-0.0016545920775326,0.0006504605592654,-0.0171213047041114,-0.0175987876458668,14257200.0,38604600.0,0.0408475107309,-0.0057973836422292,0.0011677788305863,0.0176153082152539,0.0110561945195231,0.0072423949163219,-0.0044435396752706,0.0237971187906396,170.4761962890625
GOOGL,2024-12-03,-0.0008747901782401,0.0176842283900007,0.0150341951144856,-0.0016545920775326,0.0175407422355606,0.0162908214093764,23789100.0,33135300.0,0.0220101705870778,-0.0225899154572096,0.012408435546853,0.0159555745813419,0.0059566440438103,0.0045354193465027,-0.0038544181365415,0.0819553453854917,173.49093627929688
GOOGL,2024-12-04,0.0176842283900007,-0.0099214575464239,-0.0008747901782401,0.0150341951144856,0.0087682458724012,0.0160865498690656,22248700.0,20486700.0,0.0310431916511804,-0.0210530512024663,0.0272770148174918,0.0159802376105623,0.0199465297476322,0.0057499175008649,-0.0024309606187045,0.1218897049420479,171.7696533203125
GOOGL,2024-12-05,-0.0099214575464239,0.0119902148831279,0.0176842283900007,-0.0008747901782401,0.0006504605592654,-0.0120142880992517,31615100.0,19266500.0,0.0201501729446555,-0.0189793672823824,-0.0219249589901854,0.0155050241375695,-0.0207064461675043,0.0008322465655419,-0.002485693974575,0.1131835421853024,173.82920837402344
GOOGL,2024-12-06,0.0119902148831279,0.0049280767298589,-0.0099214575464239,0.0176842283900007,-0.0016545920775326,-0.0474484182059562,21356200.0,14257200.0,0.0340929948079633,0.042235717081974,-0.033416333550061,0.014674680868531,-0.0007441766305425,0.0031017491025837,-0.0035766601081045,0.0877313703539943,174.68585205078128
GOOGL,2024-12-09,0.0049280767298589,0.0558819141364608,0.0119902148831279,-0.0099214575464239,0.0150341951144856,-0.0171213047041114,21462400.0,23789100.0,0.0237971187906396,0.065616682586705,-0.0155818604883132,0.0132902590442657,0.0048237535198597,0.001855260902651,-0.0020818499406924,0.1214005296198217,184.4476318359375
GOOGL,2024-12-10,0.0558819141364608,0.0552463773870859,0.0049280767298589,0.0119902148831279,-0.0008747901782401,0.0175407422355606,25389600.0,22248700.0,0.0819553453854917,0.105769367105027,0.0279025268305301,0.024421280367681,0.0442068943595442,0.0095053109657978,0.0004408912195927,0.0553544187770309,194.6376953125
GOOGL,2024-12-11,0.0552463773870859,-0.0176047305942029,0.0558819141364608,0.0049280767298589,0.0176842283900007,0.0087682458724012,54813000.0,31615100.0,0.1218897049420479,0.1567167420640502,0.0771056895163839,0.0279560664553551,0.0357754185913156,0.0126710887345345,0.0013156866294475,-0.035823849525109,191.21115112304688
GOOGL,2024-12-12,-0.0176047305942029,-0.0111482415031776,0.0552463773870859,0.0558819141364608,-0.0099214575464239,0.0006504605592654,67894100.0,21356200.0,0.1131835421853024,0.1356143830794804,0.0743516491543452,0.029711658436779,-0.01023188033595,0.0147660019008454,0.0018230416872039,-0.0179726401608016,189.07948303222656
GOOGL,2024-12-13,-0.0111482415031776,0.0360341791999085,-0.0176047305942029,0.0552463773870859,0.0119902148831279,-0.0016545920775326,34817500.0,21462400.0,0.0877313703539943,0.1248153903159319,0.0823416427922576,0.0287238409979492,-0.016177211692069,0.0116793948885401,0.0009490531598664,0.0083762975513965,195.89280700683588
GOOGL,2024-12-16,0.0360341791999085,-0.006305406179499,-0.0111482415031776,-0.0176047305942029,0.0049280767298589,0.0150341951144856,25143500.0,25389600.0,0.1214005296198217,0.1480866312350708,0.1414307325792865,0.0281706663174354,0.0237014703461527,0.0154549382537987,0.0027143251374224,-0.0103224552113948,194.6576232910156
GOOGL,2024-12-17,-0.006305406179499,-0.0359225565846481,0.0360341791999085,-0.0111482415031776,0.0558819141364608,-0.0008747901782401,44934900.0,54813000.0,0.0553544187770309,0.1418463546720072,0.1160521420548437,0.0268007389094045,-0.0197982385517655,0.0026539116715367,0.001731237041831,0.0035309015023969,187.66502380371097
GOOGL,2024-12-18,-0.0359225565846481,0.0005837960811669,-0.006305406179499,0.0360341791999085,0.0552463773870859,0.0176842283900007,43504000.0,67894100.0,-0.035823849525109,0.0816992969684349,0.0589262262836867,0.0307001189047609,0.0015555735166527,-0.0041900573433958,0.0012576051157302,0.0382165273646279,187.7745819091797
GOOGL,2024-12-19,0.0005837960811669,0.015383802772551,-0.0359225565846481,-0.006305406179499,-0.0176047305942029,-0.0099214575464239,34166100.0,34817500.0,-0.0179726401608016,0.0931766949486794,0.0724288929507075,0.0277751465137154,0.0026550914155133,-0.0016126629931031,0.0017398785022717,0.0225451903726598,190.66326904296872
GOOGL,2024-12-20,0.015383802772551,0.0168225545140623,0.0005837960811669,-0.0359225565846481,-0.0111482415031776,0.0119902148831279,32265200.0,25143500.0,0.0083762975513965,0.0968425319680679,0.1431684628317473,0.0257294785740408,0.0099906596195035,0.0036209112692113,0.0044427594217791,-0.0008880133246815,193.87071228027344
GOOGL,2024-12-23,0.0168225545140623,0.0076041805795925,0.015383802772551,0.0005837960811669,0.0360341791999085,0.0049280767298589,63462900.0,44934900.0,-0.0103224552113948,0.1098249228787866,0.1826479525701383,0.0238311391973978,0.0047937850505534,-0.0001606257899084,0.0060979920707158,-0.0273852818670573,195.34494018554688
GOOGL,2024-12-24,0.0076041805795925,-0.0026005836843038,0.0168225545140623,0.015383802772551,-0.006305406179499,0.0558819141364608,25675000.0,43504000.0,0.0035309015023969,0.059080771279852,0.1710990741712259,0.0215607038900803,-0.0123325136935449,0.0013325191817356,0.0045067902913932,-0.0340625455490751,194.83692932128903
GOOGL,2024-12-26,-0.0026005836843038,-0.0145194944596737,0.0076041805795925,0.0168225545140623,-0.0359225565846481,0.0552463773870859,10403300.0,34166100.0,0.0382165273646279,0.001023614713836,0.1579007743409675,0.0198659779354107,0.0019376000278134,0.0014089244839677,0.0039099683439928,-0.0194786007460507,192.00799560546875
GOOGL,2024-12-27,-0.0145194944596737,-0.0078852866577936,-0.0026005836843038,0.0076041805795925,0.0005837960811669,-0.0176047305942029,12046600.0,32265200.0,0.0225451903726598,0.0041673536179336,0.1403468897873843,0.0196459665825984,-0.000532300486596,0.0007714461035458,0.0036892578942075,0.0213219982205177,190.49395751953125
GOOGL,2024-12-30,-0.0078852866577936,-0.0101444127991416,-0.0145194944596737,-0.0026005836843038,0.015383802772551,-0.0111482415031776,18891400.0,63462900.0,-0.0008880133246815,0.0074808459628779,0.13322996098756,0.0181722303884811,0.0046833311021381,-0.0002900195999271,0.004528008915102,0.022223348978694,188.56150817871097
GOOGL,2024-12-31,-0.0101444127991416,0.0006867047534517,-0.0078852866577936,-0.0145194944596737,0.0168225545140623,0.0360341791999085,14264700.0,25675000.0,-0.0273852818670573,-0.037425053732928,0.1051194273710418,0.0169236645298769,-0.0061949888329108,-0.00248777437662,0.0036654497474803,0.0245642204488953,188.6909942626953
GOOGL,2025-01-02,0.0006867047534517,0.0124583810210097,-0.0101444127991416,-0.0078852866577936,0.0076041805795925,-0.006305406179499,17466900.0,10403300.0,-0.0340625455490751,-0.0306519155399328,0.1068465766490207,0.015348083640976,0.0123509804318811,0.0024489244484651,0.0039851665668838,0.0137781230599609,191.04177856445312
GOOGL,2025-01-03,0.0124583810210097,0.0264874585007772,0.0006867047534517,-0.0101444127991416,-0.0026005836843038,-0.0359225565846481,20370800.0,12046600.0,-0.0194786007460507,0.017993522140141,0.1011628772174113,0.0150046108913871,-0.0100725158323005,4.690127644235622e-05,0.0024842142878872,-0.0040668958765072,196.10198974609375
GOOGL,2025-01-06,0.0264874585007772,-0.0070097123035479,0.0124583810210097,0.0006867047534517,-0.0145194944596737,0.0005837960811669,18596200.0,18891400.0,0.0213219982205177,0.0443478971021846,0.1416567825307699,0.017075039076692,0.0198338558761559,0.0041201325489927,0.0045112293900702,-0.0366232121097999,194.7273712158203
GOOGL,2025-01-07,-0.0070097123035479,-0.0078776628701627,0.0264874585007772,0.0124583810210097,-0.0078852866577936,0.015383802772551,29563600.0,14264700.0,0.022223348978694,0.0213156010240003,0.1202223897656535,0.016278178711476,-0.0030735759060628,0.0025687511473525,0.0043947594262942,0.0003068567998203,193.19337463378903
GOOGL,2025-01-08,-0.0078776628701627,-0.0098480221459061,-0.0070097123035479,0.0264874585007772,-0.0101444127991416,0.0168225545140623,26487200.0,17466900.0,0.0245642204488953,-0.0034937595189994,0.1059474614900561,0.015413915289267,-0.001225839352084,0.0035625810435179,0.004092279782697,-0.0053622424112366,191.29080200195312
GOOGL,2025-01-10,-0.0098480221459061,-0.0053634071698538,-0.0078776628701627,-0.0070097123035479,0.0006867047534517,0.0076041805795925,24864800.0,20370800.0,0.0137781230599609,-0.0207537404334249,0.0371008838546784,0.0146603143087562,-0.0033235250006104,0.0004276799570196,0.0017157588146892,0.0206207762111616,190.26483154296875
GOOGL,2025-01-13,-0.0053634071698538,-0.0070676569684203,-0.0098480221459061,-0.0078776628701627,0.0124583810210097,-0.0026005836843038,26665200.0,18596200.0,-0.0040668958765072,-0.0234662791815037,-0.0224666848963167,0.0133939586019871,-0.0180126766920298,-0.0011603522149262,-0.0009736459494779,0.0368568270159519,188.92010498046875
GOOGL,2025-01-14,-0.0070676569684203,0.0310555599888473,-0.0053634071698538,-0.0098480221459061,0.0264874585007772,-0.0145194944596737,21823700.0,29563600.0,-0.0366232121097999,-0.0160820939527168,-0.011981760107201,0.0123196420873667,-0.002753896253667,-0.0056779026408908,-0.0005997467453638,0.0459243095991395,194.78712463378903
GOOGL,2025-01-15,0.0310555599888473,-0.013500377460652,-0.0070676569684203,-0.0053634071698538,-0.0070097123035479,-0.0078852866577936,17174900.0,26487200.0,0.0003068567998203,0.0225370251642633,0.0301864671408567,0.0176373144515907,0.0030001948968507,-0.0044631484803081,0.0003591235840821,0.0124265514525832,192.1574249267578
GOOGL,2025-01-16,-0.013500377460652,0.0160178140173579,0.0310555599888473,-0.0070676569684203,-0.0078776628701627,-0.0101444127991416,21776000.0,24864800.0,-0.0053622424112366,0.0190702587329689,-0.0190685004577414,0.0173933758323945,-0.0073151737147296,-0.0056810153528372,-0.0011917086189619,0.037841446383608,195.23536682128903
GOOGL,2025-01-17,0.0160178140173579,0.0104592868511745,-0.013500377460652,0.0310555599888473,-0.0098480221459061,0.0006867047534517,17815400.0,26665200.0,0.0206207762111616,0.0346830148633519,0.0029679984811574,0.0169591328297707,0.0024775577852159,-0.0045207987956719,-7.791880211290117e-05,-0.0213775049443353,197.2773895263672
GOOGL,2025-01-21,0.0104592868511745,0.0016156988162292,0.0160178140173579,-0.013500377460652,-0.0053634071698538,0.0124583810210097,27735100.0,21823700.0,0.0368568270159519,0.0326400382616325,0.051220869652889,0.0156156387799883,0.0054483479408921,0.0001714061309124,0.000116719919099,-0.013885465215526,197.59613037109372
GOOGL,2025-01-22,0.0016156988162292,-0.0019659975628704,0.0104592868511745,0.0160178140173579,-0.0070676569684203,0.0264874585007772,29971300.0,17174900.0,0.0459243095991395,0.0076192017578942,0.0523049944356388,0.014176264654103,0.0138732353745203,0.0034968324565499,0.0006776271170494,-0.0149216272859673,197.20765686035156
GOOGL,2025-01-23,-0.0019659975628704,0.0112636750233146,0.0016156988162292,0.0104592868511745,0.0310555599888473,-0.0070097123035479,26200600.0,21776000.0,0.0124265514525832,0.0127372214242151,0.0343243239782484,0.013053531548217,-0.007062478460565,0.0014842977850667,-0.000175029786954,0.0145974207612524,199.4289398193359
GOOGL,2025-01-24,0.0112636750233146,-0.0419558867692824,-0.0019659975628704,0.0016156988162292,-0.013500377460652,-0.0078776628701627,26951400.0,17815400.0,0.037841446383608,0.0322762889636707,0.0286697638528665,0.0122816005810966,0.0147488614905222,0.0058971048261171,0.0003227240350444,0.0190300139061307,191.0617218017578
GOOGL,2025-01-27,-0.0419558867692824,0.0181950594904523,0.0112636750233146,-0.0019659975628704,0.0160178140173579,-0.0098480221459061,23877500.0,27735100.0,-0.0213775049443353,-0.0011975494785837,-0.0219264362809739,0.021898488927255,-0.0383706916388523,-0.0022725450586965,-0.0009791848622209,0.0491110393940112,194.53810119628903
GOOGL,2025-01-28,0.0181950594904523,0.0005632488627371,-0.0419558867692824,0.0112636750233146,0.0104592868511745,-0.0053634071698538,41728900.0,29971300.0,-0.013885465215526,0.0224595876109412,-0.0015337345237422,0.0217627321781672,0.0177980244436444,0.0001973902418539,-0.0001861636414293,0.0567333024870722,194.6476745605469
GOOGL,2025-01-29,0.0005632488627371,0.0279412813773132,0.0181950594904523,-0.0419558867692824,0.0016156988162292,-0.0070676569684203,24157900.0,26200600.0,-0.0149216272859673,0.0303174168819684,0.013747755382552,0.0196862224315119,0.0051921780476174,-0.0015388212235266,0.0001000602852812,-0.0208791174333258,200.0863800048828
GOOGL,2025-01-30,0.0279412813773132,0.0156817036343175,0.0005632488627371,0.0181950594904523,-0.0019659975628704,0.0310555599888473,18218300.0,26951400.0,0.0145974207612524,0.0272053678140005,0.050355521037291,0.0210898237844935,0.0115332746140205,0.0021803293913904,0.0004425574608754,-0.0461492728398478,203.2240753173828
GOOGL,2025-01-31,0.0156817036343175,-0.0136751207512741,0.0279412813773132,0.0005632488627371,0.0112636750233146,-0.013500377460652,24354700.0,23877500.0,0.0190300139061307,0.057591583540647,0.0777601286725775,0.0195466495857725,0.0189802466906535,0.0030266064314167,0.0017013192370536,-0.0915596081328419,200.44496154785156
GOOGL,2025-02-03,-0.0136751207512741,0.0255927040981898,0.0156817036343175,0.0279412813773132,-0.0419558867692824,0.0160178140173579,32001100.0,41728900.0,0.0491110393940112,0.0266836629622091,0.062292147704688,0.0195954774436547,0.0016941004898242,0.011039564857152,0.0011684752399507,-0.0733488520907731,205.57489013671875
GOOGL,2025-02-04,0.0255927040981898,-0.0729237273164795,-0.0136751207512741,0.0156817036343175,0.0181950594904523,0.0104592868511745,27838300.0,24157900.0,0.0567333024870722,0.0420600689732999,0.0760729494955076,0.0199024916834806,0.0123398354497133,0.0099479270583658,0.0022890928040514,-0.1020447048058289,190.58360290527344
GOOGL,2025-02-05,-0.0729237273164795,0.0014111190738703,0.0255927040981898,-0.0136751207512741,0.0005632488627371,0.0016156988162292,43856400.0,18218300.0,-0.0208791174333258,-0.0354891943108931,-0.0281403918846786,0.0372809788107939,-0.0572992831491108,-0.0025503651809798,-0.0015675641472118,-0.0403491985284008,190.8525390625
GOOGL,2025-02-06,0.0014111190738703,-0.0326722425332465,-0.0729237273164795,0.0255927040981898,0.0279412813773132,-0.0019659975628704,70373900.0,24354700.0,-0.0461492728398478,-0.0322255124320645,-0.0198987544952052,0.0339041757595349,0.0056335041605833,-0.0037303192716672,-0.0011322101438795,-0.0284968186027948,184.6169586181641
GOOGL,2025-02-07,-0.0326722425332465,0.0060969214377615,0.0014111190738703,-0.0729237273164795,0.0156817036343175,0.0112636750233146,29297400.0,32001100.0,-0.0915596081328419,-0.0742719748427188,-0.0443929096009741,0.0325753169649641,-0.0187092612025329,-0.0112682208503045,-0.002006381236402,-0.0005935999805606,185.7425537109375
GOOGL,2025-02-10,0.0060969214377615,-0.0061670981195489,-0.0326722425332465,0.0014111190738703,-0.0136751207512741,-0.0419558867692824,49315000.0,27838300.0,-0.0733488520907731,-0.0278400510612972,-0.0290042607012488,0.030234267180402,0.0095216813240688,-0.0097027046834556,-0.001364120920168,-0.0144795488705004,184.59706115722656
GOOGL,2025-02-11,-0.0061670981195489,-0.0092274160333739,0.0060969214377615,-0.0326722425332465,0.0255927040981898,0.0181950594904523,23105600.0,43856400.0,-0.1020447048058289,-0.0511007354237099,-0.0297888492570009,0.0273535929497873,0.0061949822175316,-0.010931675329892,-0.0001537379746899,-0.0002698848290256,182.89370727539065
GOOGL,2025-02-12,-0.0092274160333739,0.0137792690579987,-0.0061670981195489,0.0060969214377615,-0.0729237273164795,0.0005632488627371,21239500.0,70373900.0,-0.0403491985284008,-0.0603858603073115,-0.031899186726056,0.0247548188016088,-0.0061058002051459,-0.000692978741099,-0.0003213331722639,0.0051739837121631,185.41384887695312
GOOGL,2025-02-13,0.0137792690579987,-0.0048889491660221,-0.0092274160333739,-0.0061670981195489,0.0014111190738703,0.0279412813773132,22072600.0,29297400.0,-0.0284968186027948,-0.0733309839858746,-0.0481206125633725,0.0240253656088543,-0.0039443208267567,-0.002608543738567,-0.0006685589584442,-0.0348125407673034,184.5073699951172
GOOGL,2025-02-14,-0.0048889491660221,-0.0078819868713495,0.0137792690579987,-0.0092274160333739,-0.0326722425332465,0.0156817036343175,21402500.0,49315000.0,-0.0005935999805606,-0.0920988583317947,-0.0398113938847614,0.0217367285116689,-0.0033958160926403,0.0004541452834114,-0.0004725910773398,-0.0322840750503954,183.05308532714844
GOOGL,2025-02-18,-0.0078819868713495,0.0081624184652158,-0.0048889491660221,0.0137792690579987,0.0060969214377615,-0.0136751207512741,20448400.0,23105600.0,-0.0144795488705004,-0.08676634267283,-0.0623979235549663,0.0197263651709803,-0.0115085458809369,-0.0037519001575896,-0.0011718962606474,-0.0454372488396055,184.54724121093747
GOOGL,2025-02-19,0.0081624184652158,-0.0038323242786298,-0.0078819868713495,-0.0048889491660221,-0.0061670981195489,0.0255927040981898,29916700.0,21239500.0,-0.0002698848290256,-0.1022870493171451,-0.0645291806931996,0.0185900113929151,0.0005143721115065,-0.0048880221787946,-0.0014185950521167,-0.0676850479325789,183.83999633789065
GOOGL,2025-02-20,-0.0038323242786298,-0.0265495796943894,0.0081624184652158,-0.0078819868713495,-0.0092274160333739,-0.0729237273164795,19549400.0,22072600.0,0.0051739837121631,-0.0353839809122225,-0.0696174262490287,0.0168263104872878,0.0061080293307188,-0.0024452562716217,-0.0018068553543068,-0.0870176785823669,178.95912170410156
GOOGL,2025-02-21,-0.0265495796943894,-0.0022820937282709,-0.0038323242786298,0.0081624184652158,0.0137792690579987,0.0014111190738703,20441500.0,21402500.0,-0.0348125407673034,-0.06231731271075,-0.0925346178073213,0.0180664306231966,-0.0107021865233489,-0.0037968294109401,-0.001988840757446,-0.0522097684525375,178.55072021484375
GOOGL,2025-02-24,-0.0022820937282709,-0.0213668333119685,-0.0265495796943894,-0.0038323242786298,-0.0048889491660221,-0.0326722425332465,35199200.0,20448400.0,-0.0322840750503954,-0.0328585112046336,-0.1046900195297928,0.0164520213940907,0.0009640249204188,-0.0029248612083283,-0.0026780825859511,-0.068284578900141,174.73565673828125
GOOGL,2025-02-25,-0.0213668333119685,-0.0153346171270847,-0.0022820937282709,-0.0265495796943894,-0.0078819868713495,0.0060969214377615,29854200.0,29916700.0,-0.0454372488396055,-0.0592588868449918,-0.0854491674706888,0.0161223912660649,0.0047935268535824,0.0003355533385755,-0.0005198716613294,-0.0256526756900158,172.05615234375
GOOGL,2025-02-26,-0.0153346171270847,-0.0244890151289407,-0.0213668333119685,-0.0022820937282709,0.0081624184652158,-0.0061670981195489,41913400.0,19549400.0,-0.0676850479325789,-0.0679366655940156,-0.1155657874436367,0.0148171936313159,-0.0025361604553426,-0.0002745531747943,-0.0015365809062787,0.0016789832307426,167.84266662597656
GOOGL,2025-02-27,-0.0244890151289407,0.0105637071140882,-0.0153346171270847,-0.0213668333119685,-0.0038323242786298,-0.0092274160333739,35431300.0,20441500.0,-0.0870176785823669,-0.0822939229218592,-0.1377103938954708,0.0146307668503585,-0.0125438328118398,-0.004004925603306,-0.0024233814492516,0.0228486371992349,169.61570739746094
GOOGL,2025-02-28,0.0105637071140882,-0.0192036927168069,-0.0244890151289407,-0.0153346171270847,-0.0265495796943894,0.0137792690579987,39991000.0,35199200.0,-0.0522097684525375,-0.0852047545271355,-0.1522875900232604,0.0162618078691872,-0.0083678946309822,-0.0035380672248327,-0.0034184399115018,0.0210241423685906,166.35845947265625
GOOGL,2025-03-03,-0.0192036927168069,0.0234118550038395,0.0105637071140882,-0.0244890151289407,-0.0022820937282709,-0.0048889491660221,48130600.0,29854200.0,-0.068284578900141,-0.0983641494805396,-0.1814037819443986,0.015344820630229,0.0011444497451307,-0.0035019822598903,-0.0043102297587779,-0.0056821079410643,170.2532196044922
GOOGL,2025-03-04,0.0234118550038395,0.0122864762184731,-0.0192036927168069,0.0105637071140882,-0.0213668333119685,-0.0078819868713495,40770500.0,41913400.0,-0.0256526756900158,-0.0699243375208924,-0.150623601163214,0.0195375844599596,0.039765267418522,0.0034923658530976,-0.002406671412343,-0.0391475315510388,172.34503173828125
GOOGL,2025-03-05,0.0122864762184731,-0.0038724000876863,0.0234118550038395,-0.0192036927168069,-0.0153346171270847,0.0081624184652158,45388000.0,35431300.0,0.0016789832307426,-0.066119706762287,-0.161643566373003,0.018909421630566,0.0060455715496104,0.0052087122540882,-0.0027213846073481,-0.0330455490861107,171.67764282226562
GOOGL,2025-03-06,-0.0038724000876863,0.0087611253902519,0.0122864762184731,0.0234118550038395,-0.0244890151289407,-0.0038323242786298,30954900.0,39991000.0,0.0228486371992349,-0.0661572767509802,-0.0992003498454414,0.0171373789042137,0.0056363372742215,0.0088447462713005,0.0004253964138184,-0.0545550083876497,173.18173217773438
GOOGL,2025-03-07,0.0087611253902519,-0.0448577302641722,-0.0038724000876863,0.0122864762184731,0.0105637071140882,-0.0265495796943894,28302000.0,48130600.0,0.0210241423685906,-0.0322832916889241,-0.0925887964161631,0.0160772055932863,0.0047203976816781,0.0114624047338325,0.0003797410898731,-0.0470458176727751,165.41319274902344
GOOGL,2025-03-10,-0.0448577302641722,-0.0110327743533312,0.0087611253902519,-0.0038724000876863,-0.0192036927168069,-0.0022820937282709,27385800.0,40770500.0,-0.0056821079410643,-0.0735786864931846,-0.1040195116032598,0.0233825061575461,-0.0011559346214175,0.0110023278605229,0.0012574074189289,-0.0095255586932692,163.58822631835938
GOOGL,2025-03-11,-0.0110327743533312,0.0187150951065944,-0.0448577302641722,0.0087611253902519,0.0234118550038395,-0.0213668333119685,43604000.0,45388000.0,-0.0391475315510388,-0.0637959683101112,-0.1192743770878475,0.0211859622861104,-0.0041604293270248,0.0022171885114135,0.0005733018863742,-0.0205437631367015,166.64979553222656
GOOGL,2025-03-12,0.0187150951065944,-0.0260308027396449,-0.0110327743533312,-0.0448577302641722,0.0122864762184731,-0.0153346171270847,39587400.0,30954900.0,-0.0330455490861107,-0.0314220487781343,-0.0972240051520311,0.0221402763432869,0.0030762205071369,0.0016233183029188,0.0004173638008545,-0.0192688572631696,162.311767578125
GOOGL,2025-03-13,-0.0260308027396449,0.016773204087066,0.0187150951065944,-0.0110327743533312,-0.0038724000876863,-0.0244890151289407,28372400.0,28302000.0,-0.0545550083876497,-0.0329528787824654,-0.112534980037747,0.0220052064404217,-0.0107740200746301,-0.0016587531668514,0.0001839528073803,0.0002457398819846,165.0342559814453
GOOGL,2025-03-14,0.016773204087066,-0.0072513206514427,-0.0260308027396449,0.0187150951065944,0.0087611253902519,0.0105637071140882,31756200.0,27385800.0,-0.0470458176727751,-0.0270107732727836,-0.1099140814936234,0.0222488384587466,-0.00763064782537,-0.0041289622682611,-3.6354255036116084e-07,-0.0090640583559894,163.83753967285156
GOOGL,2025-03-17,-0.0072513206514427,-0.0220342122760031,0.016773204087066,-0.0260308027396449,-0.0448577302641722,-0.0192036927168069,31995900.0,43604000.0,-0.0095255586932692,-0.0151535413816394,-0.1120271256525559,0.0201910427551094,-0.0033968415949291,-0.0045771436629634,-4.1481766479764537e-07,0.0206343202924172,160.22750854492188
GOOGL,2025-03-18,-0.0220342122760031,0.0200411021391968,-0.0072513206514427,0.016773204087066,-0.0110327743533312,0.0234118550038395,31184300.0,39587400.0,-0.0205437631367015,-0.0588870570721693,-0.1246937561387353,0.019685813450741,-0.0096298859750176,-0.005671034992562,9.351817763116489e-05,0.0615547388880899,163.4386444091797
GOOGL,2025-03-19,0.0200411021391968,-0.0066507548467176,-0.0220342122760031,-0.0072513206514427,0.0187150951065944,0.0122864762184731,42074800.0,28372400.0,-0.0192688572631696,-0.051677656380757,-0.1143804516569861,0.0209802196138345,0.0007892141883107,-0.0061284362563272,0.0001072602814713,0.0071389393167751,162.35165405273438
GOOGL,2025-03-20,-0.0066507548467176,0.0073095762940138,0.0200411021391968,-0.0220342122760031,-0.0260308027396449,-0.0038724000876863,34275600.0,31756200.0,0.0002457398819846,-0.0543226748469878,-0.1168861113642624,0.0190600657531016,-0.0062726913393546,-0.0052281705092721,-0.0005117757520323,-0.003439701094317,163.5383758544922
GOOGL,2025-03-21,0.0073095762940138,0.0225013857980633,-0.0066507548467176,0.0200411021391968,0.016773204087066,0.0087611253902519,28138500.0,31995900.0,-0.0090640583559894,-0.0556834499919732,-0.086169096622561,0.0177504277796593,-0.0068810022520511,-0.0050782413946083,-0.0003207165384674,-0.0589059113792751,167.2182159423828
GOOGL,2025-03-24,0.0225013857980633,0.0171754915427428,0.0073095762940138,-0.0066507548467176,-0.0072513206514427,-0.0448577302641722,36625800.0,31184300.0,0.0206343202924172,0.0109122081701069,-0.0634693842669743,0.0187236650870143,-0.0106422422167828,-0.0065273215189791,-0.0009010298953274,-0.0777671815369055,170.09027099609375
GOOGL,2025-03-25,0.0171754915427428,-0.0322466887161753,0.0225013857980633,0.0073095762940138,-0.0220342122760031,-0.0110327743533312,30879100.0,42074800.0,0.0615547388880899,0.03974640977573,-0.0265852192328743,0.017874715509477,0.0074103582585016,-0.0031192726722752,-0.0007701883250815,-0.0790923255294052,164.6054229736328
GOOGL,2025-03-26,-0.0322466887161753,-0.0170845530615251,0.0171754915427428,0.0225013857980633,0.0200411021391968,0.0187150951065944,24174400.0,34275600.0,0.0071389393167751,-0.0122674771490998,-0.0433040566618705,0.0223400582093645,-0.0147769032634485,-0.0062324961626271,-0.0013822254654868,-0.048588372129025,161.793212890625
GOOGL,2025-03-27,-0.0170845530615251,-0.0487549135739129,-0.0322466887161753,0.0171754915427428,-0.0066507548467176,-0.0260308027396449,28901600.0,28138500.0,-0.003439701094317,-0.0031948064840733,-0.0360424071957357,0.0212115010811776,-0.0099065548899994,-0.006959268872756,-0.0012503615693948,-0.0710059528749594,153.90499877929688
GOOGL,2025-03-28,-0.0487549135739129,0.0020085624902963,-0.0170845530615251,-0.0322466887161753,0.0073095762940138,0.016773204087066,24508300.0,36625800.0,-0.0589059113792751,-0.0674360431170101,-0.0926253167187465,0.0264127172652194,-0.0290688981223444,-0.0113968480468147,-0.0022854117439629,-0.0565672230441276,154.21412658691406
GOOGL,2025-03-31,0.0020085624902963,0.0157139256941296,-0.0487549135739129,-0.0170845530615251,0.0225013857980633,-0.0072513206514427,48669300.0,30879100.0,-0.0777671815369055,-0.0587375341765592,-0.0730009939033987,0.0245819294203562,-0.0001493394133798,-0.0092982674861341,-0.0023501012018884,-0.0510217257534375,156.63743591308594
GOOGL,2025-04-01,0.0157139256941296,-0.0001910302296327,0.0020085624902963,-0.0487549135739129,0.0171754915427428,-0.0220342122760031,54603500.0,24174400.0,-0.0790923255294052,-0.0224060940873296,-0.079973722218214,0.0245076231977687,0.012860410040737,-0.008208257129687,-0.0036953440707776,-0.0787546231799646,156.60751342773438
GOOGL,2025-04-02,-0.0001910302296327,-0.0402444406986748,0.0157139256941296,0.0020085624902963,-0.0322466887161753,0.0200411021391968,30672900.0,28901600.0,-0.048588372129025,-0.0417963022523798,-0.0913140236873522,0.0222550000486932,-0.0132615099935313,-0.0079051784757035,-0.0046606981479347,0.0106342616454733,150.304931640625
GOOGL,2025-04-03,-0.0402444406986748,-0.0339703508005373,-0.0001910302296327,0.0157139256941296,-0.0170845530615251,-0.0066507548467176,25041700.0,24508300.0,-0.0710059528749594,-0.0742014147154694,-0.1244932702376824,0.0249118346209012,0.006527072305734,-0.0046184530365568,-0.0046161613963591,0.0139330608837178,145.1990203857422
GOOGL,2025-04-04,-0.0339703508005373,0.0078983682128275,-0.0402444406986748,-0.0001910302296327,-0.0487549135739129,0.0073095762940138,46883400.0,48669300.0,-0.0565672230441276,-0.1121409905957937,-0.1615800433458758,0.0244373793934438,0.0338908350159048,0.0079734935910929,-0.0031576395296478,0.0792582791311637,146.34585571289062
GOOGL,2025-04-07,0.0078983682128275,-0.013969251339965,-0.0339703508005373,-0.0402444406986748,0.0020085624902963,0.0225013857980633,62259500.0,54603500.0,-0.0510217257534375,-0.1248210914813493,-0.1152709570455067,0.0239753735953978,0.0131348103382528,0.0106303235414194,-0.0024431022816642,0.0839524083294598,144.301513671875
GOOGL,2025-04-08,-0.013969251339965,0.0968209180470984,0.0078983682128275,-0.0339703508005373,0.0157139256941296,0.0171754915427428,76794100.0,30672900.0,-0.0787546231799646,-0.1516180624158745,-0.117897926278328,0.0217250880871241,0.0075551348155957,0.0095692684963912,-0.0018573240745332,0.0802349046372696,158.27291870117188
GOOGL,2025-04-09,0.0968209180470984,-0.0371117140258532,-0.013969251339965,0.0078983682128275,-0.0001910302296327,-0.0322466887161753,52200200.0,25041700.0,0.0106342616454733,-0.0384708119456994,-0.050266349288348,0.0481744369756422,3.0199103455516577e-05,0.0122276103157886,-0.0020096251447173,-0.0338983361314173,152.39913940429688
GOOGL,2025-04-10,-0.0371117140258532,0.0282685682188867,0.0968209180470984,-0.013969251339965,-0.0402444406986748,-0.0170845530615251,70406200.0,46883400.0,0.0139330608837178,-0.0580622222557548,-0.0610715311756857,0.0473259585140179,0.0101292686521816,0.0129480495850781,-0.0009644607083767,-0.010862436834364,156.70724487304688
GOOGL,2025-04-11,0.0282685682188867,0.0122821244004118,-0.0371117140258532,0.0968209180470984,-0.0339703508005373,-0.0487549135739129,48022000.0,62259500.0,0.0792582791311637,0.0182076353333298,-0.0504562586650776,0.0443189158632949,0.0052923726624809,0.0072283571143933,-0.0003183096839841,-0.0602648538466437,158.63194274902344
GOOGL,2025-04-14,0.0122821244004118,-0.0173509246685993,0.0282685682188867,-0.0371117140258532,0.0078983682128275,0.0020085624902963,33636200.0,76794100.0,0.0839524083294598,0.028647285821896,-0.0317729192846925,0.040191874538612,0.0086454749815869,0.0063304900430601,0.0002838061448416,-0.0477778067416223,155.87953186035156
GOOGL,2025-04-15,-0.0173509246685993,-0.0190647336590339,0.0122821244004118,0.0282685682188867,-0.013969251339965,0.0157139256941296,30333000.0,52200200.0,0.0802349046372696,-0.0048385882232834,-0.0271362684476323,0.0376227239741576,-0.0162531391648935,0.0015688352469623,-4.735651465219144e-05,-0.0061416125205455,152.90773010253906
GOOGL,2025-04-16,-0.0190647336590339,-0.014152435080827,-0.0173509246685993,0.0122821244004118,0.0968209180470984,-0.0001910302296327,27551500.0,70406200.0,-0.0338983361314173,-0.0236245582617117,-0.0644334413364061,0.0351058848962979,-0.0008959568583539,0.0013836040546004,-0.0001316150669854,0.0388052602938979,150.74371337890625
GOOGL,2025-04-17,-0.014152435080827,-0.0230882445233087,-0.0190647336590339,-0.0173509246685993,-0.0371117140258532,-0.0402444406986748,28187400.0,48022000.0,-0.010862436834364,0.002919277055595,-0.071498752147346,0.0321544526758745,-0.0193676861938525,-0.0045157869146064,-0.0007863648097103,0.0714475146622073,147.2633056640625
GOOGL,2025-04-21,-0.0230882445233087,0.0257331639009565,-0.014152435080827,-0.0190647336590339,0.0282685682188867,-0.0339703508005373,33046600.0,33636200.0,-0.0602648538466437,0.0142169366765438,-0.0995183552813951,0.0301046875058966,-0.0005769866152341,-0.0056896587701494,-0.0004711640278694,0.0876279964621458,151.0528564453125
GOOGL,2025-04-22,0.0257331639009565,0.0256156938804372,-0.0230882445233087,-0.014152435080827,0.0122821244004118,0.0078983682128275,26049100.0,30333000.0,-0.0477778067416223,0.0321635396471788,-0.096672239958835,0.0303897968509857,-0.0044291570339284,-0.0083045851732525,-0.0001605097687267,0.0573711538073014,154.92218017578125
GOOGL,2025-04-23,0.0256156938804372,0.0252976958489035,0.0257331639009565,-0.0230882445233087,-0.0173509246685993,-0.013969251339965,26971800.0,27551500.0,-0.0061416125205455,0.073600520421819,-0.0891767102932116,0.0296044717864308,0.0082295129746273,-0.0034080547453483,-0.0001195520329204,0.0222078640950735,158.8413543701172
GOOGL,2025-04-24,0.0252976958489035,0.0168257359128063,0.0256156938804372,0.0257331639009565,-0.0190647336590339,0.0968209180470984,31128800.0,28187400.0,0.0388052602938979,0.0035914904053708,-0.0350174890923182,0.028206972455701,0.0042902294896291,-0.0023708174757517,0.0008338046047334,0.0126819590757847,161.51397705078128
GOOGL,2025-04-25,0.0168257359128063,-0.0083353960045271,0.0252976958489035,0.0256156938804372,-0.014152435080827,-0.0371117140258532,45894000.0,33046600.0,0.0714475146622073,0.0598089837128528,-0.0017258810481285,0.0257966957585441,-0.0063731701377672,0.0002280857354653,0.001010473842345,0.012780846066785,160.16769409179688
GOOGL,2025-04-28,-0.0083353960045271,-0.0028018196108319,0.0168257359128063,0.0252976958489035,-0.0230882445233087,0.0282685682188867,56034000.0,26049100.0,0.0876279964621458,0.0220822542158367,0.0406919551812663,0.024394418536304,-0.0082949694903951,-0.0013155108395668,0.0020491702739424,0.0224145568866553,159.71893310546875
GOOGL,2025-04-29,-0.0028018196108319,-0.0084915556387773,-0.0083353960045271,0.0168257359128063,0.0257331639009565,0.0122821244004118,29745800.0,26971800.0,0.0573711538073014,0.0068522791665299,0.035695864188241,0.0223526773332384,-0.0136189037056818,-0.0031534601739175,0.0013756920593273,0.0191682891737536,158.3626708984375
GOOGL,2025-04-30,-0.0084915556387773,0.015742996838836,-0.0028018196108319,-0.0083353960045271,0.0256156938804372,-0.0173509246685993,26809000.0,31128800.0,0.0222078640950735,0.0159298594783472,0.0110141932245932,0.0208854728186774,-0.000207196933956,-0.0048408021556342,0.0007223117105927,-0.0467254474075912,160.85577392578125
GOOGL,2025-05-01,0.015742996838836,0.0169250275378767,-0.0084915556387773,-0.0028018196108319,0.0252976958489035,-0.0190647336590339,34981100.0,45894000.0,0.0126819590757847,0.0519793460926552,0.0271267987407719,0.0196955260043372,0.0155497615699831,-0.0025888957395634,0.0021628752887684,-0.0435212283543562,163.57826232910156
GOOGL,2025-05-02,0.0169250275378767,0.0010974542140516,0.015742996838836,-0.0084915556387773,0.0168257359128063,-0.014152435080827,30203200.0,56034000.0,0.012780846066785,0.0851415204157446,0.0883093491583677,0.0185137905614489,0.0011480918191925,-0.0010846433481714,0.0018939262644413,-0.068767889599744,163.75778198242188
GOOGL,2025-05-05,0.0010974542140516,-0.0059680228251318,0.0169250275378767,0.015742996838836,-0.0083353960045271,-0.0230882445233087,25715000.0,29745800.0,0.0224145568866553,0.1120066960603656,0.1278160248421487,0.0169053655116008,0.0139414477360095,0.0033626400971094,0.0008964569004466,-0.0350162084899129,162.7804718017578
GOOGL,2025-05-06,-0.0059680228251318,-0.0725969609432187,0.0010974542140516,0.0169250275378767,-0.0028018196108319,0.0257331639009565,21341800.0,26809000.0,0.0191682891737536,0.0776391498474655,0.1122998393689365,0.0160167449209628,0.0068567869552695,0.0074577782292997,0.0005825557312974,-0.0226674569442896,150.96310424804688
GOOGL,2025-05-07,-0.0725969609432187,0.0191571895861513,-0.0059680228251318,0.0010974542140516,-0.0084915556387773,0.0256156938804372,21277200.0,34981100.0,-0.0467254474075912,-0.0255552556983269,0.0461643846045827,0.0342068000196791,-0.0578441337924478,-0.0040696091423986,-0.0026874076991047,0.0924164690456923,153.85513305664062
GOOGL,2025-05-08,0.0191571895861513,-0.0099171381675187,-0.0725969609432187,-0.0059680228251318,0.015742996838836,0.0252976958489035,127490100.0,30203200.0,-0.0435212283543562,-0.0313912037154892,-0.0279124545170754,0.0331687265633999,0.001455919965594,-0.0068883774632764,-0.0026161216559977,0.062742920048993,152.32933044433594
GOOGL,2025-05-09,-0.0099171381675187,0.0373813426851801,0.0191571895861513,-0.0725969609432187,0.0169250275378767,0.0168257359128063,57498700.0,25715000.0,-0.068767889599744,-0.0568659553442708,-0.0004580666284194,0.0300717215294163,-0.0170946221017047,-0.0105369202474558,-0.0039773161936921,0.0879869939612674,158.0236053466797
GOOGL,2025-05-12,0.0373813426851801,0.0067524539564813,-0.0099171381675187,0.0191571895861513,0.0010974542140516,-0.0083353960045271,32435300.0,21341800.0,-0.0350162084899129,-0.0133865244004096,0.0084001251805507,0.0323754910363357,0.0001863108620697,-0.0132879476222438,-0.0042326192837126,0.0509907316703415,159.09065246582034
GOOGL,2025-05-13,0.0067524539564813,0.0366076117153335,0.0373813426851801,-0.0099171381675187,-0.0059680228251318,-0.0028018196108319,44138800.0,21277200.0,-0.0226674569442896,-0.0039336641400775,0.0028916604616171,0.0293471645272093,-0.0053747342910342,-0.0157342518715046,-0.0049336297473437,0.0278945326493489,164.91458129882812
GOOGL,2025-05-14,0.0366076117153335,-0.0085264014777418,0.0067524539564813,0.0373813426851801,-0.0725969609432187,-0.0084915556387773,42382100.0,127490100.0,0.0924164690456923,0.0413728207741113,0.0579617434736128,0.0298737716331181,0.0283620956695187,0.0015069940208887,-0.0027028680056231,0.019290067341843,163.50845336914062
GOOGL,2025-05-15,-0.0085264014777418,0.0136009906968193,0.0366076117153335,0.0067524539564813,0.0191571895861513,0.015742996838836,48755900.0,57498700.0,0.062742920048993,0.0164910427435656,0.0693275824544172,0.0279486866062979,-0.0127143398264099,-0.001327057937512,-0.0032937871540259,0.0421444629323917,165.73233032226562
GOOGL,2025-05-16,0.0136009906968193,0.0021058913583602,-0.0085264014777418,0.0366076117153335,-0.0099171381675187,0.0169250275378767,33146700.0,32435300.0,0.0879869939612674,0.0131684244745815,0.099431124571572,0.025476772148394,0.0053342922586705,0.0031587249345629,-0.0020586882313997,0.0137190908677435,166.0813446044922
GOOGL,2025-05-19,0.0021058913583602,-0.0153715803863305,0.0136009906968193,-0.0085264014777418,0.0373813426851801,0.0010974542140516,42846900.0,44138800.0,0.0509907316703415,0.0141890210892068,0.1277849825221053,0.0231393007164327,0.0098872010887556,0.0050989029799001,-0.0015354788462002,0.0381890183729658,163.52841186523438
GOOGL,2025-05-20,-0.0153715803863305,0.0279302095605504,0.0021058913583602,0.0136009906968193,0.0067524539564813,-0.0059680228251318,30426100.0,42382100.0,0.0278945326493489,0.0045947775872492,0.0825906620603269,0.0227114428532793,-0.0155792617146051,0.0030579974951859,-0.0020929840802341,0.0511037699176579,168.09579467773438
GOOGL,2025-05-21,0.0279302095605504,0.0137042966956497,-0.0153715803863305,0.0021058913583602,0.0366076117153335,-0.0725969609432187,46607700.0,48755900.0,0.019290067341843,0.1134892562989222,0.0850337536368632,0.023021743046673,0.0377286404922618,0.0049313064597346,-0.0006180277043523,0.0195774889014721,170.39942932128906
GOOGL,2025-05-22,0.0137042966956497,-0.0140458340097876,0.0279302095605504,-0.0153715803863305,-0.0085264014777418,0.0191571895861513,73416000.0,33146700.0,0.0421444629323917,0.1075316496496596,0.0727648980141553,0.0210005993754184,0.0087410075250183,0.0092223759300202,-0.0003954888025829,0.0050916528861013,168.0060272216797
GOOGL,2025-05-23,-0.0140458340097876,0.0262954905629138,0.0137042966956497,0.0279302095605504,0.0136009906968193,-0.0099171381675187,74864400.0,42846900.0,0.0137190908677435,0.1029131863943453,0.0401949743882368,0.0210449037505053,-0.0128174522587716,0.0055920270265318,-0.0007177029086331,0.0033242077544017,172.423828125
GOOGL,2025-05-27,0.0262954905629138,-0.0031231061893272,-0.0140458340097876,0.0137042966956497,0.0021058913583602,0.0373813426851801,35211400.0,30426100.0,0.0381890183729658,0.0911270360319169,0.076520637340129,0.0210518720767769,0.0002046971430487,0.0036555262373904,-0.0002927195769609,-0.0388663932499632,171.8853302001953
GOOGL,2025-05-28,-0.0031231061893272,-0.0029010152710103,0.0262954905629138,-0.0140458340097876,-0.0153715803863305,0.0067524539564813,37995700.0,46607700.0,0.0511037699176579,0.0804238183454799,0.0761737939151685,0.0195910375969267,0.0085264212915553,0.0084766628386225,0.0008145466729009,-0.0250058656808357,171.38668823242188
GOOGL,2025-05-29,-0.0029010152710103,-0.0006980948536493,-0.0031231061893272,0.0262954905629138,0.0279302095605504,0.0366076117153335,34784000.0,73416000.0,0.0195774889014721,0.0392452073226088,0.0822417130255213,0.0180983081872714,-0.0073117613439925,-0.0005314175286283,0.000459318452399,-0.0212379845509231,171.2670440673828
GOOGL,2025-05-30,-0.0006980948536493,-0.015779626033385,-0.0029010152710103,-0.0031231061893272,0.0137042966956497,-0.0085264014777418,29317300.0,74864400.0,0.0050916528861013,0.0474507007948157,0.0647242550734008,0.016506361902298,0.0068189864151932,-0.0009158217505933,2.2779694659592117e-05,0.011296082191295,168.56451416015625
GOOGL,2025-06-02,-0.015779626033385,-0.0168610716133654,-0.0006980948536493,-0.0029010152710103,-0.0140458340097876,0.0136009906968193,52639900.0,35211400.0,0.0033242077544017,0.0170889037303914,0.0304823621431,0.0168733218518562,-0.0121582602270814,-0.0007839833442553,-0.0006425379076541,0.0430287052355362,165.7223358154297
GOOGL,2025-06-03,-0.0168610716133654,0.0112528760598111,-0.015779626033385,-0.0006980948536493,0.0262954905629138,0.0021058913583602,38612300.0,37995700.0,-0.0388663932499632,-0.0021616442829112,0.011996705189978,0.0167378016407652,-0.0161454724783504,-0.0040540172685351,-0.0021468839183721,0.0760394811458735,167.58718872070312
GOOGL,2025-06-04,0.0112528760598111,0.0009522904228118,-0.0168610716133654,-0.015779626033385,-0.0031231061893272,-0.0153715803863305,45084900.0,34784000.0,-0.0250058656808357,0.0248200102304767,0.0295288302444483,0.0162158118285445,0.0201887359180232,-0.0017215543432416,-0.0014802864702344,0.0566183501511519,167.7467803955078
GOOGL,2025-06-05,0.0009522904228118,0.0325187181861785,0.0112528760598111,-0.0168610716133654,-0.0029010152710103,0.0279302095605504,26900800.0,29317300.0,-0.0212379845509231,-0.0020762820562862,0.1111773385362011,0.0146786088935951,0.0342274403466317,0.0065862859948832,0.0031232922367195,0.0457919818277297,173.20169067382812
GOOGL,2025-06-06,0.0325187181861785,0.0151034107641776,0.0009522904228118,0.0112528760598111,-0.0006980948536493,0.0137042966956497,36379100.0,52639900.0,0.011296082191295,0.0164452508068873,0.1257452854047138,0.0187897200862787,0.0090129632618154,0.0070250813642076,0.0035011444015306,0.0069176613121055,175.817626953125
GOOGL,2025-06-09,0.0151034107641776,0.0142542550222246,0.0325187181861785,0.0009522904228118,-0.015779626033385,-0.0140458340097876,35731800.0,38612300.0,0.0430287052355362,0.0464959493455441,0.1541941820414691,0.0174150667030947,-0.0044381122750248,0.008569110954619,0.0041339698928646,0.0038617876300599,178.32377624511722
GOOGL,2025-06-10,0.0142542550222246,-0.0069989398994252,0.0151034107641776,0.0325187181861785,-0.0168610716133654,0.0262954905629138,28935900.0,45084900.0,0.0760394811458735,0.0342177075191716,0.1284629018171179,0.0159928242650906,-0.0083803625270542,0.0101221329448782,0.0037056362234084,-0.0148377286277725,177.07569885253906
GOOGL,2025-06-11,-0.0069989398994252,-0.0093037099284409,0.0142542550222246,0.0151034107641776,0.0112528760598111,-0.0031231061893272,61766100.0,26900800.0,0.0566183501511519,0.0301966936113657,0.1130490453584802,0.0158108186138527,-0.0108525982946493,0.0039138661023437,0.0034317430232276,-0.0227233774066374,175.42823791503906
GOOGL,2025-06-12,-0.0093037099284409,-0.0058622067841972,-0.0069989398994252,0.0142542550222246,0.0009522904228118,-0.0029010152710103,31646800.0,36379100.0,0.0457919818277297,0.023581467874193,0.063752134792496,0.0155707489295974,-0.0067348646694487,-0.0042785949008723,0.0016768950062792,-0.0515651005730692,174.39984130859375
GOOGL,2025-06-13,-0.0058622067841972,0.0120226943196306,-0.0093037099284409,-0.0069989398994252,0.0325187181861785,-0.0006980948536493,20941900.0,35731800.0,0.0069176613121055,0.0182918859741538,0.0666105495773021,0.0145467792356842,-0.0080632672148238,-0.0076938409962001,0.0019094486368585,-0.0542738297180586,176.49659729003906
GOOGL,2025-06-16,0.0120226943196306,-0.004638847758527,-0.0058622067841972,-0.0093037099284409,0.0151034107641776,-0.015779626033385,27663100.0,28935900.0,0.0038617876300599,0.0470566605872122,0.0649497110602521,0.0138409588821254,0.0036846990458648,-0.0060692787320222,0.0018269689762183,-0.0565706520193299,175.6778564453125
GOOGL,2025-06-17,-0.004638847758527,-0.0149473336052525,0.0120226943196306,-0.0058622067841972,0.0142542550222246,-0.0168610716133654,27389200.0,61766100.0,-0.0148377286277725,0.0600734993318619,0.0577819975125655,0.0129372668493829,0.005252246261517,-0.003342756974308,0.0015952212348563,-0.0299517320257123,173.05194091796875
GOOGL,2025-06-18,-0.0149473336052525,-0.0385414789282058,-0.004638847758527,0.0120226943196306,-0.0069989398994252,0.0112528760598111,24973000.0,31646800.0,-0.0227233774066374,0.0326084126058887,0.0582377639708433,0.0135641036718184,-0.0164351918230158,-0.0044592756799813,0.0015524247294358,0.0012692736492265,166.38226318359375
GOOGL,2025-06-20,-0.0385414789282058,-0.0087014633491403,-0.0149473336052525,-0.004638847758527,-0.0093037099284409,0.0009522904228118,28707500.0,20941900.0,-0.0515651005730692,-0.0081343868937266,-0.0101937796684665,0.0195371251866018,-0.0350825675892337,-0.0101288162639383,-0.0020881356746389,0.0713514308657314,164.9344940185547
GOOGL,2025-06-23,-0.0087014633491403,0.0095648620561825,-0.0385414789282058,-0.0149473336052525,-0.0058622067841972,0.0325187181861785,75659900.0,27663100.0,-0.0542738297180586,-0.0477316163780534,-0.0320713239739213,0.0176746796363432,-0.0211425349168446,-0.0127446698043424,-0.003582312796732,0.0668321006273668,166.51206970214844
GOOGL,2025-06-24,0.0095648620561825,0.0234453314468177,-0.0087014633491403,-0.0385414789282058,0.0120226943196306,0.0151034107641776,57671000.0,27389200.0,-0.0565706520193299,-0.0529273282334628,-0.0088922852604568,0.0175232810770769,0.0139671900145015,-0.0106881716106151,-0.0022430806830684,0.0543861714991062,170.4160003662109
GOOGL,2025-06-25,0.0234453314468177,0.0167565886664167,0.0095648620561825,-0.0087014633491403,-0.004638847758527,0.0142542550222246,40524300.0,24973000.0,-0.0299517320257123,-0.0443450449817556,-0.0116447232416941,0.019590455946552,0.0247106754061817,-0.0067964857816821,-0.0010177817699117,0.0466370109262908,173.27159118652347
GOOGL,2025-06-26,0.0167565886664167,0.0287541916812843,0.0234453314468177,0.0095648620561825,-0.0149473336052525,-0.0069989398994252,35479000.0,28707500.0,0.0012692736492265,-0.0214829459415745,0.0080650337333241,0.0189447174120434,0.0083590528728667,-0.0018376368425056,-0.0010261501908462,0.0345164957997985,178.25387573242188
GOOGL,2025-06-27,0.0287541916812843,-0.0128831028400333,0.0167565886664167,0.0234453314468177,-0.0385414789282058,-0.0093037099284409,31796700.0,75659900.0,0.0713514308657314,0.0161070865840382,0.0400683832030597,0.0200243470874529,0.0269809108257245,0.0105750588404859,0.0006884834176396,-0.0097463235464061,175.95741271972656
GOOGL,2025-06-30,-0.0128831028400333,-0.0022129731965664,0.0287541916812843,0.0167565886664167,-0.0087014633491403,-0.0058622067841972,108140200.0,57671000.0,0.0668321006273668,0.0089310368601582,0.0273862883421891,0.019987528230466,-0.0060919428913563,0.0135851772455836,4.293695231216482e-05,-0.0106110672941049,175.56802368164062
GOOGL,2025-07-01,-0.0022129731965664,0.0159235690932733,-0.0128831028400333,0.0287541916812843,0.0095648620561825,0.0120226943196306,63378900.0,40524300.0,0.0543861714991062,-0.0052611417027632,0.0415479471250408,0.0182621366996105,-0.0007157721821593,0.0106485848062514,0.0006150613545582,0.0044358495278908,178.36369323730466
GOOGL,2025-07-02,0.0159235690932733,0.0049821019205436,-0.0022129731965664,-0.0128831028400333,0.0234453314468177,-0.004638847758527,35904500.0,35479000.0,0.0466370109262908,0.0152884196468339,0.0762803478461351,0.0173375164310962,-0.0038428634960792,0.0049378770257992,0.0012301918036718,-0.0057097794955583,179.2523193359375
GOOGL,2025-07-03,0.0049821019205436,-0.0152620817400838,0.0159235690932733,-0.0022129731965664,0.0167565886664167,-0.0149473336052525,29128900.0,31796700.0,0.0345164957997985,0.0358295803276074,0.0696063386723147,0.0156830033394992,-0.0020857425457943,0.002848917942067,0.0001164678804809,0.0036763629306029,176.5165557861328
GOOGL,2025-07-07,-0.0152620817400838,-0.0137451073802477,0.0049821019205436,0.0159235690932733,0.0287541916812843,-0.0385414789282058,21689700.0,108140200.0,-0.0097463235464061,0.0609096931886088,0.0522798432849078,0.0164585277424544,0.007138057617071,-0.0011196526996636,-0.001238001255997,0.0269811463142588,174.09031677246094
GOOGL,2025-07-08,-0.0137451073802477,0.0129616643014667,-0.0152620817400838,0.0049821019205436,-0.0128831028400333,-0.0087014633491403,34175600.0,63378900.0,-0.0106110672941049,0.0555118734160984,0.0051305855917207,0.0161310956526791,-0.0158892658202672,-0.0030791172854458,-0.0024831127101012,0.0438174232107593,176.3468170166016
GOOGL,2025-07-09,0.0129616643014667,0.005661904644475,-0.0137451073802477,-0.0152620817400838,-0.0022129731965664,0.0095648620561825,40442500.0,35904500.0,0.0044358495278908,0.0590632699001651,0.0030098805941547,0.015692717696793,0.0125481105578554,-0.0004263407374428,-0.0016338015684571,0.0359529863334677,177.34527587890625
GOOGL,2025-07-10,0.005661904644475,0.0144691761669175,0.0129616643014667,-0.0137451073802477,0.0159235690932733,0.0234453314468177,43025600.0,29128900.0,-0.0057097794955583,0.0406609443820111,-0.0054872120073653,0.014303037491035,-0.0121871202406589,-0.0020951920863587,-0.0018241394541374,0.0335547429554745,179.91131591796875
GOOGL,2025-07-11,0.0144691761669175,0.0076029619356596,0.005661904644475,0.0129616643014667,0.0049821019205436,0.0167565886664167,29252400.0,21689700.0,0.0036763629306029,0.0383197538960542,0.0160135867530364,0.013876998792422,0.0102874263552882,0.0003794416938577,-0.0007671382216405,0.0270269674288172,181.2791748046875
GOOGL,2025-07-14,0.0076029619356596,0.0024235053759531,0.0144691761669175,0.005661904644475,-0.0152620817400838,0.0287541916812843,34282900.0,34175600.0,0.0269811463142588,0.016971855786221,0.0333523095208998,0.0126209019119786,0.0075923917185481,0.0004703085141531,-5.0775402240714126e-05,0.047036896000711,181.718505859375
GOOGL,2025-07-15,0.0024235053759531,0.0053297040650581,0.0076029619356596,0.0144691761669175,-0.0137451073802477,-0.0128831028400333,32536600.0,40442500.0,0.0438174232107593,0.0327414062903106,0.0419648578569011,0.0114623984547276,0.0149020564034977,0.0066285729589061,0.0010974907786753,0.0513186382451609,182.68701171875
GOOGL,2025-07-16,0.0053297040650581,0.0033337854777453,0.0024235053759531,0.0076029619356596,0.0129616643014667,-0.0022129731965664,33448300.0,43025600.0,0.0359529863334677,0.0405483178988124,0.0350738457497747,0.0103736662582824,-0.0010303955206916,0.0039128717431967,0.0008617360503475,0.0396785954835448,183.29605102539065
GOOGL,2025-07-17,0.0033337854777453,0.0080619421951648,0.0053297040650581,0.0024235053759531,0.005661904644475,0.0159235690932733,33104200.0,29252400.0,0.0335547429554745,0.0276533732766102,0.0433645692987474,0.0093985273923809,0.0024768284928129,0.0068456614898911,0.0007229651619123,0.0467915477973341,184.77377319335935
GOOGL,2025-07-18,0.0080619421951648,0.0272344457589495,0.0033337854777453,0.0053297040650581,0.0144691761669175,0.0049821019205436,31992600.0,34282900.0,0.0270269674288172,0.030802691300602,0.0677359191304711,0.0086300482846583,0.0069552264543405,0.0061792215097015,0.0018924860757801,0.0438775575931755,189.8059844970703
GOOGL,2025-07-21,0.0272344457589495,0.0065228060655391,0.0080619421951648,0.0033337854777453,0.0076029619356596,-0.0152620817400838,34014500.0,32536600.0,0.047036896000711,0.0752871516881337,0.140782562187111,0.0119211837946897,0.0238940649378549,0.0094395561535629,0.0048413177021346,0.0130456925225848,191.04405212402344
GOOGL,2025-07-22,0.0065228060655391,-0.0058011560939256,0.0272344457589495,0.0080619421951648,0.0024235053759531,-0.0137451073802477,45803100.0,33448300.0,0.0513186382451609,0.0973847119465083,0.1583025931648445,0.0108339956590488,-0.0054636718623506,0.0053664105003932,0.0056252608548593,0.0230479982728797,189.9357757568359
GOOGL,2025-07-23,-0.0058011560939256,0.0101980850814105,0.0065228060655391,0.0272344457589495,0.0053297040650581,0.0129616643014667,44660200.0,33104200.0,0.0396785954835448,0.0770581458181638,0.1406727217827936,0.0114224933412486,-0.0128812132709358,0.0029962469503444,0.0042828406905874,0.033117787633647,191.87275695800784
GOOGL,2025-07-24,0.0101980850814105,0.0052557649472468,-0.0058011560939256,0.0065228060655391,0.0033337854777453,0.005661904644475,58681900.0,31992600.0,0.0467915477973341,0.0819163691116369,0.1259081104220727,0.0104714673576719,0.023208268888849,0.0071425350295516,0.0042077203647207,-0.0014049781253008,192.88119506835932
GOOGL,2025-07-25,0.0052557649472468,-0.0031058499942486,0.0101980850814105,-0.0058011560939256,0.0080619421951648,0.0144691761669175,74881700.0,34014500.0,0.0438775575931755,0.0720904023419197,0.1131726427139838,0.009491799004034,-0.0024929106454008,0.0052529076096033,0.0036651221888074,-0.0209648039003018,192.2821350097656
GOOGL,2025-07-28,-0.0031058499942486,0.0164607081021621,0.0052557649472468,0.0101980850814105,0.0272344457589495,0.0076029619356596,39785900.0,45803100.0,0.0130456925225848,0.0606962174057379,0.0786982006405383,0.0094313156975902,-0.0062989771284182,-0.0007857008036513,0.0020011277911002,0.0127738961109249,195.44723510742188
GOOGL,2025-07-29,0.0164607081021621,0.0039846730731847,-0.0031058499942486,0.0052557649472468,0.0065228060655391,0.0024235053759531,38139500.0,44660200.0,0.0230479982728797,0.0755494284036817,0.1107644292243581,0.0097696876343731,0.0141945710442039,0.0031459477776596,0.0030154534878782,-0.0055172876835745,196.2260284423828
GOOGL,2025-07-30,0.0039846730731847,-0.0235587936393441,0.0164607081021621,-0.0031058499942486,-0.0058011560939256,0.0053297040650581,41389200.0,58681900.0,0.033117787633647,0.0741104504160174,0.1176638224179225,0.008915004986108,0.0085580937722679,0.0074338091863003,0.0034791467855996,-0.0022388252944098,191.60317993164065
GOOGL,2025-07-31,-0.0235587936393441,-0.0144345271040494,0.0039846730731847,0.0164607081021621,0.0101980850814105,0.0033337854777453,32445400.0,74881700.0,-0.0014049781253008,0.045320828570929,0.0742274756372163,0.0145914331797428,-0.0050001011525798,0.0017921351780146,0.0034212849027746,0.0240751185045102,188.8374786376953
GOOGL,2025-08-01,-0.0144345271040494,0.031248290494247,-0.0235587936393441,0.0039846730731847,0.0052557649472468,0.0080619421951648,51329200.0,39785900.0,-0.0209648039003018,0.0219928693023085,0.0534730001668442,0.0145992574108109,-0.0013849167213784,0.002013733962819,0.0034563261939954,0.0649817023796643,194.7383270263672
GOOGL,2025-08-04,0.031248290494247,-0.0018970612905705,-0.0144345271040494,-0.0235587936393441,-0.0031058499942486,0.0272344457589495,34832200.0,38139500.0,0.0127738961109249,0.0259862329544884,0.1032298141048697,0.0188613304502118,0.0210375413665942,0.0074810376618215,0.0041513003814715,0.0305578798798438,194.368896484375
GOOGL,2025-08-05,-0.0018970612905705,0.0072944601104085,0.031248290494247,-0.0144345271040494,0.0164607081021621,0.0065228060655391,31547400.0,41389200.0,-0.0055172876835745,0.0174035481523031,0.1164830996224708,0.0172367201227175,-0.0093317501439893,0.0027757734241829,0.0044791761652854,0.0445369660924341,195.7867126464844
GOOGL,2025-08-06,0.0072944601104085,0.0021928788835978,-0.0018970612905705,0.031248290494247,0.0039846730731847,-0.0058011560939256,31602300.0,32445400.0,-0.0022388252944098,0.0308048173985879,0.1102367253277543,0.0156865196626781,0.0065877149509504,0.0023816976599194,0.0041811563849402,0.0299352088733306,196.2160491943359
GOOGL,2025-08-07,0.0021928788835978,0.024933792614868,0.0072944601104085,-0.0018970612905705,-0.0235587936393441,0.0101980850814105,21562900.0,51329200.0,0.0240751185045102,0.0226363153643465,0.1064069692406968,0.0142043957682676,0.0018504111028843,0.0037518001110122,0.0048830329521173,0.0326684016092742,201.10845947265625
GOOGL,2025-08-08,0.024933792614868,-0.002085153663427,0.0021928788835978,0.0072944601104085,-0.0144345271040494,0.0052557649472468,26321800.0,34832200.0,0.0649817023796643,0.042654569831865,0.1178199572746854,0.0155192345005126,0.009604908855165,0.0059497652263209,0.0048489070771112,0.0123125888288209,200.68911743164065
GOOGL,2025-08-11,-0.002085153663427,0.0116417872318292,0.024933792614868,0.0021928788835978,0.031248290494247,-0.0031058499942486,39161800.0,31547400.0,0.0305578798798438,0.043722119173724,0.10707210383027,0.0145595010930111,-0.0060966093675385,0.0005229350794943,0.0041644570228068,0.0124377659313208,203.0254974365234
GOOGL,2025-08-12,0.0116417872318292,-0.0067866778790902,-0.002085153663427,0.024933792614868,-0.0018970612905705,0.0164607081021621,25832400.0,31602300.0,0.0445369660924341,0.0387739551543739,0.1172527337069186,0.0133900937444039,0.0048367648632207,0.0033566380809364,0.003661192445793,-0.008704609582263,201.6476287841797
GOOGL,2025-08-13,-0.0067866778790902,0.0048524503527345,0.0116417872318292,-0.002085153663427,0.0072944601104085,0.0039846730731847,30397900.0,21562900.0,0.0299352088733306,0.0276293638761015,0.103787438893685,0.0133070986054896,-0.0098963101144992,5.983306784646241e-05,0.0032178967161026,-0.0130718622880552,202.62611389160156
GOOGL,2025-08-14,0.0048524503527345,0.0047304433477506,-0.0067866778790902,0.0116417872318292,0.0021928788835978,-0.0235587936393441,28342900.0,26321800.0,0.0326684016092742,0.0575300157538807,0.1054581523064741,0.0120387720381502,0.0044288177610791,0.0005755143994854,0.0033154961795159,-0.0157188949271065,203.58462524414065
GOOGL,2025-08-15,0.0047304433477506,-0.0019617569079343,0.0048524503527345,-0.0067866778790902,0.024933792614868,-0.0144345271040494,25230400.0,39161800.0,0.0123125888288209,0.0780943841912829,0.1018047730783546,0.0108902801997136,0.0088444922201314,0.0004234310724787,0.0034099594678055,0.0107405703530516,203.18524169921875
GOOGL,2025-08-18,-0.0019617569079343,-0.0094839661434544,0.0047304433477506,0.0048524503527345,-0.002085153663427,0.031248290494247,34931400.0,25832400.0,0.0124377659313208,0.0433757175684674,0.070489122024258,0.0101912233172753,-0.0049436837491856,0.0006540161961493,0.0019680720334534,0.0245208977986397,201.25823974609375
GOOGL,2025-08-19,-0.0094839661434544,-0.0111623802281484,-0.0019617569079343,0.0047304433477506,0.0116417872318292,-0.0018970612905705,18526600.0,30397900.0,-0.008704609582263,0.0354446796083578,0.053465090948968,0.0105817881966721,-0.0068057128196597,-0.0016744793404267,0.001900969985588,0.0276330094938004,199.01171875
GOOGL,2025-08-20,-0.0111623802281484,0.0021573430476768,-0.0094839661434544,-0.0019617569079343,-0.0067866778790902,0.0072944601104085,24240200.0,28342900.0,-0.0130718622880552,0.016472037657319,0.0477842731681235,0.0107682434868618,-0.009271968245907,-0.0015496109667083,0.0020814322368394,0.0409391438651931,199.44105529785153
GOOGL,2025-08-21,0.0021573430476768,0.0317396281676796,-0.0111623802281484,-0.0094839661434544,0.0048524503527345,0.0021928788835978,28955500.0,25230400.0,-0.0157188949271065,0.0164359955098349,0.0394443612518691,0.0098373352010322,0.000466179223529,-0.0023421386742183,0.0009443277535734,0.0595243405241197,205.771240234375
GOOGL,2025-08-22,0.0317396281676796,0.0116453883837839,0.0021573430476768,-0.0111623802281484,0.0047304433477506,0.024933792614868,19774600.0,34931400.0,0.0107405703530516,0.0231854034084166,0.0668289366490459,0.015881768403463,0.0048440611350022,-0.0031422248912442,0.0013111763425936,0.0330923966498939,208.1675262451172
GOOGL,2025-08-25,0.0116453883837839,-0.0064751485196922,0.0317396281676796,0.0021573430476768,-0.0019617569079343,-0.002085153663427,42827000.0,18526600.0,0.0245208977986397,0.0372636489172057,0.0826150137897356,0.0145978615660996,0.0112365928532224,9.38304292373857e-05,0.0021879548416756,0.0137177535412034,206.81961059570312
GOOGL,2025-08-26,-0.0064751485196922,0.0016414185196687,0.0116453883837839,0.0317396281676796,-0.0094839661434544,0.0116417872318292,29928900.0,24240200.0,0.0276330094938004,0.0186878653523108,0.0581864229597863,0.0142078189131074,-0.0083970112951879,-0.0002244292658682,0.001058375724706,0.1135464983735585,207.15908813476557
GOOGL,2025-08-27,0.0016414185196687,0.0200501194059272,-0.0064751485196922,0.0116453883837839,-0.0111623802281484,-0.0067866778790902,28464100.0,28955500.0,0.0409391438651931,0.0273321307263412,0.0557166639877901,0.012889644525832,-0.001449350525523,0.0013400942782085,0.0005580035098165,0.119626015127157,211.31265258789065
GOOGL,2025-08-28,0.0200501194059272,0.0060008292543367,0.0016414185196687,-0.0064751485196922,0.0021573430476768,0.0048524503527345,23022900.0,19774600.0,0.0595243405241197,0.0428697887427091,0.1028661041183234,0.013433688707705,0.0196000092422095,0.0051668602819446,0.0017880090295559,0.1103761784777159,212.58070373535156
GOOGL,2025-08-29,0.0060008292543367,-0.007327036944336,0.0200501194059272,0.0016414185196687,0.0317396281676796,0.0047304433477506,32339300.0,42827000.0,0.0330923966498939,0.044188398217315,0.125733648155778,0.0121538440251954,0.008609176821478,0.0059198834192398,0.0022877137066988,0.1002268999831965,211.0231170654297
GOOGL,2025-09-02,-0.007327036944336,0.0913650427333061,0.0060008292543367,0.0200501194059272,0.0116453883837839,-0.0019617569079343,39728400.0,29928900.0,0.0137177535412034,0.0385750229724537,0.0836239598425716,0.0123489767131527,-0.0044957417484185,0.0027734164989116,0.0010110495509481,0.134820494951015,230.30325317382812
GOOGL,2025-09-03,0.0913650427333061,0.007109978471034,-0.007327036944336,0.0060008292543367,-0.0064751485196922,-0.0094839661434544,47523000.0,28464100.0,0.1135464983735585,0.1443171393349032,0.1848770937089814,0.0372367542240262,0.0767156325062854,0.0197959452592062,0.0053134186834619,0.0378214520305035,231.94070434570312
GOOGL,2025-09-04,0.007109978471034,0.0116229331390234,0.0913650427333061,-0.007327036944336,0.0016414185196687,-0.0111623802281484,103336100.0,23022900.0,0.119626015127157,0.1654625456356606,0.184660088575566,0.0340796057761608,0.0012932274517736,0.0203444608546656,0.005048694308503,0.0356650250064702,234.6365356445312
GOOGL,2025-09-05,0.0116229331390234,-0.0031944171673016,0.007109978471034,0.0913650427333061,0.0200501194059272,0.0021573430476768,51684200.0,32339300.0,0.1103761784777159,0.1764705882352941,0.1958070535409821,0.0309204262098338,0.0111095186726059,0.0186463627407449,0.0055116496869891,0.0255972827196733,233.8870086669922
GOOGL,2025-09-08,-0.0031944171673016,0.0238848216459022,0.0116229331390234,0.007109978471034,0.0060008292543367,0.0317396281676796,46588900.0,39728400.0,0.1002268999831965,0.1366360449623238,0.1629894101933224,0.0290896823963382,0.0024917733155338,0.017422882039556,0.0051559929100075,0.0750726496359379,239.47335815429688
GOOGL,2025-09-09,0.0238848216459022,-0.0019196354100889,-0.0031944171673016,0.0116229331390234,-0.007327036944336,0.0116453883837839,32474700.0,47523000.0,0.134820494951015,0.1503876828142594,0.1932553255453277,0.0266888275851293,0.0126457103075027,0.0208511724507403,0.0060931088937596,0.0481158364600871,239.01365661621097
GOOGL,2025-09-10,-0.0019196354100889,0.0050173649781259,0.0238848216459022,-0.0031944171673016,0.0913650427333061,-0.0064751485196922,38061000.0,103336100.0,0.0378214520305035,0.1556624438455291,0.1772593079888369,0.0250905648447319,-0.0060253930390318,0.0043029673416768,0.005550000998647,0.0433164608858822,240.21287536621097
GOOGL,2025-09-11,0.0050173649781259,0.0017889050156989,-0.0019196354100889,0.0238848216459022,0.007109978471034,0.0016414185196687,35141100.0,51684200.0,0.0356650250064702,0.1595575049545619,0.1912506822646897,0.0228641708137246,-0.0131351037738025,0.0014173010965616,0.0053880613156818,0.0485085333157671,240.64259338378903
GOOGL,2025-09-12,0.0017889050156989,0.0448920225939752,0.0050173649781259,-0.0019196354100889,0.0116229331390234,0.0200501194059272,30599300.0,46588900.0,0.0255972827196733,0.1387987914434005,0.1876188550530315,0.0209893595856633,-0.0062357627306114,-0.0020517551840818,0.0048548322910973,0.0578073221995172,251.4455261230469
GOOGL,2025-09-15,0.0448920225939752,-0.0017884869068218,0.0017889050156989,0.0050173649781259,-0.0031944171673016,0.0060008292543367,26771600.0,32474700.0,0.0750726496359379,0.1828238485656692,0.235090939807026,0.0239459631969745,0.0263178782128604,0.0027134657953834,0.0057285015907337,0.00365647021185,250.99581909179688
GOOGL,2025-09-16,-0.0017884869068218,-0.006489896020867,0.0448920225939752,0.0017889050156989,0.0238848216459022,-0.007327036944336,58383800.0,38061000.0,0.0481158364600871,0.1894233322976328,0.2353053646649867,0.0227748648681945,-0.0108304555871597,-0.001981767383549,0.005434162998835,0.0019907884013277,249.36688232421875
GOOGL,2025-09-17,-0.006489896020867,0.0100188416612676,-0.0017884869068218,0.0448920225939752,-0.0019196354100889,0.0913650427333061,34109700.0,35141100.0,0.0433164608858822,0.0827762043639122,0.2390393687176166,0.0219822378759019,-0.011178217340187,-0.00301233224378,0.0052155377728087,-0.0095779668579633,251.86524963378903
GOOGL,2025-09-18,0.0100188416612676,0.0106733568230346,-0.006489896020867,-0.0017884869068218,0.0050173649781259,0.007109978471034,34108000.0,30599300.0,0.0485085333157671,0.0859036163759714,0.2655799930565095,0.0198884644489834,0.0128246714401219,0.0021796227990048,0.0063203697571101,-0.024758998732661,254.55349731445315
GOOGL,2025-09-19,0.0106733568230346,-0.0085976745097743,0.0100188416612676,-0.006489896020867,0.0017889050156989,0.0116229331390234,31239500.0,26771600.0,0.0578073221995172,0.0848843152887988,0.2763344885750574,0.0180005744426778,0.0060677131567095,0.004640317976469,0.0066004464537691,-0.0321137499372093,252.36492919921875
GOOGL,2025-09-22,-0.0085976745097743,-0.0034451321930942,0.0106733568230346,0.0100188416612676,0.0448920225939752,-0.0031944171673016,55571400.0,58383800.0,0.00365647021185,0.0790036207549065,0.2264344079948839,0.0178539998574258,-0.0078773788535459,-0.0021987334368122,0.0059643744543417,-0.0335801682666437,251.49549865722656
GOOGL,2025-09-23,-0.0034451321930942,-0.0179607352477479,-0.0085976745097743,0.0106733568230346,-0.0017884869068218,0.0238848216459022,32290500.0,34109700.0,0.0019907884013277,0.0502024133105596,0.2081399207342777,0.0166134319587743,-0.0032920361777748,-0.0006910495549352,0.0052379430027919,-0.0340141180604864,246.97845458984375
GOOGL,2025-09-24,-0.0179607352477479,-0.0054625669869849,-0.0034451321930942,-0.0085976745097743,-0.006489896020867,-0.0019196354100889,26628000.0,34108000.0,-0.0095779668579633,0.0333236104011496,0.194173288879478,0.0175633489976565,-0.0234984555947021,-0.0031550972058382,0.0044828707878161,-0.0090637082215596,245.6293182373047
GOOGL,2025-09-25,-0.0054625669869849,0.0030513935556579,-0.0179607352477479,-0.0034451321930942,0.0100188416612676,0.0050173649781259,28201000.0,31239500.0,-0.024758998732661,0.0225485118682178,0.1857038011169107,0.0160605331714223,0.0066433074205185,-0.0043913700097589,0.0048875036851182,-0.0004067696458153,246.37882995605463
GOOGL,2025-09-26,0.0030513935556579,-0.0100997214102737,-0.0054625669869849,-0.0179607352477479,0.0106733568230346,0.0017889050156989,31020400.0,55571400.0,-0.0321137499372093,0.0238371623726527,0.1659445231448175,0.0146079612524044,-0.0114355723348565,-0.0078920271080721,0.0033357246062649,-0.0048267498655916,243.89047241210935
GOOGL,2025-09-29,-0.0100997214102737,-0.0038926134690756,0.0030513935556579,-0.0054625669869849,-0.0085976745097743,0.0448920225939752,18503200.0,32290500.0,-0.0335801682666437,-0.0300464829397696,0.1472841519789882,0.0138326313266836,-0.0047607625985332,-0.0072687038570696,0.0026672276352644,0.0261421609116241,242.94110107421875
GOOGL,2025-09-30,-0.0038926134690756,0.0074043167593176,-0.0100997214102737,0.0030513935556579,-0.0034451321930942,-0.0017884869068218,32505800.0,26628000.0,-0.0340141180604864,-0.0320910445708749,0.151253495127231,0.0125392408863671,-0.0147255476163789,-0.0095554061447904,0.0021557373418663,0.0109419480261392,244.7399139404297
GOOGL,2025-10-01,0.0074043167593176,0.0032258315915152,-0.0038926134690756,-0.0100997214102737,-0.0179607352477479,-0.006489896020867,34724300.0,28201000.0,-0.0090637082215596,-0.0185548631825666,0.062685440034601,0.0119998245934665,-0.0099438566538956,-0.0068444863566291,-0.0021772371161426,-0.0011433185103441,245.52940368652344
GOOGL,2025-10-02,0.0032258315915152,-0.0013838778970748,0.0074043167593176,-0.0038926134690756,-0.0054625669869849,0.0100188416612676,31658200.0,31020400.0,-0.0004067696458153,-0.0251556971693311,0.058586953847336,0.0109583476126323,0.0170323572548029,-0.0047666763897722,-0.0013902806259912,-0.0169319337530914,245.1896209716797
GOOGL,2025-10-03,-0.0013838778970748,0.0207050991592561,0.0032258315915152,0.0074043167593176,0.0030513935556579,0.0106733568230346,25483300.0,18503200.0,-0.0048267498655916,-0.0367854947646079,0.0449763089885375,0.0099329171742895,-0.0055716816258993,-0.0035938982479808,-0.0022243406409164,-0.0357856153936582,250.26629638671875
GOOGL,2025-10-06,0.0207050991592561,-0.0186479221473807,-0.0013838778970748,0.0032258315915152,-0.0100997214102737,-0.0085976745097743,30249600.0,32505800.0,0.0261421609116241,-0.0083158655172855,0.0700307717520443,0.0123379436237206,0.0104543464138459,-0.0005508764455049,-0.0018262119860008,-0.0250768651458419,245.5993499755859
GOOGL,2025-10-07,-0.0186479221473807,-0.004638659300595,0.0207050991592561,-0.0013838778970748,-0.0038926134690756,-0.0034451321930942,28894700.0,34724300.0,0.0109419480261392,-0.0234443507463198,0.0255810995782752,0.0143878473874925,-0.0039530911057424,0.0016036148566223,-0.0026561520566631,-0.0012614007095975,244.46009826660156
GOOGL,2025-10-08,-0.004638659300595,-0.0126318454407504,-0.0186479221473807,0.0207050991592561,0.0074043167593176,-0.0179607352477479,23181300.0,31658200.0,-0.0011433185103441,-0.0101966640265217,0.0227871567152166,0.0131293389685278,0.0009939339096088,0.0037911729693232,-0.002305185709231,0.0262038980616428,241.3721160888672
GOOGL,2025-10-09,-0.0126318454407504,-0.0205357465150279,-0.004638659300595,-0.0186479221473807,0.0032258315915152,-0.0054625669869849,21307100.0,25483300.0,-0.0169319337530914,-0.017331816002211,0.004825889207183,0.0127606349587544,-0.004282314178953,-0.000471761317428,-0.0018625462294886,0.0411129000782182,236.4153594970703
GOOGL,2025-10-10,-0.0205357465150279,0.0320412461386767,-0.0126318454407504,-0.004638659300595,-0.0013838778970748,0.0030513935556579,27892100.0,30249600.0,-0.0357856153936582,-0.0404396370449583,-0.0175664408668373,0.0135164033148849,0.004240583554954,0.0014906917187426,-0.0013387289152103,0.0707190534072619,243.9904022216797
GOOGL,2025-10-13,0.0320412461386767,0.0053245887860373,-0.0205357465150279,-0.0126318454407504,0.0207050991592561,-0.0100997214102737,33180300.0,28894700.0,-0.0250768651458419,0.0004097323219804,-0.0296490616330113,0.0198367664871507,0.0077637434749024,0.0009525711309539,-0.0022664356521082,0.0507884382609173,245.28955078125
GOOGL,2025-10-14,0.0053245887860373,0.0227337649023695,0.0320412461386767,-0.0205357465150279,-0.0186479221473807,-0.0038926134690756,24995000.0,23181300.0,-0.0012614007095975,0.0096667451355372,-0.0227345153843375,0.0180453668697597,0.0127497018676662,0.0042931297256357,-0.0010874277793669,0.0204115059529852,250.8659057617188
GOOGL,2025-10-15,0.0227337649023695,0.0017129390949852,0.0053245887860373,0.0320412461386767,-0.004638659300595,0.0074043167593176,22111600.0,21307100.0,0.0262038980616428,0.0250306201496015,0.0060113172347842,0.0184720558321554,0.0153147300322944,0.0071572889501728,0.0002372195892571,0.0026291991094322,251.29562377929688
GOOGL,2025-10-16,0.0017129390949852,0.0073173027237383,0.0227337649023695,0.0053245887860373,-0.0126318454407504,0.0032258315915152,27007700.0,27892100.0,0.0411129000782182,0.023484845424605,-0.002261629404296,0.0167731901885957,0.0120400216823361,0.0104217561224306,0.0001979871013678,0.0064423814326508,253.13442993164065
GOOGL,2025-10-17,0.0073173027237383,0.0128305887524202,0.0017129390949852,0.0227337649023695,-0.0205357465150279,-0.0013838778970748,27997200.0,33180300.0,0.0707190534072619,0.0324027131673678,-0.0055747314328173,0.0152099812465727,-0.0036190331566651,0.0088498327801068,-0.0002863502143008,0.0261350940702078,256.3822937011719
GOOGL,2025-10-20,0.0128305887524202,-0.0237380425382999,0.0073173027237383,0.0017129390949852,0.0320412461386767,0.0207050991592561,29671600.0,24995000.0,0.0507884382609173,0.0244379582978384,0.015918870005831,0.0141075682276091,0.0010530968206779,0.0075077034492619,0.0001601735694103,0.0495809197209662,250.29627990722656
GOOGL,2025-10-21,-0.0237380425382999,0.0049109889726026,0.0128305887524202,0.0073173027237383,0.0053245887860373,-0.0186479221473807,22350200.0,22111600.0,0.0204115059529852,0.0191243581552946,-0.0047683507514162,0.0177330006788068,-0.0146593784112633,0.002025887393476,-0.0004081935422641,0.0679150569664845,251.52548217773443
GOOGL,2025-10-22,0.0049109889726026,0.0055226367136951,-0.0237380425382999,0.0128305887524202,0.0227337649023695,-0.004638659300595,47312100.0,27007700.0,0.0026291991094322,0.0289019924365223,0.0184106245034283,0.0161170297685306,0.0050726024872208,-2.2538115538689737e-05,0.001020359361832,0.0909055061601042,252.91456604003903
GOOGL,2025-10-23,0.0055226367136951,0.0270271346458998,0.0049109889726026,-0.0237380425382999,0.0017129390949852,-0.0126318454407504,35029400.0,27997200.0,0.0064423814326508,0.0478201464949754,0.0296595205125147,0.0146590459639227,-0.0022447622836941,-0.0028794949087447,0.0005759558766214,0.1122175559603015,259.7501220703125
GOOGL,2025-10-24,0.0270271346458998,0.0359724241061378,0.0055226367136951,0.0049109889726026,0.0073173027237383,-0.0205357465150279,19901400.0,29671600.0,0.0261350940702078,0.0987023965908244,0.0542712704522656,0.0166072362105804,0.024700882119447,0.0027844881464776,0.0023827785993365,0.0818327738544546,269.0939636230469
GOOGL,2025-10-27,0.0359724241061378,-0.0066846449589693,0.0270271346458998,0.0055226367136951,0.0128305887524202,0.0320412461386767,28655100.0,22350200.0,0.0495809197209662,0.1028874954620515,0.1033393841164505,0.0191132856060517,0.0166510867682882,0.0059040861359997,0.0034533710676776,0.0536637168703617,267.295166015625
GOOGL,2025-10-28,-0.0066846449589693,0.0265450645344849,0.0359724241061378,0.0270271346458998,-0.0237380425382999,0.0053245887860373,35235200.0,47312100.0,0.0679150569664845,0.0897128115090384,0.1002467875288259,0.0189149909064752,-0.0059875306351397,0.0076384556912244,0.0038902719167396,0.0376490741578001,274.3905334472656
GOOGL,2025-10-29,0.0265450645344849,0.0251666373974013,-0.0066846449589693,0.0359724241061378,0.0049109889726026,0.0227337649023695,29738600.0,35029400.0,0.0909055061601042,0.0937737139453751,0.1211515483087608,0.0185747783363755,0.0199662353449705,0.0106171822627743,0.0053857765166829,0.0354735709656599,281.2960205078125
GOOGL,2025-10-30,0.0251666373974013,-0.0010303218613968,0.0265450645344849,-0.0066846449589693,0.0055226367136951,0.0017129390949852,43580300.0,19901400.0,0.1122175559603015,0.1193828856918886,0.1456714197333108,0.0176346662532185,0.0298615547515834,0.0170384456698299,0.0060272363915219,0.0116171312246216,281.0061950683594
GOOGL,2025-10-31,-0.0010303218613968,0.0089974914235007,0.0251666373974013,0.0265450645344849,0.0270271346458998,0.0073173027237383,74876000.0,28655100.0,0.0818327738544546,0.1101065751673746,0.146077040107732,0.017138513731027,-0.0117788840797327,0.0097424924299939,0.0057168762688302,-0.0083930177755,283.5345458984375
GOOGL,2025-11-03,0.0089974914235007,-0.0217820524687704,-0.0010303218613968,0.0251666373974013,0.0359724241061378,0.0128305887524202,39267900.0,35235200.0,0.0536637168703617,0.1059053330294061,0.1329314014393359,0.015537993721452,0.0041304987095785,0.007238374818252,0.0054006838836169,0.0224869387763888,277.35858154296875
GOOGL,2025-11-04,-0.0217820524687704,0.0243928416680181,0.0089974914235007,-0.0010303218613968,-0.0066846449589693,-0.0237380425382999,29786000.0,29738600.0,0.0376490741578001,0.1081210701404469,0.1293131743652411,0.0194009798519119,-0.0048140728260983,0.0074730663800603,0.0053576347975991,0.0496144242286338,284.1241455078125
GOOGL,2025-11-05,0.0243928416680181,0.0015476607326603,-0.0217820524687704,0.0089974914235007,0.0265450645344849,0.0049109889726026,30078400.0,43580300.0,0.0354735709656599,0.1296038200497038,0.1622516211130473,0.0192165722435613,0.0081794861073513,0.0051157165325364,0.0057169124074862,0.0084415124089973,284.5638732910156
GOOGL,2025-11-06,0.0015476607326603,-0.0207902997118692,0.0243928416680181,-0.0217820524687704,0.0251666373974013,0.0055226367136951,31010300.0,74876000.0,0.0116171312246216,0.1251383332582203,0.1789426131817408,0.0176192193273103,0.0037231597377308,-0.000111962470234,0.0061171861033204,-0.021703262202763,278.647705078125
GOOGL,2025-11-07,-0.0207902997118692,0.040419011496126,0.0015476607326603,0.0243928416680181,-0.0010303218613968,0.0270271346458998,37173600.0,39267900.0,-0.0083930177755,0.0727529321533757,0.1786362175067479,0.0196174766603743,-0.0146180875331136,-0.0006798031609102,0.005174252548917,-0.0086790450881901,289.9103698730469
GOOGL,2025-11-10,0.040419011496126,0.0041709373782536,-0.0207902997118692,0.0015476607326603,0.0089974914235007,0.0359724241061378,34479600.0,29786000.0,0.0224869387763888,0.077357388362528,0.188203991768685,0.0235781133692566,0.0219354635603844,0.0028811898092509,0.0058828385531911,-0.0175112420988984,291.1195678710937
GOOGL,2025-11-11,0.0041709373782536,-0.0157907106585043,0.040419011496126,-0.0207902997118692,-0.0217820524687704,-0.0066846449589693,29557300.0,30078400.0,0.0496144242286338,0.0891314355235144,0.186840478707204,0.0214239712248246,-0.0051648933913681,0.0028110256961969,0.0049871087902394,-0.0241323201884897,286.5225830078125
GOOGL,2025-11-12,-0.0157907106585043,-0.028391039850579,0.0041709373782536,0.040419011496126,0.0243928416680181,0.0265450645344849,19842100.0,31010300.0,0.0084415124089973,0.0442145339641555,0.1421344089697136,0.0217066022275298,-0.0116149969820106,-0.0011478709216754,0.0036406224395241,0.0212758388423959,278.3879089355469
GOOGL,2025-11-13,-0.028391039850579,-0.007753928185205,-0.0157907106585043,0.0041709373782536,0.0015476607326603,0.0251666373974013,24829900.0,37173600.0,-0.021703262202763,-0.0103382606231532,0.1078104136825084,0.0236168551229887,-0.003117870579256,-0.0025160769850728,0.0028827278264445,0.0390566326270538,276.22930908203125
GOOGL,2025-11-14,-0.007753928185205,0.0311493742129742,-0.028391039850579,-0.0157907106585043,-0.0207902997118692,-0.0010303218613968,29494000.0,34479600.0,-0.0086790450881901,-0.0169992194839906,0.0912356298454832,0.0214908893537199,-0.0005212061475418,0.0003032992920415,0.0030376191769007,0.0841141815229815,284.83367919921875
GOOGL,2025-11-17,0.0311493742129742,-0.0025962588244621,-0.007753928185205,-0.028391039850579,0.040419011496126,0.0089974914235007,31647200.0,29557300.0,-0.0175112420988984,0.0045819224485139,0.1109725055007448,0.0238949185960305,0.0273330752138298,0.0013828216227306,0.0043516180965583,0.1177461019153729,284.09417724609375
GOOGL,2025-11-18,-0.0025962588244621,0.0300055923184789,0.0311493742129742,-0.007753928185205,0.0041709373782536,-0.0217820524687704,52670200.0,19842100.0,-0.0241323201884897,0.0242847928686911,0.1350315608022401,0.0217412065575307,-0.0029313714752074,0.0018295260059627,0.0049380184433611,0.1377515012571437,292.61859130859375
GOOGL,2025-11-19,0.0300055923184789,-0.0114749649737613,-0.0025962588244621,0.0311493742129742,-0.0157907106585043,0.0243928416680181,49158700.0,24829900.0,0.0212758388423959,0.0298969515089932,0.1633755306821036,0.022696646473163,0.0273625622242719,0.0096250378472192,0.0060525164302136,0.0926881775155012,289.26080322265625
GOOGL,2025-11-20,-0.0114749649737613,0.0352737321883698,0.0300055923184789,-0.0025962588244621,-0.028391039850579,0.0015476607326603,68198900.0,29494000.0,0.0390566326270538,0.0165057140856288,0.1437095448937615,0.0218890865061422,0.0028025355961968,0.0108091190823098,0.0063048813242082,0.1061668209456814,299.46411132812494
GOOGL,2025-11-21,0.0352737321883698,0.0631381944472753,-0.0114749649737613,0.0300055923184789,-0.007753928185205,-0.0207902997118692,62025200.0,31647200.0,0.0841141815229815,0.0747051056607972,0.1528930532978236,0.0235730844118234,0.025206817857554,0.015954723883329,0.0063301781111135,0.050824328125191,318.3717346191407
GOOGL,2025-11-24,0.0631381944472753,0.0152552551401139,0.0352737321883698,-0.0114749649737613,0.0311493742129742,0.040419011496126,74137700.0,52670200.0,0.1177461019153729,0.0981729793196328,0.183124772970096,0.0304912658534394,0.0373333812012904,0.0179547850808211,0.0073642928327636,-0.0086948311535067,323.22857666015625
GOOGL,2025-11-25,0.0152552551401139,-0.0107902013245648,0.0631381944472753,0.0352737321883698,-0.0025962588244621,0.0041709373782536,85165100.0,49158700.0,0.1377515012571437,0.1102949177338714,0.2092570976059538,0.0276287583881102,0.0066257670608695,0.0198662127880365,0.0079949577175641,-0.0117795745553485,319.7408752441406
GOOGL,2025-11-26,-0.0107902013245648,0.000718794181957,0.0152552551401139,0.0631381944472753,0.0300055923184789,-0.0157907106585043,88632100.0,68198900.0,0.0926881775155012,0.1159360350853124,0.1652766268104171,0.0276909351616842,-0.0154951473765327,0.0112946708678756,0.0062218885814889,-0.007282432091798,319.970703125
GOOGL,2025-11-28,0.000718794181957,-0.0165219174423928,-0.0107902013245648,0.0152552551401139,-0.0114749649737613,-0.028391039850579,51373400.0,62025200.0,0.1061668209456814,0.149369972095593,0.1374874857716423,0.0255570729384447,-0.0068821147344053,0.0093577408017552,0.0043847051071895,0.0034042614069891,314.6841735839844
GOOGL,2025-12-01,-0.0165219174423928,0.0029215722803053,0.000718794181957,-0.0107902013245648,0.0352737321883698,-0.007753928185205,26018600.0,74137700.0,0.050824328125191,0.1392135564098784,0.1198478151253295,0.0256720506592024,-0.0081192231803742,0.0026925325941695,0.0045676881521574,-0.0030639366203267,315.6035461425781
GOOGL,2025-12-02,0.0029215722803053,0.0120959838602889,-0.0165219174423928,0.000718794181957,0.0631381944472753,0.0311493742129742,41183000.0,85165100.0,-0.0086948311535067,0.1080274882867284,0.1131043843088799,0.0232537823973695,0.0065223563583701,-0.0034696723744145,0.004687281034597,0.0046781490503928,319.4210815429687
GOOGL,2025-12-03,0.0120959838602889,-0.0062885564724237,0.0029215722803053,-0.0165219174423928,0.0152552551401139,-0.0025962588244621,35854700.0,88632100.0,-0.0117795745553485,0.1243492726226254,0.1516538618203295,0.0212094629476086,-0.0087727887761086,-0.0065493835418101,0.0044893452370965,0.0024698116614549,317.4123840332031
GOOGL,2025-12-04,-0.0062885564724237,0.0114916215979492,0.0120959838602889,0.0029215722803053,-0.0107902013245648,0.0300055923184789,41838300.0,51373400.0,-0.007282432091798,0.0847307500652341,0.1171608927002485,0.0198889594083479,-0.0109584288164853,-0.0056420398298006,0.0035324494909046,-0.0156969028558781,321.0599670410156
GOOGL,2025-12-05,0.0114916215979492,-0.0228616662736242,-0.0062885564724237,0.0120959838602889,0.000718794181957,-0.0114749649737613,31240900.0,26018600.0,0.0034042614069891,0.1099325019639188,0.1282527304956819,0.0182283446257976,0.0081134709365015,-0.0026429226956193,0.0037519650508432,-0.0366596888567865,313.7200012207031
GOOGL,2025-12-08,-0.0228616662736242,0.0107101406938945,0.0114916215979492,-0.0062885564724237,-0.0165219174423928,0.0352737321883698,28851700.0,41183000.0,-0.0030639366203267,0.047604668984718,0.1258660864719658,0.0201390956456194,-0.0086604844290873,-0.0027511749453619,0.0040498452060445,-0.0175315567340277,317.0799865722656
GOOGL,2025-12-09,0.0107101406938945,0.0098713416657065,-0.0228616662736242,0.0114916215979492,0.0029215722803053,0.0631381944472753,33909400.0,35854700.0,0.0046781490503928,-0.0040573578192181,0.0937172985951362,0.0186916021110266,0.0148522411478506,-0.0010851979874658,0.0036956840854178,-0.0331461451151902,320.2099914550781
GOOGL,2025-12-10,0.0098713416657065,-0.0242965522216951,0.0107101406938945,-0.0228616662736242,0.0120959838602889,0.0152552551401139,30194000.0,41838300.0,0.0024698116614549,-0.0093388562244973,0.0999260331303646,0.0171863625169964,-0.0070483517661351,-0.0007403105854711,0.0036015111666795,-0.0733580802011619,312.42999267578125
GOOGL,2025-12-11,-0.0242965522216951,-0.0100502006992582,0.0098713416657065,0.0107101406938945,-0.0062885564724237,-0.0107902013245648,33428900.0,31240900.0,-0.0156969028558781,-0.0228650233185766,0.0904201316210469,0.0192581590434835,-0.0222609112044945,-0.0030008070630729,0.0030692154555553,-0.0319111527523842,309.2900085449219
GOOGL,2025-12-12,-0.0100502006992582,-0.0034595599426333,-0.0242965522216951,0.0098713416657065,0.0114916215979492,0.000718794181957,42353700.0,28851700.0,-0.0366596888567865,-0.0333802266137647,0.1110037419639857,0.0177694394625077,-0.0133432990690916,-0.0072921610641916,0.0025579440310635,-0.006886756196339,308.2200012207031
GOOGL,2025-12-15,-0.0034595599426333,-0.0053532992341496,-0.0100502006992582,-0.0242965522216951,-0.0228616662736242,-0.0165219174423928,35940200.0,33909400.0,-0.0175315567340277,-0.0205417777756657,0.1158120846950809,0.0160741973185461,-0.0135375234968359,-0.0082675688777413,0.0019071281635988,0.0050613118954492,306.57000732421875
GOOGL,2025-12-16,-0.0053532992341496,-0.0321297121968574,-0.0034595599426333,-0.0100502006992582,0.0107101406938945,0.0029215722803053,29151900.0,30194000.0,-0.0331461451151902,-0.0286230586720922,0.0763123524792064,0.0145691270168943,0.0044216127006022,-0.010353694567191,0.0007615550379374,0.0253775600790229,296.7200012207031
GOOGL,2025-12-17,-0.0321297121968574,0.0193448038917523,-0.0053532992341496,-0.0034595599426333,0.0098713416657065,0.0120959838602889,30585000.0,33428900.0,-0.0733580802011619,-0.0710694491816498,0.0444423891295469,0.0175854505499642,-0.0170300382432733,-0.0123500318626186,5.662169953415475e-05,0.0585400210492299,302.4599914550781
GOOGL,2025-12-18,0.0193448038917523,0.01553928565699,-0.0321297121968574,-0.0053532992341496,-0.0242965522216951,-0.0062885564724237,43930400.0,42353700.0,-0.0319111527523842,-0.047107149343489,0.0336321766244362,0.0195702014125908,0.0113195392630615,-0.0056339417691074,-0.0007455294485263,0.0365338181006595,307.1600036621094
GOOGL,2025-12-19,0.01553928565699,0.0085297404803705,0.0193448038917523,-0.0321297121968574,-0.0100502006992582,0.0114916215979492,33518000.0,35940200.0,-0.006886756196339,-0.0432939787137351,0.0618791078502101,0.0193363474538934,0.009183700080778,-0.0011285419391334,-0.0004264712242973,0.0208360262409836,309.7799987792968
GOOGL,2025-12-22,0.0085297404803705,0.0147524286339566,0.01553928565699,0.0193448038917523,-0.0034595599426333,-0.0228616662736242,59943200.0,29151900.0,0.0050613118954492,-0.012558977515222,0.0344478255020972,0.017840305688609,-0.0026743471875247,0.0010440933227287,-0.0018205294765512,0.0131383799478881,314.3500061035156
GOOGL,2025-12-23,0.0147524286339566,-0.0008271345970306,0.0085297404803705,0.01553928565699,-0.0053532992341496,0.0107101406938945,26429900.0,30585000.0,0.0253775600790229,-0.0086097533252159,-0.0126321782944585,0.0170188239496553,0.0118093770777448,0.0025216461981572,-0.0030967296827285,-0.0042945954423524,314.0899963378906
