date,fold_id,y_true,ensemble_pred,Final_Sentiment,Article_Count,ensemble_pred_scaled,sentiment_scaled,ridge_pred,ridge_alpha_chosen,manual_40_60,manual_50_50,manual_70_30,manual_80_20
2023-02-01,1,0.072786845266819,-0.0022065499067618,0.8813,1,-1.4127574611216636,2.2204000161760633,-0.0022065499067618,,0.7671370252569725,0.4038212775271999,-0.32281021793234543,-0.6861259656621183
2023-02-02,1,-0.0274734310805797,-0.0030089967893514,0.0,0,-1.7294061770649367,-0.12496027680058537,-0.0030089967893514,,-0.7667386369063259,-0.927183226932761,-1.2480724069856313,-1.4085169970120666
2023-02-03,1,-0.0179423931986093,-0.0027186664063561,0.0,0,-1.6148406588114397,-0.12496027680058537,-0.0027186664063561,,-0.7209124296049271,-0.8699004678060125,-1.1678765442081833,-1.3168645824092688
2023-02-06,1,0.0460641235113143,-0.0024445848083201,0.0,0,-1.5066869754153438,-0.12496027680058537,-0.0024445848083201,,-0.6776509562464887,-0.8158236261079646,-1.0921689658309162,-1.2303416356923922
2023-02-07,1,-0.0768301263451576,-0.0019091319987986,0.0,0,-1.2953951774635097,-0.12496027680058537,-0.0019091319987986,,-0.5931342370657551,-0.7101777271320475,-0.9442647072646323,-1.0613081973309249
2023-02-08,1,-0.0438763126730918,-0.0022480565818462,0.0,0,-1.429136159392801,-0.12496027680058537,-0.0022480565818462,,-0.6466306298374715,-0.7770482180966931,-1.0378833946151362,-1.1683009828743578
2023-02-09,1,-0.0046311561018228,-0.0014920767988156,0.0,0,-1.1308235448516324,-0.12496027680058537,-0.0014920767988156,,-0.5273055840210041,-0.6278919108261088,-0.8290645644363183,-0.929650891241423
2023-02-10,1,0.0004229213227517,0.0001212677908982,0.0,0,-0.4941913841554893,-0.12496027680058537,0.0001212677908982,,-0.27265271974254696,-0.30957583047803733,-0.3834220519490181,-0.4203451626845085
2023-02-13,1,0.0007400228641927,0.0007130295274342,0.0,0,-0.2606798607337964,-0.12496027680058537,0.0007130295274342,,-0.17924811037386978,-0.19282006876719088,-0.2199639855538331,-0.2335359439471542
2023-02-14,1,0.0238697659224271,0.0008930331552322,0.0,0,-0.18964971675289158,-0.12496027680058537,0.0008930331552322,,-0.15083605278150786,-0.15730499677673848,-0.1702428847671997,-0.17671182876243036
2023-02-15,1,-0.014751361683011,0.0012118544420149,0.0,0,-0.06384157509829237,-0.12496027680058537,0.0012118544420149,,-0.10051279611966818,-0.09440092594943887,-0.08217718560898027,-0.07606531543875097
2023-02-16,1,-0.0121454587206244,0.0015991586716767,0.0,0,0.08899020687091946,-0.12496027680058537,0.0015991586716767,,-0.03938008333198344,-0.017985034964832954,0.024805061769468006,0.0462001101366185
2023-02-17,1,-0.0271330140531063,0.0017237080031569,0.0,0,0.13813786603749964,-0.12496027680058537,0.0017237080031569,,-0.019721019665351364,0.006588794618457135,0.05920842318607413,0.08551823746988264
2023-02-21,1,-0.0015251812292262,0.0022559089850322,0.0,0,0.3481464799294553,-0.12496027680058537,0.0022559089850322,,0.06428242589143089,0.11159310156443497,0.20621445291044307,0.25352512858344717
2023-02-22,1,-0.0082923583686351,0.0019306908817883,0.0,0,0.2198141291807575,-0.12496027680058537,0.0019306908817883,,0.012949485591951776,0.04742692619008606,0.11638180738635462,0.1508592479844889
2023-02-23,1,-0.0193640850484371,0.0015620848865743,0.0,0,0.07436074453199508,-0.12496027680058537,0.0015620848865743,,-0.04523186826755319,-0.025299766134295146,0.014564438132220942,0.03449654026547899
2023-02-24,1,0.0083024865016341,0.0014273106356646,0.0,0,0.02117829168844772,-0.12496027680058537,0.0014273106356646,,-0.06650484940497213,-0.05189099255606883,-0.022663278858262206,-0.008049422009358896
2023-02-27,1,0.0021141711622476,0.0017914677302972,0.0,0,0.16487612255910405,-0.12496027680058537,0.0017914677302972,,-0.009025717056709598,0.019957922879259342,0.07792520275119721,0.10690884268716618
2023-02-28,1,0.0033311359584331,0.0009720868784667,0.0,0,-0.15845480467103892,-0.12496027680058537,0.0009720868784667,,-0.1383580879487668,-0.14170754073581215,-0.14840644630990285,-0.1517558990969482
2023-03-01,2,0.0181496143341064,0.0007667326592575,0.0,0,-0.2394883923600857,-0.12496027680058537,-0.005255293988095507,100.0,-0.17077152302438553,-0.18222433458033555,-0.2051299576922356,-0.21658276924818565
2023-03-02,2,0.0179347824305295,-9.324950908365002e-05,0.0,0,-0.578840759784768,-0.12496027680058537,-0.005288623968896231,100.0,-0.30651246999425846,-0.3519005182926767,-0.44267661488951315,-0.4880646631879315
2023-03-03,2,0.0158035364001989,-0.0002562459392271,0.0,0,-0.6431597962569395,-0.12496027680058537,-0.005294941155562725,100.0,-0.33224008458312704,-0.38406003652876247,-0.48769994042003323,-0.5395198923656687
2023-03-06,2,-0.0133502213284373,-0.000463916001309,0.0,0,-0.7251072247096271,-0.12496027680058537,-0.005302989740099572,100.0,-0.3650190559642021,-0.42503375075510624,-0.5450631403369145,-0.6050778351278188
2023-03-07,2,0.0041551459580659,-0.0010835485146107,0.0,0,-0.9696166669552055,-0.12496027680058537,-0.0053270045866070145,100.0,-0.4628228328624335,-0.5472884718778954,-0.7162197499088194,-0.8006853889242815
2023-03-08,2,-0.0204774588346481,-0.0013221612239447,0.0,0,-1.0637741864841324,-0.12496027680058537,-0.0053362524027986595,100.0,-0.5004858406740041,-0.5943672316423588,-0.7821300135790682,-0.876011404547423
2023-03-09,2,-0.018305929377675,-0.0010037112058404,0.0,0,-0.9381125489195058,-0.12496027680058537,-0.005323910364347002,100.0,-0.45022118564815355,-0.5315364128600456,-0.6941668672838296,-0.7754820944957217
2023-03-10,2,0.0052962801419198,-0.0008255577841499,0.0,0,-0.86781250359171,-0.12496027680058537,-0.00531700574429426,100.0,-0.42210116751703525,-0.4963863901961477,-0.6449568355543726,-0.7192420582334851
2023-03-13,2,0.0313906446099281,0.0005153465774576,0.0,0,-0.3386863352208841,-0.12496027680058537,-0.005265036856713494,100.0,-0.21045070016870487,-0.23182330601073473,-0.27456851769479446,-0.29594112353682434
2023-03-14,2,0.0227734185755252,0.0016306522759344,0.0,0,0.10141770776224826,-0.12496027680058537,-0.005221811405203407,100.0,-0.034409082975451914,-0.011771284519168555,0.03350431239339816,0.05614211084968154
2023-03-15,2,0.0438038036227226,0.0020378189385603,0.0,0,0.2620872843943229,-0.12496027680058537,-0.0052060310116701395,100.0,0.029858747677377936,0.06856350379686876,0.1459730160358504,0.18467777215534126
2023-03-16,2,0.0129586234688758,0.0006520383253501,0.0,0,-0.28474723047849787,-0.12496027680058537,-0.005259739149969571,100.0,-0.18887505827175038,-0.2048537536395416,-0.23681114437512413,-0.25278983974291536
2023-03-17,2,-0.0039362604729831,-0.0019007026490015,0.0,0,-1.2920689226703268,-0.12496027680058537,-0.005358674698631562,100.0,-0.591803735148482,-0.708514599735456,-0.9419363289094043,-1.0586471934963786
2023-03-20,2,0.0365538410842418,-0.0048211638855008,0.0,0,-2.4444944857372373,-0.12496027680058537,-0.005471861832650331,100.0,-1.0527739603752462,-1.2847273812689113,-1.7486342230562415,-1.980587643949907
2023-03-21,2,-0.0147730829194188,-0.0048934464118708,0.0,0,-2.4730174567360566,-0.12496027680058537,-0.005474663257266829,100.0,-1.064183148774774,-1.298988866768321,-1.7686003027554151,-2.0034060207489626
2023-03-22,2,0.0215730164200067,-0.0046449506694642,0.0,0,-2.374960053239777,-0.12496027680058537,-0.005465032408362776,100.0,-1.0249601873762622,-1.2499601650201813,-1.6999601203080195,-1.924960097951939
2023-03-23,2,-0.0015149875544011,-0.0044273761878447,0.0,0,-2.2891043016359998,-0.12496027680058537,-0.005456599962246953,100.0,-0.9906178867347512,-1.2070322892182925,-1.6398610941853753,-1.856275496668917
2023-03-24,2,-0.0282626990228891,-0.0043647811321733,0.0,0,-2.26440404491772,-0.12496027680058537,-0.005454173991011092,100.0,-0.9807377840474393,-1.1946821608591527,-1.6225709144825795,-1.8365152912942933
2023-03-27,2,-0.0139567125588655,-0.003965539928459,0.0,0,-2.1068618857410173,-0.12496027680058537,-0.0054387007612808486,100.0,-0.9177209203767581,-1.1159110812708013,-1.5122914030588877,-1.710481563952931
2023-03-28,2,0.0035632930230349,-0.0028802908996311,0.0,0,-1.6786183235652141,-0.12496027680058537,-0.005396640203950212,100.0,-0.7464234955064368,-0.9017893001828997,-1.2125209095358254,-1.3678867142122884
2023-03-29,2,-0.0049314121715724,-0.00157020863073,0.0,0,-1.1616546749697407,-0.12496027680058537,-0.005345865875740512,100.0,-0.5396380360682476,-0.643307475885163,-0.850646355518994,-0.9543157953359097
2023-03-30,2,0.0281495470553636,-0.0017933447884587,0.0,0,-1.2497050859792438,-0.12496027680058537,-0.005354513873486082,100.0,-0.5748582004720487,-0.6873326813899145,-0.9122816432256462,-1.0247561241435121
2023-03-31,2,0.0060735247097909,-0.0022973200082112,0.0,0,-1.4485757024203751,-0.12496027680058537,-0.005374046237082403,100.0,-0.6544064470485013,-0.7867679896104802,-1.0514910747344381,-1.1838526172964172
2023-04-03,3,0.0034495184663683,-0.0005725289441307,-0.1398,4,-0.7679663218355621,-0.4970031327612521,0.0006320586748100971,100.0,-0.6053884083909761,-0.6324847272984071,-0.686677365113269,-0.7137736840207002
2023-04-04,3,-0.0023872987367212,-0.0013797817845973,-0.5751,2,-1.0865114877790125,-1.6554455876945724,-0.00140674217074209,100.0,-1.4278719477283484,-1.3709785377367925,-1.2571917177536804,-1.2002983077621245
2023-04-05,3,0.0378098301589489,-0.0012577757042511,-0.9484,2,-1.038367405576061,-2.6488904956353228,-0.002967323599633217,100.0,-2.004681259611618,-1.8436289506056918,-1.5215243325938395,-1.3604720235879135
2023-04-06,3,-0.0182622149586677,-0.0010306718133259,-0.1471,3,-0.9487513113429874,-0.5164302632942482,0.0004953099035722556,100.0,-0.6893586825137439,-0.7325907873186178,-0.8190549969283656,-0.8622871017332396
2023-04-10,3,-0.0102406479418277,-0.0004140882263328,0.2115,4,-0.7054449874863896,0.43789425850471503,0.002163701696559233,100.0,-0.019441439891726864,-0.1337753644908373,-0.3624432136890582,-0.4767771382881687
2023-04-11,3,-0.0067394222132861,-0.0008634967402813,-0.3384,2,-0.8827833658430125,-1.025527533289066,-0.00028027979281722423,100.0,-0.9684298663106446,-0.9541554495660394,-0.9256066160768286,-0.9113321993322233
2023-04-12,3,0.026662953197956,-0.0009102719733826,0.0,0,-0.9012410579604969,-0.12496027680058537,0.0011491246271857292,100.0,-0.43547258926455,-0.5131006673805412,-0.6683568236125234,-0.7459849017285146
2023-04-13,3,0.0134040564298629,-0.0010919210362392,0.3977,4,-0.972920497128134,0.933419149634015,0.002799791874125025,100.0,0.17088329092915533,-0.01975067374705952,-0.4010186030994892,-0.5916525677757043
2023-04-14,3,-0.0266373194754123,-0.0009368102867224,0.7772,1,-0.9117131814426509,1.943363812274022,0.004450682945171407,100.0,0.8013330147873527,0.5158253154156855,-0.055190083327648964,-0.3406977826993164
2023-04-17,3,-0.0138719268143177,-0.0010576615190857,-0.5349,2,-0.9594015560606783,-1.5484633072251963,-0.0011613511352672203,100.0,-1.3128386067593891,-1.2539324316429372,-1.1361200814100338,-1.077213906293582
2023-04-18,3,-0.003062090370804,-0.0009161814254967,0.2188,3,-0.9035729511542486,0.4573213890377112,0.0020789508491802795,100.0,-0.08703634703907276,-0.22312578105826872,-0.4953046490966607,-0.6313940831158567
2023-04-19,3,0.0106544969603419,-0.0007084096679799,-0.2404,3,-0.8215853932804404,-0.7647249590104871,0.0001725719640688617,100.0,-0.7874691327184684,-0.7931551761454638,-0.8045272629994544,-0.8102133064264498
2023-04-20,3,0.0011398051865398,-0.0006411963003832,0.0,2,-0.7950627323972238,-0.12496027680058537,0.00121119286322926,100.0,-0.39300125903924077,-0.4600115045989046,-0.5940319957182322,-0.6610422412778961
2023-04-21,3,0.0053125973790884,-0.0009296568759986,-0.3468,4,-0.9088904172579408,-1.0478820396558013,-0.00033129058708663076,100.0,-0.9922853906966571,-0.9783862284568711,-0.9505879039772989,-0.936688741737513
2023-04-24,3,-0.0200057458132505,-0.0007809267589967,0.525,2,-0.8502009244172907,1.2721963711203732,0.003413304727063391,100.0,0.4232374529053076,0.21099772335154127,-0.2134817357559915,-0.42572146530975796
2023-04-25,3,-0.0013481375062838,-0.000410641990376,-0.6008,2,-0.7040850891376831,-1.7238397321737509,-0.0012925651590967946,100.0,-1.3159378749593238,-1.213962410655717,-1.0100114820485033,-0.9080360177448966
2023-04-26,3,0.037412192672491,-9.428677957299996e-05,-0.6405,3,-0.5792500708253674,-1.8294913872641547,-0.0013885498036205414,100.0,-1.3293948606886397,-1.204370729044761,-0.9543224657570035,-0.8292983341131249
2023-04-27,3,-0.0023237594868987,-0.0001525237748457,0.0,0,-0.6022306196611789,-0.12496027680058537,0.001323915954562446,100.0,-0.3158684139448228,-0.36359544823088213,-0.45904951680300077,-0.5067765510890602
2023-04-28,3,-0.0013043048093095,0.0002981744169675,0.0,1,-0.42438332931461853,-0.12496027680058537,0.0014278794286365834,100.0,-0.24472949780619863,-0.27467180305760197,-0.33455641356040855,-0.3644987188118119
2023-05-01,4,-0.0175371374934911,0.0010059750237704,-0.4097,1,-0.14508240840539888,-1.2152747123305219,0.002027430042055343,100.0,-0.7871977907604727,-0.6801785603679604,-0.4661400995829358,-0.35912086919042346
2023-05-02,4,0.0008544642478227,0.0017475015999413,-0.1084,1,0.14752691350334354,-0.413439858961789,0.0019986423821935686,100.0,-0.18905314997573594,-0.13295647272922273,-0.020763118236196212,0.03533355901031704
2023-05-03,4,-0.0068303886801004,0.0027392452671106,-0.5467,1,0.5388728898757634,-1.5798660661689434,0.002521127221516238,100.0,-0.7323704837510607,-0.52049658814659,-0.09674879693764865,0.11512509866682208
2023-05-04,4,0.0084055932238698,0.0006458047248232,0.0,2,-0.2872070339189154,-0.12496027680058537,0.0016706226625146886,100.0,-0.18985897964791737,-0.20608365535975037,-0.23853300678341638,-0.2547576824952494
2023-05-05,4,0.020839475095272,0.0008375961167991,0.0,2,-0.21152539153760722,-0.12496027680058537,0.001715142863151739,100.0,-0.15958632269539413,-0.1682428341690963,-0.18555585711650066,-0.19421236859020286
2023-05-08,4,-0.0038973011542111,0.0002075319719431,0.1187,4,-0.4601511968827628,0.19093018816744847,0.0014897340400418025,100.0,-0.06950236585263606,-0.13461050435765715,-0.26482678136769944,-0.32993491987272056
2023-05-09,4,0.0409874990582466,0.0008819414888788,0.0917,4,-0.19402653219660185,0.11907641770294206,0.0016642880465916542,100.0,-0.006164762256875511,-0.037475057246829896,-0.10009564722673867,-0.13140594221669305
2023-05-10,4,0.0431319624185562,0.0015347786572195,0.2162,4,0.06358559835092131,0.45040213706705506,0.001732809229069921,100.0,0.29567552158060156,0.2569938677089882,0.17963055996576144,0.14094890609414806
2023-05-11,4,0.0080637754872441,0.0017655201372215,-0.3608,2,0.15463709963122627,-1.085139550267027,0.0021711337645692035,100.0,-0.5892288903077256,-0.4652512253179003,-0.2172958953382497,-0.09331823034842436
2023-05-12,4,-0.0085099088028073,0.0019565815197668,0.0,0,0.2300306774018527,-0.12496027680058537,0.0019748909891589405,100.0,0.01703610488038987,0.05253520030063367,0.12353339114112127,0.1590324865613651
2023-05-15,4,0.0257489122450351,0.0020680203194163,0.0,1,0.27400486881673897,-0.12496027680058537,0.0020007590829666713,100.0,0.03462578144634437,0.0745222960080768,0.15431532513154164,0.1942118396932741
2023-05-16,4,0.011128744110465,0.001649343954945,-0.6406,3,0.10879351828123232,-1.829757512339949,0.002330745998619567,100.0,-1.0543371000914765,-0.8604819970293583,-0.47277179090512206,-0.27891668784300394
2023-05-17,4,0.0164681021124124,0.0031927898908005,0.0024,2,0.7178433935070065,-0.11857327498151814,0.002260249477523427,100.0,0.21599339241389173,0.2996350592627442,0.4669183929604492,0.5505600598093016
2023-05-18,4,-0.0005698785535059,0.0026150088294137,0.0,2,0.4898486998345025,-0.12496027680058537,0.0021277305698533477,100.0,0.12096331385344979,0.18244421151695858,0.3054060068439762,0.36688690450748496
2023-05-19,4,0.0186541583389043,0.0024607020259986,0.0,2,0.4289586244627577,-0.12496027680058537,0.002091911601249348,100.0,0.09660728370475187,0.15199917383108616,0.26278295408375474,0.3181748442100891
2023-05-22,4,-0.0199119858443737,0.0011061870761261,0.0,0,-0.10553833590795318,-0.12496027680058537,0.0017774904131400014,100.0,-0.11719150044353249,-0.11524930635426928,-0.11136491817574284,-0.10942272408647963
2023-05-23,4,-0.0135443937033414,0.0027743855224917,-0.015,2,0.5527393737337793,-0.1648790381697556,0.0021747289053114767,100.0,0.12216832659165838,0.1939301677820119,0.3374538501627189,0.40921569135307234
2023-05-24,4,0.0213399603962898,0.0014405207362438,0.0461,2,0.026391049662391364,-0.0022766168593354843,0.0018243576778571838,100.0,0.009190449749355257,0.01205721640152794,0.017790749705873306,0.020657516358045996
2023-05-25,4,0.0091512380167841,0.00195089266968,0.0,0,0.22778583464121313,-0.12496027680058537,0.0019735704463303538,100.0,0.01613816777613404,0.05141277892031388,0.12196200120867356,0.15723661235285347
2023-05-26,4,-0.0075434288010001,0.0026933227047725,0.3413,5,0.5207516650162967,0.7833246068859349,0.0019183191655370694,100.0,0.6782954301380796,0.6520381359511158,0.5995235475771881,0.5732662533902243
2023-05-30,4,-0.0064689358696341,0.0017769158509758,0.472,2,0.159133893382747,1.131150080949305,0.0016184401080430926,100.0,0.7423436059226818,0.645141987166026,0.4507387496527143,0.3535371308960586
2023-05-31,4,0.006917898543179,0.0020846215333486,0.1537,3,0.2805557735417946,0.2840739646955124,0.001902120387590939,100.0,0.2826666882340253,0.2823148691186535,0.28161123088790996,0.28125941177253816
2023-06-01,5,0.0076785902492702,0.0027917804885958,-0.0497,5,0.5596034962074872,-0.2572244394704361,0.003934987272601469,100.0,0.06950673480073324,0.15118952836852553,0.31455511550411014,0.39623790907190254
2023-06-02,5,0.0107484767213463,0.0021384272254153,0.0948,2,0.30178771259348297,0.12732629505257054,0.0036854499523061046,100.0,0.19711086206893552,0.21455700382302675,0.24944928733120922,0.2668954290853005
2023-06-05,5,0.0103165311738848,-0.000284217039946,-0.6683,1,-0.6541973033098387,-1.903474158335017,0.0026394576469949338,100.0,-1.4037634163249455,-1.2788357308224279,-1.028980359817392,-0.9040526743148745
2023-06-06,5,-0.0377817042171955,0.0014778979863421,0.0,2,0.04114026048980803,-0.12496027680058537,0.0034107869162088808,100.0,-0.05852006188442801,-0.04191000815538867,-0.008689900697309991,0.007920153031729354
2023-06-07,5,-0.0029387711547315,-0.0001159488184559,0.0,1,-0.5877979971066033,-0.12496027680058537,0.002769286464408434,100.0,-0.31009536492299256,-0.35637913695359436,-0.4489466810147979,-0.4952304530453997
2023-06-08,5,0.0007368582300841,0.0012282731195921,0.0,2,-0.05736269994143547,-0.12496027680058537,0.0033103164918753163,100.0,-0.09792124605692541,-0.09116148837101042,-0.07764197299918044,-0.07088221531326545
2023-06-09,5,0.0115355281159281,0.0020054991293052,0.0,0,0.2493337597409122,-0.12496027680058537,0.003623138800067729,100.0,0.024757337816013664,0.06218674147016342,0.13704554877846292,0.17447495243261268
2023-06-12,5,0.0015367864398285,0.0002050155656913,0.0,3,-0.4611441807496234,-0.12496027680058537,0.0028984700200817013,100.0,-0.25943383838020057,-0.2930522287751044,-0.36028900956491194,-0.3939073999598158
2023-06-13,5,-0.0012920162407681,0.0001745410456758,0.906,1,-0.4731695469654591,2.2861329098972973,0.0029703965428870987,100.0,1.1824119271521947,0.9064816814659191,0.3546211900933678,0.07869094440709218
2023-06-14,5,0.0114820767194032,0.0001434756333863,0.4726,2,-0.4854280816113585,1.1327468314040718,0.0029176184946817884,100.0,0.48547686619789965,0.32365937489635666,2.4392293270614207e-05,-0.1617930990082724
2023-06-15,5,-0.012470961548388,0.0021335284388528,0.0,0,0.29985463202659246,-0.12496027680058537,0.003674668758700669,100.0,0.04496568673028577,0.08744717761300355,0.1724101593784391,0.21489165026115692
2023-06-16,5,-0.0034809787757694,0.0019025203579714,-0.06,3,0.2086979289840737,-0.28463532227726634,0.0035761156889436655,100.0,-0.08730202177273032,-0.03796869664659633,0.060697953605671665,0.1100312787318057
2023-06-20,5,-0.0207148566842079,0.0012254446042583,-0.1814,2,-0.05847884328737666,-0.6077111642917509,0.0032923210537205696,100.0,-0.3880182358900012,-0.33309500378956375,-0.22324853958868893,-0.16832530748825153
2023-06-21,5,0.0215677749365568,0.000881930323906,-0.182,2,-0.19403093793905954,-0.6093079147465177,0.0031540057322900082,100.0,-0.4431971240235344,-0.4016694263427886,-0.3186140309812969,-0.2770863333005512
2023-06-22,5,-0.0065772728994488,0.0004305446405553,0.9131,1,-0.3721495151673991,2.3050277902787046,0.003074094097100817,100.0,1.234156868100263,0.9664391375556528,0.431003676466432,0.16328594592182166
2023-06-23,5,-0.0326958708465099,0.001022910988504,0.1036,3,-0.13839940968921138,0.15074530172248377,0.00323728844511862,100.0,0.035087417157805695,0.006172946016636191,-0.05165599626570283,-0.08057046740687236
2023-06-26,5,-8.444442210020497e-05,0.0017578646343922,-0.7561,2,0.15161620791441255,-2.13713197488256,0.0034532071855973147,100.0,-1.2216327017637711,-0.9927578834840738,-0.5350082469246793,-0.306133428644982
2023-06-27,5,0.0156342554837465,0.0032349920855893,-0.351,4,0.7344965466063573,-1.0590592928391689,0.004085374598580093,100.0,-0.34163695706095837,-0.16228137311640578,0.1964297947726995,0.37578537871725204
2023-06-28,5,-0.0089865708723664,0.0041572849252831,0.0,0,1.0984369515715515,-0.12496027680058537,0.004489201683992481,100.0,0.3643986145482694,0.48673833738548306,0.7314177830599105,0.8537575058971242
2023-06-29,5,0.0050378190353512,0.0027930323226098,0.3479,3,0.560097474864153,0.8008888618883697,0.003972438988469689,100.0,0.704572307078683,0.6804931683762614,0.6323348909714179,0.6082557522689963
2023-06-30,5,0.0016709198243916,0.0025996076032652,0.0,1,0.48377131503846904,-0.12496027680058537,0.0038622589296288105,100.0,0.1185323599350364,0.17940551911894184,0.3011518374867527,0.3620249966706582
2023-07-03,6,0.0154295358806848,-0.0005292648434926,0.0,2,-0.7508941364850691,-0.12496027680058537,0.0017137681617614051,100.0,-0.37533382067437887,-0.43792720664282725,-0.5631139785797239,-0.6257073645481723
2023-07-05,6,-0.0134702818468213,-0.0013293188539613,0.6162,1,-1.0665986156184808,1.514902440244928,0.0010690277846757,100.0,0.4823020178995644,0.22415191231322362,-0.2921482988594581,-0.550298404445799
2023-07-06,6,-0.0052451840601861,-0.0009677205470172,-0.1471,3,-0.9239104924973522,-0.5164302632942482,0.0016966052372647691,100.0,-0.6794223549754899,-0.7201703778958002,-0.8016664237364209,-0.8424144466567316
2023-07-07,6,-0.0253598969429731,-0.0002411291632249,0.0,0,-0.6371946566144857,-0.12496027680058537,0.0017920801512094427,100.0,-0.32985402872614555,-0.38107746670753556,-0.4835243426703156,-0.5347477806517057
2023-07-10,6,0.0059253247454762,-0.000995388979597,0.0,0,-0.9348285655046062,-0.12496027680058537,0.001587080941372145,100.0,-0.44890759228219373,-0.5298944211525958,-0.6918680788934,-0.7728549077638021
2023-07-11,6,0.0152808297425508,-0.0011961599685942,0.0,2,-1.0140535924116376,-0.12496027680058537,0.0015325136779314869,100.0,-0.4805976030450063,-0.5695069346061115,-0.7473255977283219,-0.8362349292894272
2023-07-12,6,0.0471706204116344,-0.0008286190948629,-0.0733,2,-0.8690205089156843,-0.32002995735793066,0.0016832358997466448,100.0,-0.5396261779810322,-0.5945252331368075,-0.7043233434483581,-0.7592223986041337
2023-07-13,6,0.0070659783668816,-0.0015458760087554,0.0,0,-1.15205292603039,-0.12496027680058537,0.0014374648494716834,100.0,-0.5357973364925073,-0.6385066014154877,-0.8439251312614485,-0.9466343961844291
2023-07-14,6,-0.0061394576914608,-0.0018228376491244,0.0,1,-1.2613430855302545,-0.12496027680058537,0.0013621898365404933,100.0,-0.579513400292453,-0.6931516811654199,-0.9204282429113537,-1.0340665237843207
2023-07-17,6,-0.0071400366723537,-0.0026201830446024,0.0,0,-1.5759787344676761,-0.12496027680058537,0.001145480458031378,100.0,-0.7053676598674217,-0.8504695056341307,-1.1406731971675488,-1.285775042934258
2023-07-18,6,-0.0139786005020141,-0.0012465901976607,0.4416,1,-1.0339535604034122,1.0502480579077864,0.0012125862915565123,100.0,0.21656741058330697,0.008147248752187086,-0.40869307491005263,-0.6171132367411725
2023-07-19,6,-0.0231910124421119,-0.0001927364089275,0.0,1,-0.6180986842308942,-0.12496027680058537,0.0018052327495283267,100.0,-0.3222156397727089,-0.3715294805157398,-0.4701571620018015,-0.5194710027448325
2023-07-20,6,0.006879256106913,3.021987158304993e-05,0.4688,1,-0.530119253483625,1.122634078523882,0.0015407472563509642,100.0,0.4615327457208792,0.2962574125201285,-0.03429325388137289,-0.1995685870821236
2023-07-21,6,0.0125812673941254,-4.722360619826985e-05,0.0,1,-0.560678756336324,-0.12496027680058537,0.0018447814685946314,100.0,-0.29924766861488084,-0.3428195165684547,-0.4299632124756024,-0.4735350604291763
2023-07-24,6,0.0055952896364033,7.417413729689999e-05,0.0,0,-0.5127747262625775,-0.12496027680058537,0.001877775989782624,100.0,-0.2800860565853822,-0.31886750153158144,-0.3964303914239798,-0.4352118363701791
2023-07-25,6,0.0577694177627563,0.0006265277058249,0.9311,2,-0.2948138219138132,2.352930303921709,0.001382241783881833,100.0,1.2938326535875,1.029058241003948,0.4995094158368434,0.2347350032532912
2023-07-26,6,0.001005434198305,0.0012718286413547,-0.0427,4,-0.04017551866177415,-0.23859568416482332,0.002232894502374742,100.0,-0.15922761796360366,-0.13938560141329873,-0.09970156831268889,-0.07985955176238399
2023-07-27,6,0.0245751272886991,0.0010143121272283,0.5098,2,-0.1417925543827739,1.231745359599614,0.0017797814531011569,100.0,0.6823301940066588,0.5449764026084201,0.27026881981194245,0.13291502841370367
2023-07-28,6,0.0010560548398643,0.0010097797027507,0.0,0,-0.1435810670209069,-0.12496027680058537,0.0021320629045488574,100.0,-0.13240859288871398,-0.13427067191074613,-0.13799482995481044,-0.1398569089768426
2023-07-31,6,-0.0088154217228293,-0.001563184462785,0.0,0,-1.1588829104970866,-0.12496027680058537,0.0014327606092051932,100.0,-0.5385293302791858,-0.6419215936488359,-0.8487061203881362,-0.9520983837577863
2023-08-01,7,-0.0240973904728889,0.0004210234815603,-0.3899,2,-0.37590660219143873,-1.1625819473232173,0.0020305315416735818,100.0,-0.8479118092705058,-0.769244274757328,-0.6119092057309723,-0.5332416712177945
2023-08-02,7,0.0005452421028167,0.001879104612332,0.0,0,0.19945798307557625,-0.12496027680058537,0.003023089952515706,100.0,0.004807027149879281,0.03724885313749544,0.10213250511272776,0.13457433110034395
2023-08-03,7,-0.0026470464654266,0.0047082421033943,0.0,0,1.3158468347349528,-0.12496027680058537,0.004027968523520154,100.0,0.4513625678136299,0.5954432789671837,0.8836047012742912,1.0276854124278452
2023-08-04,7,0.0266956482082605,0.0069708769070809,0.0,0,2.2086914837462506,-0.12496027680058537,0.004831631560546957,100.0,0.8085004274181491,1.0418656034728326,1.5085959555821997,1.7419611316368835
2023-08-07,7,-0.000988041749224,0.0078948064589485,0.0,0,2.57327774181331,-0.12496027680058537,0.0051598011920062185,100.0,0.9543349306449729,1.2241587325063623,1.7638063362291412,2.033630138090531
2023-08-08,7,-0.0132420659065246,0.007202056030027,0.0,0,2.299915680664482,-0.12496027680058537,0.004913743846516104,100.0,0.8449901061854417,1.0874777019319484,1.5724528934249618,1.8149404891714687
2023-08-09,7,0.000231453042943,0.0063237427501652,0.0,0,1.9533297840794712,-0.12496027680058537,0.004601776613976142,100.0,0.7063557475514374,0.914184753639443,1.3298427658154541,1.53767177190346
2023-08-10,7,-0.0010026521049439,0.0047720375782065,0.0,0,1.3410207815974344,-0.12496027680058537,0.004050627975656487,100.0,0.4614321465586226,0.6080302523984246,0.9012264640780284,1.0478245699178306
2023-08-11,7,0.0136617626994848,0.0033607483609292,0.0,0,0.7841204705970417,-0.12496027680058537,0.003549353542578619,100.0,0.23867202215846545,0.32958009689822815,0.5113962463777536,0.6023043211175163
2023-08-14,7,-0.0118022076785564,0.0021322323893784,0.0,0,0.2993432057742488,-0.12496027680058537,0.003112998159410384,100.0,0.044761116229348294,0.08719146448683171,0.17205216100179851,0.21448250925928197
2023-08-15,7,-0.0083218803629279,0.0017925871954886,0.0,0,0.16531786795445785,-0.12496027680058537,0.002992359916072003,100.0,-0.008849018898568081,0.02017879557693624,0.07823442452794488,0.10726223900344921
2023-08-16,7,0.0094792488962411,0.0022248299922913,0.0,0,0.33588258638368235,-0.12496027680058537,0.003145887811181466,100.0,0.05937686847312172,0.1054611547915485,0.197629727428402,0.24371401374682883
2023-08-17,7,-0.018934603780508,0.0024969999989681,0.0,0,0.4432819482633862,-0.12496027680058537,0.003242559608944451,100.0,0.10233661322500327,0.1591608357314004,0.2728092807441947,0.32963350325059193
2023-08-18,7,0.0071394303813576,0.0023037555203733,0.0,0,0.3670269121509638,-0.12496027680058537,0.0031739212921011338,100.0,0.0718345987800343,0.12103331767518921,0.21943075546549903,0.268629474360654
2023-08-21,7,0.0055308723822236,0.002477310368785,0.0,0,0.43551234226185703,-0.12496027680058537,0.0032355660685087157,100.0,0.09922877082439159,0.15527603273063584,0.2673705565431243,0.32341781844936857
2023-08-22,7,0.0254880059510469,0.0025520143983542,0.0,0,0.4649908480073563,-0.12496027680058537,0.0032621001195115126,100.0,0.11102017312259131,0.17001528560338547,0.2880055105649738,0.347000623045768
2023-08-23,7,-0.0195660945028066,0.0020682413834667,0.0,0,0.2740921015659951,-0.12496027680058537,0.00309026925677457,100.0,0.034660674546046835,0.07456591238270488,0.15437638805602094,0.19428162589267906
2023-08-24,7,0.0007702438742853,0.0011058580911012,0.0,0,-0.10566815470089677,-0.12496027680058537,0.002748441278938231,100.0,-0.11724342796070994,-0.11531421575074108,-0.11145579133080336,-0.1095265791208345
2023-08-25,7,0.0087001826614141,0.0015624783815428,0.0,0,0.0745160192040127,-0.12496027680058537,0.0029106277921070556,100.0,-0.04516975839874614,-0.025222128798286336,0.014673130402633273,0.03462076000309309
2023-08-28,7,0.0271739084273576,0.0024526913977122,0.0,0,0.4257975988349907,-0.12496027680058537,0.003226821680316417,100.0,0.09534287345364507,0.15041866101720267,0.26057023614431785,0.31564602370787553
2023-08-29,7,0.0097345551475882,0.0020285150078086,0.0,0,0.25841591649487566,-0.12496027680058537,0.0030761588843629738,100.0,0.02839020051759905,0.06672781984714515,0.14340305850623733,0.18174067783578346
2023-08-30,7,0.0021342455875128,0.0019498139392173,0.0,0,0.22736016333103182,-0.12496027680058537,0.0030482051289896874,100.0,0.015967899252061504,0.05119994326522322,0.12166403129154665,0.1568960753047084
2023-08-31,7,-0.0037451246753335,0.0018361167377686,0.0,0,0.18249479762745882,-0.12496027680058537,0.003007821131506386,100.0,-0.0019782470293676913,0.028767260413436725,0.09025827529904554,0.12100378274184999
2023-09-01,8,0.0008107485482469,0.0052767338250047,0.0,0,1.5401759181646137,-0.12496027680058537,0.003670955669271587,100.0,0.5410942011854943,0.7076078206820142,1.040635059675054,1.207148679171574
2023-09-05,8,-0.0096487440168857,0.0016814779071294,0.0,0,0.12147370299892506,-0.12496027680058537,0.002577011023073863,100.0,-0.0263866848807812,-0.0017432869008301571,0.04754350905907192,0.07218690703902297
2023-09-06,8,0.005949652288109,0.0025798442394081,0.0,0,0.47597261343734276,-0.12496027680058537,0.002850360977004641,100.0,0.1154128792945859,0.1755061683183787,0.2956927463659643,0.35578603538975717
2023-09-07,8,0.0082803629338741,0.0038066364373829,0.0,0,0.9600696703843749,-0.12496027680058537,0.003223642542386162,100.0,0.3090517020733987,0.4175546967918947,0.6345606862288867,0.7430636809473828
2023-09-08,8,0.003959632012993,0.0030267344857085,0.0,0,0.6523172734127576,-0.12496027680058537,0.002986338276964755,100.0,0.1859507432847518,0.2636784983060861,0.4191340083487547,0.496861763370089
2023-09-11,8,-0.0115396548062562,0.0014574390014339,0.0,0,0.03306706406865927,-0.12496027680058537,0.0025088417002150807,100.0,-0.06174934045288751,-0.04594660636596305,-0.014341138192114123,0.001461595894810347
2023-09-12,8,0.0101227657869458,0.0011575908430296,0.0,0,-0.08525420603244942,-0.12496027680058537,0.0024176055559596028,100.0,-0.10907784849333099,-0.1051072414165174,-0.0971660272628902,-0.09319542018607661
2023-09-13,8,0.0101675167679786,0.0019554687245272,0.0,0,0.2295915639958787,-0.12496027680058537,0.002660379438187075,100.0,0.016860459518000262,0.05231564359764667,0.12322601175693948,0.1586811958365859
2023-09-14,8,-0.0050688814371824,0.0011519228831178,0.0,0,-0.0874908054473509,-0.12496027680058537,0.002415880940371169,100.0,-0.10997248825929158,-0.10622554112396813,-0.09873164685332123,-0.09498469971799779
2023-09-15,8,0.0058951876126229,0.0004664054296673,0.0,0,-0.35799870584730753,-0.12496027680058537,0.0022072954696265848,100.0,-0.21817564841927423,-0.24147949132394644,-0.28808717713329085,-0.3113910200379631
2023-09-18,8,-0.0012300598900765,0.0015719988504855,0.0,0,0.07827283393068363,-0.12496027680058537,0.0025436993393934564,100.0,-0.04366703250807777,-0.023343721434950872,0.017302900711302922,0.03762621178442983
2023-09-19,8,-0.0311503335833549,0.0006598439687399,0.0,0,-0.28166709270225665,-0.12496027680058537,0.0022661538816619196,100.0,-0.18764300316125387,-0.203313684751421,-0.23465504793175526,-0.2503257295219224
2023-09-20,8,-0.0246746279299259,-0.0020369299409758,0.0,0,-1.3458247512690813,-0.12496027680058537,0.0014455943866141683,100.0,-0.6133060665879837,-0.7353925140348333,-0.9795654089285324,-1.101651856375382
2023-09-21,8,-0.001456671510823,0.0040312919654337,0.0,0,1.0487196309366245,-0.12496027680058537,0.0032919994876951164,100.0,0.34451168629429857,0.4618796770680195,0.6966156586154615,0.8139836493891826
2023-09-22,8,0.0066027687862515,0.0040503515176138,0.0,0,1.0562406056643299,-0.12496027680058537,0.003297798823136769,100.0,0.3475200761853807,0.4656401644318722,0.7018803409248553,0.8200004291713469
2023-09-25,8,-0.0193730276077985,0.0028071582429441,0.0,0,0.5656716189382607,-0.12496027680058537,0.002919526828575211,100.0,0.15129248149495306,0.22035567106883766,0.35848205021660684,0.4275452397904915
2023-09-26,8,0.0153223006054759,0.0001612029632665,0.0,0,-0.47843280707611047,-0.12496027680058537,0.0021144301460579618,100.0,-0.2663492889107954,-0.30169654193834794,-0.3723910479934529,-0.40773830102100544
2023-09-27,8,0.0135590806603431,0.002523878910984,0.0,0,0.45388847333121407,-0.12496027680058537,0.002833332155468503,100.0,0.10657922325213441,0.16446409826531436,0.28023384829167425,0.3381187233048542
2023-09-28,8,-0.0109591586515307,0.0003814166371624,0.0,0,-0.39153561975418033,-0.12496027680058537,0.0021814355484773584,100.0,-0.23159041398202335,-0.25824794827738284,-0.3115630168681018,-0.33822055116346134
2023-09-29,8,0.0252941567450761,0.0007250601842633,0.0,0,-0.25593251593186395,-0.12496027680058537,0.0022859975121145917,100.0,-0.1773491724530968,-0.19044639636622465,-0.21664084419248036,-0.22973806810560826
2023-10-02,9,-0.0129684498533606,-0.0011348097292914,-0.3718,2,-0.9898445451593727,-1.1144133086044186,0.0006993669253054378,100.0,-1.0645858032264002,-1.0521289268818956,-1.0272151741928863,-1.014758297848382
2023-10-03,9,0.0212187357246875,-0.0015916807284787,0.0,2,-1.1701276497276374,-0.12496027680058537,0.0011579918335295441,100.0,-0.5430272259714062,-0.6475439632641113,-0.8565774378495217,-0.9610941751422271
2023-10-04,9,-0.0012570730177685,-0.0017254079828784,0.0295,1,-1.2228969536043413,-0.046453379441217225,0.0011624908408228902,100.0,-0.5170308091064668,-0.6346751665227792,-0.869963881355404,-0.9876082387717164
2023-10-05,9,0.0185828637331724,-0.0020267823684032,0.2489,2,-1.3418204789679846,0.5374250368518462,0.0014227315227677024,100.0,-0.21427316947608616,-0.4021977210580692,-0.7780468242220353,-0.9659713758040185
2023-10-06,9,0.0061054923571646,-0.0016716175425865,-0.1847,2,-1.2016710329633553,-0.6164932917929683,0.0008297571559346152,100.0,-0.8505643882611231,-0.9090821623781618,-1.0261177106122392,-1.084635484729278
2023-10-09,9,-0.0026008875574916,-0.0012668667032531,-0.2524,3,-1.0419547497642958,-0.7966599681058234,0.0008514468739973409,100.0,-0.8947778807692124,-0.9193073589350595,-0.9683663152667541,-0.9928957934326014
2023-10-10,9,0.0180357601493597,-0.0005971871685982,0.14,4,-0.7776965548073413,0.24761482931167025,0.0017123179377239379,100.0,-0.1625097243359344,-0.26504086274783556,-0.47010313957163785,-0.572634277983539
2023-10-11,9,-0.0112416194751858,-0.0002071407062149,0.1828,3,-0.6237826769525073,0.3615163617517026,0.0019099235821728481,100.0,-0.03260325372998138,-0.13113315760040237,-0.32819296534124437,-0.42672286921166536
2023-10-12,9,-0.0115850456058979,0.0002374123877697,0.0,0,-0.448360266531323,-0.12496027680058537,0.001756384758390107,100.0,-0.25432027269288043,-0.2866602716659542,-0.3513402696121017,-0.38368026858517545
2023-10-13,9,0.0126674976199865,0.0003827173083952,0.3466,1,-0.391022369737679,0.7974292359030417,0.002370797745512131,100.0,0.3220485936467534,0.20320343308268135,-0.034486888045462766,-0.1533320486095349
2023-10-16,9,0.0044570458121597,0.0013415675356835,-0.0167,3,-0.012656274934071843,-0.16940316445826156,0.002090298783473778,100.0,-0.10670440864858567,-0.0910297196961667,-0.05968034179132876,-0.04400565283890979
2023-10-17,9,-0.0125964693725109,0.0012741645941507,-0.1421,2,-0.03925374244280446,-0.5031240095045248,0.0018631517621260018,100.0,-0.3175759026798367,-0.27118887597366464,-0.17841482256132057,-0.13202779585514854
2023-10-18,9,-0.0015224750386551,0.001531848670248,-0.2139,2,0.0624294138951204,-0.694201813924953,0.001830022488275886,100.0,-0.3915493227969236,-0.3158862000149163,-0.1645599544509016,-0.08889683166889428
2023-10-19,9,-0.0156077910214662,0.001545861555615,0.679,1,0.06795895392374071,1.6820289878438544,0.003294975130482167,100.0,1.036400974275809,0.8749939708837975,0.5521799640997748,0.39077296070776346
2023-10-20,9,0.0066371583379805,0.001232352008929,0.8012,1,-0.055753154064908425,2.0072338304646946,0.0033922718580246987,100.0,1.1820390366528533,0.9757403381998931,0.5631429412939725,0.3568442428410122
2023-10-23,9,0.0169229768216609,0.0012973741258346,0.0,1,-0.03009516937733924,-0.12496027680058537,0.0021031542033388044,100.0,-0.08701423383128692,-0.0775277230889623,-0.05855470160431308,-0.049068190861988464
2023-10-24,9,-0.0950939133763313,0.0012199712971157,-0.5693,5,-0.06063863194911898,-1.6400103332984934,0.0011467221587929124,100.0,-1.0082616527587436,-0.8503244826238062,-0.5344501423539313,-0.37651297221899394
2023-10-25,9,-0.0265106484293937,0.0013497180364817,-0.9742,2,-0.009440055059535208,-2.7175507651902953,0.0005269414601124546,100.0,-1.6343064811379913,-1.3634954101249153,-0.8218732680987633,-0.5510621970856873
2023-10-26,9,-0.0008996502147056,0.0011362812535769,0.0,0,-0.09366305437353861,-0.12496027680058537,0.0020504522199634636,100.0,-0.11244138782976668,-0.10931166558706198,-0.10305222110165263,-0.09992249885894797
2023-10-27,9,0.0187445003539323,0.0001686174825697,-0.6288,3,-0.4755070084125052,-1.798354753396202,0.0007054545484801737,100.0,-1.2692156554027232,-1.1369308809043537,-0.8723613319076142,-0.7400765574092446
2023-10-30,9,-0.0030531988013535,-0.0002804144888333,0.1741,3,-0.6526968015903237,0.3383634801575839,0.001871722713811112,100.0,-0.0580606325415792,-0.15716666071636992,-0.3553787170659514,-0.4544847452407423
2023-10-31,9,0.01910050958395,-0.0008800202186367,0.0,1,-0.8893035958017471,-0.12496027680058537,0.0013908135582460898,100.0,-0.4306976044010501,-0.5071319363011663,-0.6600006001013985,-0.7364349320015148
2023-11-01,10,0.0082246167585253,0.0030753850631763,0.2525,4,0.6715149838398493,0.5470055395804471,0.002961899631820344,100.0,0.5968093172842079,0.6092602617101481,0.6341621505620285,0.6466130949879689
2023-11-02,10,0.0126286568120121,0.0034719736607549,0.0,0,0.8280104141364273,-0.12496027680058537,0.0019807138588072318,100.0,0.2562279995742197,0.35152506866792094,0.5421192068553234,0.6374162759490248
2023-11-03,10,0.008907675743103,0.0030129514617874,-0.0035,4,0.6468784376204776,-0.13427465445339176,0.0018749506808908084,100.0,0.17818658237615603,0.2563018915835429,0.41253250999831675,0.4906478192057038
2023-11-06,10,0.005527822766453,0.0026074432906298,0.1411,4,0.48686330828608004,0.25054220514540937,0.0024014557370303905,100.0,0.3450706464016776,0.3687027567157447,0.4159669773438788,0.439599087657946
2023-11-07,10,0.0066427714191377,0.002455832118335,-0.2179,2,0.42703693962367545,-0.7048468169567317,0.0008644703363997358,100.0,-0.25209331432456883,-0.13890493866652812,0.08747181264955331,0.20066018830759405
2023-11-08,10,-0.0121360067278146,0.0022106064678355,-0.3146,3,0.33026992733691485,-0.9621897652499826,0.0004099175983518634,100.0,-0.4452058882152236,-0.31595991895653386,-0.05746798043915441,0.07177798881953537
2023-11-09,10,0.0180436503142118,0.0019065566555782,0.0,0,0.21029066799532586,-0.12496027680058537,0.0016701286517439866,100.0,0.009140101117779131,0.042665195597370247,0.10971538455655247,0.14324047903614362
2023-11-10,10,-0.0037711078766733,0.0019236334272263,0.148,2,0.21702922967728688,0.26890483537522764,0.002294747832774923,100.0,0.24815459309605134,0.24296703252625726,0.23259191138666913,0.22740435081687504
2023-11-13,10,0.0115831112489104,0.0020512926196672,0.0,0,0.267404052287745,-0.12496027680058537,0.0016988448655243565,100.0,0.03198545483474678,0.07122188774357982,0.14969475356124587,0.18893118647007895
2023-11-14,10,0.0074837319552898,0.0017780436995082,0.5158,2,0.1595789468776406,1.247712864147282,0.003809705410024381,100.0,0.8124592972394256,0.7036459055124613,0.48601912205853304,0.3772057303315689
2023-11-15,10,0.0171595402061939,0.0021092072112514,-0.1399,3,0.2902573793520051,-0.4972692578370465,0.0011231040901083932,100.0,-0.18225860296142588,-0.10350593924252072,0.05399938819528957,0.13275205191419476
2023-11-16,10,-0.0118308449164032,0.0017988714698505,0.0,2,0.1677976674907327,-0.12496027680058537,0.0016487634656010735,100.0,-0.007857099084058142,0.02141869534507366,0.07997028420333727,0.10924607863246909
2023-11-17,10,0.006947252433747,0.0017808155372767,-0.6219,2,0.16067272503198535,-1.7799921231663836,-0.0009652486897404416,100.0,-1.003726183887036,-0.8096596990671991,-0.42152672942752534,-0.22746024460768846
2023-11-20,10,0.0052842814475297,0.001700625405189,0.5283,3,0.12902938151876986,1.2809784986215906,0.0038468141414201673,100.0,0.8201988517804623,0.7050039400701802,0.47461411664961606,0.35941920493933405
2023-11-21,10,0.011097127571702,0.0017776769409412,0.0,1,0.15943422249547712,-0.12496027680058537,0.0016445583834228843,100.0,-0.011202477082160378,0.017236972847445874,0.07411587270665837,0.10255532263626461
2023-11-22,10,-0.01299708802253,0.001413883562067,-0.4609,2,0.015879915302667323,-1.3515307511372896,-0.0003622508372502866,100.0,-0.8045664845613069,-0.6678254179173111,-0.3943432846293198,-0.25760221798532407
2023-11-24,10,-0.0020484898705035,0.0011316621832229,-0.4736,1,-0.09548575781744215,-1.3853286357631873,-0.00047155306842414134,100.0,-0.8693914845848891,-0.7404071967903147,-0.48243862120116565,-0.3534543334065912
2023-11-27,10,0.005791229661554,0.001175656819506,0.3157,2,-0.07812530020998248,0.7151965874825509,0.002850268153340803,100.0,0.3978678324055375,0.31853564363628417,0.15987126609777752,0.08053907732852421
2023-11-28,10,-0.0161079354584217,0.0009792299398832,0.0211,3,-0.15563612436395194,-0.06880788580795257,0.0015747106005329415,100.0,-0.10353918123035233,-0.11222200508595226,-0.12958765279715212,-0.13827047665275208
2023-11-29,10,-0.0182236228138208,0.0011772298679139,0.0018,3,-0.07750456908212178,-0.12017002543628492,0.0015329827143167754,100.0,-0.10310384289461967,-0.09883729725920334,-0.09030420598837072,-0.08603766035295442
2023-11-30,10,-0.005055361893028,0.0011526247329462,-0.4126,3,-0.08721385272715255,-1.2229923395285616,-0.0002113460671853448,100.0,-0.768680944807998,-0.6551030961278571,-0.42794739876757526,-0.3143695500874344
2023-12-01,11,-0.0196420028805732,-0.0009330032278531,-0.0687,4,-0.9102109009445398,-0.30778820387138506,0.0007537185595022171,100.0,-0.5487572827006469,-0.6089995524079624,-0.7294840918225933,-0.7897263615299089
2023-12-04,11,0.0133055308833718,-0.0037067344597219,0.9364,1,-2.004736223428971,2.367034932938816,0.004532723603384496,100.0,0.6183264703917011,0.18114935475492233,-0.693204876518635,-1.1303819921554137
2023-12-05,11,-0.0074051208794116,0.0002683451576744,0.0,0,-0.4361540730954624,-0.12496027680058537,0.0013691312576355106,100.0,-0.24943779531853622,-0.2805571749480239,-0.3427959342069992,-0.373915313836487
2023-12-06,11,0.0531455725431442,-0.0027579248670653,-0.0569,4,-1.6303322027917226,-0.27638544492763784,0.00033791043392813525,100.0,-0.8179641480732718,-0.9533588238596802,-1.2241481754324972,-1.3595428512189058
2023-12-07,11,-0.014167889021337,-0.003258279506084,0.3017,3,-1.827774123745089,0.6779390768713255,0.001811798778168474,100.0,-0.3243462033752404,-0.5749175234368817,-1.0760601635601645,-1.3266314836218063
2023-12-08,11,-0.0125934444367885,-0.0053555667502969,0.2638,3,-2.655371971344762,0.5770776731452218,0.001103985837209215,100.0,-0.7159021846507718,-1.0391471490997701,-1.6856370779977667,-2.0088820424467655
2023-12-11,11,-0.0057767280377447,-0.0014837141714648,0.4507,3,-1.1275236189998459,1.074465439805083,0.002933189103808095,100.0,0.19366981628311136,-0.026529089597381428,-0.4669269013583672,-0.6871258072388602
2023-12-12,11,0.0003772751369979,-0.0021921598925321,-0.4562,2,-1.4070791045511508,-1.3390228725749496,-0.0013010461816069588,100.0,-1.36624536536543,-1.3730509885630502,-1.3866622349582904,-1.3934678581559106
2023-12-13,11,-0.0047523146495223,0.0001836717785128,0.084,4,-0.46956652364866736,0.098584786866768,0.0017227334761035292,100.0,-0.12867573733940615,-0.1854908683909497,-0.29912113049403677,-0.3559362615455803
2023-12-14,11,0.0050023440271615,2.719263262249876e-06,0.1438,3,-0.5409711023740317,0.25772758219186004,0.0019434826758011827,100.0,-0.06175189163449665,-0.14162176009108582,-0.3013614970042641,-0.38123136546085334
2023-12-15,11,0.024132665246725,0.002790299594154,0.2751,4,0.5590191293993936,0.6071498067099969,0.003245867041005956,100.0,0.5878975357857555,0.5830844680546952,0.5734583325925745,0.5686452648615142
2023-12-18,11,0.0062591070309281,0.0041146007374075,0.0,1,1.0815936020924275,-0.12496027680058537,0.0023566279409362335,100.0,0.3576612747566198,0.47831666264592104,0.7196274384245236,0.840282826313825
2023-12-19,11,0.0123673314228653,0.0020176839300272,0.0,2,0.25414193033308247,-0.12496027680058537,0.0018182605991099066,100.0,0.026680606052881764,0.06459082676624855,0.1404112681929821,0.1783214889063489
2023-12-20,11,0.0150354607030749,0.0026782750722631,-0.479,4,0.5148138096697705,-1.3996993898560883,-0.00015247767603963208,100.0,-0.6338941100457448,-0.4424427900931589,-0.05954015018798714,0.13191116976459877
2023-12-21,11,0.0076201441697776,0.0002662701954901,-0.0047,1,-0.4369728613860582,-0.1374681553629254,0.00134759727858825,100.0,-0.2572700377721785,-0.28722050837449176,-0.3471214495791183,-0.37707192018143165
2023-12-22,11,0.0002121012221323,-0.0004039796093817,0.3915,4,-0.7014560872277226,0.9169193949347579,0.0029458763263604942,100.0,0.26956920206976576,0.10773165385351768,-0.21594344257897835,-0.3777809907952264
2023-12-26,11,-0.0081261433660984,-0.0014051367489866,0.305,4,-1.096516657081621,0.6867212043725428,0.0023023245556543425,100.0,-0.02657394020912268,-0.20489772635453907,-0.5615452986453718,-0.7398690847907882
2023-12-27,11,-0.0009973382111638,-0.0015570047440699,-0.3711,2,-1.1564443690328687,-1.1125504330738571,-0.000757718311988924,100.0,-1.1301080074574616,-1.134497401053363,-1.1432761882451652,-1.1476655818410664
2023-12-28,11,-0.0038510295562446,0.0008698558013483,-0.257,3,-0.19879559233111754,-0.8089017215923688,0.00037519837662094925,100.0,-0.5648592698878683,-0.5038486569617432,-0.3818274311094929,-0.3208168181833678
2023-12-29,11,-0.0108810504898428,-0.0002501939168834,0.4632,2,-0.6407716442862966,1.1077310742793918,0.003305740372599463,100.0,0.40832998685311633,0.23347971499654757,-0.11622082871659012,-0.291071100573159
2024-01-02,12,0.0054279388859868,0.0020880130131183,0.0,0,0.28189406488234714,-0.12496027680058537,0.0020091571494273808,100.0,0.037781459872587644,0.07846689404088089,0.15983776237746736,0.20052319654576067
2024-01-03,12,-0.0182117354124784,0.0009155799404129,0.0,0,-0.18075266608073037,-0.12496027680058537,0.0016302977094029307,100.0,-0.14727723251264338,-0.15285647144065787,-0.16401494929668686,-0.1695941882247014
2024-01-04,12,-0.0048391316086053,-0.001335292301338,0.0,0,-1.0689557615961471,-0.12496027680058537,0.0009029519726364277,100.0,-0.5025584707188101,-0.5969580191983662,-0.7857571161574786,-0.8801566646370348
2024-01-05,12,0.0229130759835243,-0.0016791461015055,0.0,0,-1.2046418321107224,-0.12496027680058537,0.0007918392266601192,100.0,-0.5568328989246402,-0.6648010544556539,-0.8807373655176812,-0.988705521048695
2024-01-08,12,0.0151974624022841,0.0001011204549131,0.0,0,-0.5021416026780808,-0.12496027680058537,0.0013671136763160462,100.0,-0.2758328071515836,-0.3135509397393331,-0.38898720491483213,-0.42670533750258177
2024-01-09,12,0.0094359433278441,-0.0036248242357954,0.0,0,-1.972414124868066,-0.12496027680058537,0.0001631137619954844,100.0,-0.8639418160275776,-1.0486872008343258,-1.4181779704478217,-1.6029233552545699
2024-01-10,12,-0.0014056887011975,-0.0071631690707517,0.0,0,-3.3686590014606557,-0.12496027680058537,-0.000980265228236897,100.0,-1.4224397666646136,-1.7468096391306205,-2.3955493840626345,-2.719919256528642
2024-01-11,12,0.0040116738528013,-0.0050472358471037,0.0,0,-2.5337033765753696,-0.12496027680058537,-0.0002965236186705483,100.0,-1.088457516710499,-1.3293318266879774,-1.8110804466429342,-2.051954756620413
2024-01-12,12,-0.0011213972466066,-0.007006451552037,0.0,0,-3.3068176482901115,-0.12496027680058537,-0.0009296236071802111,100.0,-1.397703225396396,-1.7158889625453484,-2.352260436843254,-2.6704461739922065
2024-01-16,12,-0.0071583492681384,-0.0082772253788195,0.0,0,-3.8082700300433268,-0.12496027680058537,-0.0013402608295690396,100.0,-1.598284178097682,-1.966615153421956,-2.7032771040705046,-3.0716080793947786
2024-01-17,12,0.0142076816409826,-0.0047685729303373,0.0,0,-2.423741886675463,-0.12496027680058537,-0.00020647662233489773,100.0,-1.0444729207505365,-1.2743510817380241,-1.7341074037129995,-1.9639855647004876
2024-01-18,12,0.0202120747417211,-0.003914359753563,0.0,0,-2.086665986156647,-0.12496027680058537,6.955339877960892e-05,100.0,-0.9096425605430101,-1.1058131314786162,-1.4981542733498283,-1.6943248442854348
2024-01-19,12,-0.0026642591692507,-0.0028097382950151,0.0,0,-1.650777986537529,-0.12496027680058537,0.00042650022753015293,100.0,-0.7352873606953628,-0.8878691316690571,-1.1930326736164458,-1.3456144445901403
2024-01-22,12,0.0071921916678547,-0.0032826856595818,0.0,0,-1.8374048885145313,-0.12496027680058537,0.00027367225135636734,100.0,-0.8099381214861637,-0.9811825826575583,-1.3236715050003474,-1.4949159661717422
2024-01-23,12,0.0112892417237162,-0.0013382033162609,0.0,0,-1.0701044596064793,-0.12496027680058537,0.0009020113087219853,100.0,-0.5030179499229429,-0.5975323682035323,-0.786561204764711,-0.8810756230453005
2024-01-24,12,0.0213181767612695,-0.0032253440311133,0.0,0,-1.8147776549635066,-0.12496027680058537,0.0002922015966617983,100.0,-0.8008872280657539,-0.969868965882046,-1.30783244151463,-1.4768141793309224
2024-01-25,12,0.0021071408409625,-0.0048726929866537,0.0,0,-2.4648280730036256,-0.12496027680058537,-0.00024012192555064723,100.0,-1.0609073952818016,-1.2948941749021055,-1.7628677341427135,-1.9968545137630176
2024-01-26,12,0.008673389442265,-0.003752718948353,0.0,0,-2.022881884648759,-0.12496027680058537,0.00012178592818587334,100.0,-0.8841289199398549,-1.0739210807246722,-1.4535054022943068,-1.6432975630791244
2024-01-29,12,-0.0133541468530893,-0.0040173839580287,0.0,0,-2.127319745007157,-0.12496027680058537,3.626220858589206e-05,100.0,-0.9259040640832139,-1.126140010903871,-1.5266119045451854,-1.7268478513658425
2024-01-30,12,-0.075003296136856,-0.0035617182834592,0.0,0,-1.947512266303734,-0.12496027680058537,0.00018350578804873612,100.0,-0.8539810726018449,-1.0362362715521598,-1.4007466694527895,-1.5830018684031044
2024-01-31,12,0.0075660003349184,-0.0032077252078778,0.0,0,-1.807825197579725,-0.12496027680058537,0.0002978949344396968,100.0,-0.7981062451122413,-0.9663927371901552,-1.302965721345983,-1.4712522134238972
2024-02-01,13,0.0086426371708512,0.0055944930719994,0.1614,3,1.66556497471533,0.3045655955316864,0.0037650860093203812,100.0,0.8489653472051438,0.9850652851235082,1.257265160960237,1.3933650988786013
2024-02-02,13,0.0091302897781133,0.0072204637097962,-0.3501,4,2.3071794239587446,-1.056664167157019,0.0022462159159621735,100.0,0.2888732692892866,0.6252576284008629,1.2980263466240154,1.634410705735592
2024-02-05,13,0.0029233014211058,0.003378454746429,0.4276,2,0.7911074803968865,1.012990547296561,0.0041373488687915854,100.0,0.9242373205366912,0.9020490138467238,0.8576724004667888,0.8354840937768214
2024-02-06,13,0.0099929394200444,0.0068730873123726,-0.0377,2,2.170103322624522,-0.22528943037509988,0.0033709953755729615,100.0,0.7328676708247489,0.972406946124711,1.4514854967246353,1.6910247720245977
2024-02-07,13,0.0025425229687243,0.0058598658438508,0.0999,1,1.7702821208295716,0.14089867391808844,0.003603797668237537,100.0,0.7926520526826817,0.95559039737383,1.2814670867561266,1.444405431447275
2024-02-08,13,0.0211772639304399,0.0043241269372217,0.0,2,1.1642734698408475,-0.12496027680058537,0.002741346836772478,100.0,0.39073322185598774,0.5196565965201311,0.7775033458484176,0.9064267205125609
2024-02-09,13,-0.0098657235503196,0.0020080111842691,-0.9713,1,0.2503250265723453,-2.709833137992256,-0.0017925965949577441,100.0,-1.5257698721664155,-1.2297540557099553,-0.6377224227970351,-0.34170660634057504
2024-02-12,13,-0.0162000469863414,0.0021133092104045,0.0,2,0.2918760444534729,-0.12496027680058537,0.0020663963384995954,100.0,0.04177425170103795,0.08345788382644379,0.16682514807725543,0.20850878020266128
2024-02-13,13,0.0055120643228292,0.0018389103679715,0.0,0,0.18359717516267207,-0.12496027680058537,0.0019826238803818982,100.0,-0.001537296015282394,0.02931844918104335,0.09102993957369482,0.12188568477002058
2024-02-14,13,-0.0217214412987232,0.0031419936429833,-0.097,1,0.6977989930675087,-0.38310160032121965,0.001998275628024884,100.0,0.04925863703427169,0.15734869637314453,0.3735288150508902,0.48161887438976303
2024-02-15,13,-0.0157595910131931,0.0044773440351159,-0.2502,4,1.2247335431010065,-0.790805216438345,0.0018023547451023229,100.0,0.015410287377395582,0.21696416333133073,0.620071915239201,0.8216257911931362
2024-02-16,13,0.0042698848992586,0.0070678822981722,-0.1443,2,2.246970195016844,-0.5089787611720031,0.003010469552122709,100.0,0.5934008213035358,0.8689957169224205,1.42018550816019,1.6957804037790747
2024-02-20,13,0.0101331435143947,0.008510765514466,0.0,0,2.816337623077749,-0.12496027680058537,0.0040195045788255215,100.0,1.0515588831507483,1.3456886731385818,1.9339482531142485,2.228078043102082
2024-02-21,13,0.0108033791184425,0.0092267228309046,0.3057,2,3.098857213893358,0.6885840799031042,0.005442516499793493,100.0,1.6526933334992058,1.893720646898231,2.3757752736962816,2.6168025870953073
2024-02-22,13,-0.0009024495375342,0.0059588434701432,0.4956,3,1.8093390839165981,1.1939555988367994,0.005193042041783684,100.0,1.4401089928687187,1.5016473413766986,1.6247240383926584,1.6862623869006383
2024-02-23,13,-0.0443870574235916,0.0056414486878319,-0.0481,3,1.6840938465724982,-0.2529664382577246,0.00295400768778465,100.0,0.5218576756743646,0.7155637041573868,1.1029757611234312,1.2966817896064537
2024-02-26,13,0.0095221605151891,0.0023281282221107,-0.7303,3,0.37664447672335083,-2.068471705327587,-0.0007453454741254504,100.0,-1.090425232507212,-0.8459136143021182,-0.3568903778919305,-0.11237875968683675
2024-02-27,13,-0.018001114949584,0.0035022747672358,0.9454,1,0.8399673506851417,2.390986189760318,0.006215241938156247,100.0,1.7705786541302475,1.6154767702227297,1.3052730024076946,1.150171118500177
2024-02-28,13,0.0152516569942235,0.0014695985032266,-0.301,3,0.03786525160319494,-0.9259967549419349,0.0006839585425373604,100.0,-0.540451952323883,-0.44406575166936996,-0.251293350360344,-0.15490714970583103
2024-02-29,13,-0.0095334611833095,0.0050618844240129,0.7883,2,1.4553954941623581,1.9729036956872081,0.006072420480947189,100.0,1.7659004150772681,1.7141495949247831,1.6106479546198131,1.5588971344673281
2024-03-01,14,-0.0276361238211393,0.0027458750004881,-0.3581,2,0.5414890089069159,-1.0779541732205762,0.0006502134733511468,100.0,-0.4301769003695793,-0.26823258215683016,0.055656054268668265,0.21760037248141748
2024-03-04,14,-0.0050993296317756,0.0019437990637996,-0.2483,3,0.2249866696844155,-0.7857488399982501,0.000820844815976239,100.0,-0.3814546361251838,-0.2803810851569173,-0.07823398322038416,0.022839567747882372
2024-03-05,14,-0.0095724426209926,0.0029166613470859,-0.381,4,0.6088819772443531,-1.1388968155775097,0.0006153265404289093,100.0,-0.43978529844876446,-0.2650074191665783,0.08454833939779427,0.25932621867998057
2024-03-06,14,0.0226786378771066,0.0025644653262108,-0.4056,5,0.46990403342016707,-1.2043635842229488,0.00047083990070776686,100.0,-0.5346565371657024,-0.36722977540139085,-0.03237625187276766,0.13505050989154388
2024-03-07,14,0.0076647312380373,0.003244749718734,-0.0137,2,0.7383469472658301,-0.1614194121844275,0.0017876645376616953,100.0,0.19848713159567555,0.28846376754070124,0.4684170394307527,0.5583936753757786
2024-03-08,14,0.0166900940239429,0.0033864891747919,-0.1837,1,0.7942778976290406,-0.6138320410350236,0.001303714363631452,100.0,-0.05058806556939793,0.09022292829700845,0.3718449160298213,0.5126559098962278
2024-03-11,14,0.0060290256515145,0.0026094937005707,0.0,4,0.4876724081642528,-0.12496027680058537,0.001702040984215924,100.0,0.12009279718534989,0.1813560656818337,0.3038826026748013,0.36514587117128516
2024-03-12,14,0.0093140285462141,0.0030752830276641,0.5622,2,0.67147472022288,1.3711948993159153,0.0034891852854531244,100.0,1.0913068276787012,1.0213348097693977,0.8813907739507906,0.8114187560414872
2024-03-13,14,0.0236784387379884,0.0026785523755328,0.0104,2,0.5149232346375566,-0.09728326891796067,0.0017471755570322273,100.0,0.14759933250424626,0.20881998285979797,0.3312612835709014,0.3924819339264532
2024-03-14,14,-0.0134173491969704,0.002659142478644,0.5719,3,0.5072640125011387,1.3970090316679786,0.0034352814799804583,100.0,1.0411110240012427,0.9521365220845587,0.7741875182511906,0.6852130163345067
2024-03-15,14,0.0460407920181751,0.0015860168896729,0.6312,1,0.08380440767723261,1.5548212016140983,0.0033995917408423003,100.0,0.966414484039352,0.8193128046456655,0.5251094458582923,0.37800776646460577
2024-03-18,14,-0.0044017252512276,0.0017121950188919,0.5916,3,0.13359479687830167,1.449435671599489,0.0033054707791933956,100.0,0.9230993217110139,0.7915152342388954,0.5283470592946578,0.39676297182253917
2024-03-19,14,0.0116304736584424,0.0011990174048492,0.0,1,-0.06890712077268916,-0.12496027680058537,0.0014202678091154945,100.0,-0.10253901438942689,-0.09693369878663727,-0.08572306758105802,-0.08011775197826841
2024-03-20,14,-0.0076643005013465,0.0004701473369527,0.0,2,-0.3565221344220726,-0.12496027680058537,0.001274660233936922,100.0,-0.21758501984918027,-0.24074120561132897,-0.2870535771356264,-0.31020976289777513
2024-03-21,14,0.0214769430458545,0.0014772846617974,0.0,0,0.040898240196939564,-0.12496027680058537,0.0014758577178254975,100.0,-0.058616870001575394,-0.0420310183018229,-0.008859314902317918,0.007726536797434576
2024-03-22,14,-0.0046427128836512,0.0012074418528952,0.4547,3,-0.06558280022989131,1.0851104428368619,0.0027921108530544313,100.0,0.6248331456101606,0.5097638213034853,0.27962517269013465,0.16455584838345932
2024-03-25,14,0.003997956868261,0.0008797053036566,-0.2859,3,-0.19490893973607146,-0.8858118684969701,0.0004949679318251279,100.0,-0.6094506969926107,-0.5403604041165208,-0.402179818364341,-0.3330895254882512
2024-03-26,14,0.0013273116201162,0.0002422204044576,0.5941,2,-0.44646300411621553,1.4560887984943505,0.003019344845967496,100.0,0.6950680774501241,0.5048128971890675,0.12430253666695429,-0.06595264359410236
2024-03-27,14,0.0003978286986239,-0.0014903401129453,0.0,3,-1.1301382417334338,-0.12496027680058537,0.0008830104237430342,100.0,-0.5270314627737247,-0.6275492592670096,-0.8285848522535793,-0.9291026487468641
2024-03-28,14,0.0302126687020063,-0.0005466502586738,0.4324,2,-0.7577544901267982,1.0257645509346955,0.002374495773510507,100.0,0.31235693451009805,0.13400503040394868,-0.22269877780835007,-0.40105068191449944
2024-04-01,15,-0.0059811486862599,0.001733837565567,0.0,2,0.14213503145718984,-0.12496027680058537,0.0018593696669222304,100.0,-0.018122153497475285,0.008587377328302233,0.06200643897985727,0.0887159698056348
2024-04-02,15,0.0023291890975087,0.0015188283801896,0.0,0,0.05729155590395173,-0.12496027680058537,0.0018115207938204517,100.0,-0.05205954371877053,-0.03383436044831682,0.002616006092590592,0.020841189363044313
2024-04-03,15,-0.0283371545374393,0.0009090514249836,0.0,0,-0.18332884410890393,-0.12496027680058537,0.001675818962762272,100.0,-0.1483077037239128,-0.15414456045474464,-0.16581827391640835,-0.17165513064724025
2024-04-04,15,0.0130870155990123,0.0007778101462607,0.0,0,-0.23511717214408603,-0.12496027680058537,0.0016466120836221808,100.0,-0.16902303493798565,-0.1800387244723357,-0.20207010354103583,-0.2130857930753859
2024-04-05,15,0.0154098700731992,0.0011929510152319,0.0,0,-0.07130094212636014,-0.12496027680058537,0.0017389989401366977,100.0,-0.10349654293089527,-0.09813060946347275,-0.0873987425286277,-0.08203280906120519
2024-04-08,15,0.0113014634698629,0.0012745685231542,0.0,0,-0.03909435045927801,-0.12496027680058537,0.0017571623770736018,100.0,-0.09061390626406243,-0.0820273136299317,-0.06485412836167022,-0.05626753572753949
2024-04-09,15,-0.0029377643950283,0.0013298642916341,0.0,0,-0.017274421357239618,-0.12496027680058537,0.0017694680848712287,100.0,-0.08188593462324707,-0.0711173490789125,-0.04958017799024334,-0.03881159244590877
2024-04-10,15,0.0209428798407316,0.0012976083417159,0.0,0,-0.030002746863555103,-0.12496027680058537,0.001762289736412747,100.0,-0.08697726482577327,-0.07748151183207024,-0.058490005844664184,-0.04899425285096116
2024-04-11,15,-0.0105387819930911,0.0012152087038119,0.0,0,-0.0625179701170754,-0.12496027680058537,0.0017439522416179062,100.0,-0.09998335412718139,-0.09373912345883038,-0.08125066212212839,-0.07500643145377739
2024-04-12,15,-0.018195666372776,0.0010119639042435,0.0,0,-0.14271917246680937,-0.12496027680058537,0.0016987214548211717,100.0,-0.13206383506707497,-0.13383972463369737,-0.13739150376694217,-0.1391673933335646
2024-04-15,15,-0.0029704754706472,0.0008669227572825,0.0,0,-0.19995298312842918,-0.12496027680058537,0.0016664435062149685,100.0,-0.1549573593317229,-0.16245662996450727,-0.17745517123007604,-0.18495444186286042
2024-04-16,15,0.0069300858303904,0.0007062434304131,0.0,0,-0.2633576814775986,-0.12496027680058537,0.0016306853840307558,100.0,-0.18031923867139066,-0.19415897913909197,-0.22183846007449462,-0.23567820054219596
2024-04-17,15,0.003473333781585,0.0012527700491917,0.0,0,-0.0476961145629323,-0.12496027680058537,0.0017523112707703372,100.0,-0.09405461190552414,-0.08632819568175884,-0.07087536323422822,-0.06314894701046292
2024-04-18,15,-0.0123069509863853,0.0014324033727605,0.0,0,0.02318790590347133,-0.12496027680058537,0.001792287479643494,100.0,-0.06570100371896269,-0.05088618544855702,-0.02125654890774568,-0.00644173063734001
2024-04-19,15,0.0142124192789196,0.001881889333177,0.0,0,0.200556844942899,-0.12496027680058537,0.0018923176092551606,100.0,0.005246571896808383,0.03779828407115681,0.10290170841985366,0.13545342059420212
2024-04-22,15,0.0126696480438113,0.0023791631907576,0.0,0,0.39678307734710194,-0.12496027680058537,0.0020029826195264245,100.0,0.08373706485848957,0.1359114002732583,0.2402600711027957,0.2924344065175645
2024-04-23,15,0.0054974043741822,0.0021613834184015,0.0,0,0.31084631720612466,-0.12496027680058537,0.0019545171706047406,100.0,0.049362360802098645,0.09294302020276965,0.18010433900411163,0.22368499840478268
2024-04-24,15,-0.0196696035563945,0.0013476987221835,0.0,0,-0.010236884474022333,-0.12496027680058537,0.0017734370195132665,100.0,-0.07907091986996015,-0.06759858063730385,-0.04465390217199124,-0.03318156293933494
2024-04-25,15,0.1022436469793319,0.0014753184841682,0.0,0,0.04012237872235402,-0.12496027680058537,0.001801837954039699,100.0,-0.058927214591409614,-0.04241894903911568,-0.009402417934527802,0.007105847617766142
2024-04-26,15,-0.0337307937443256,0.0015817723111601,0.0,0,0.08212948019609999,-0.12496027680058537,0.0018255285496298049,100.0,-0.04212437400191123,-0.02141539830224269,0.020002553097094374,0.040711528796762916
2024-04-29,15,-0.0202827751636505,0.0012333194936362,0.0,0,-0.055371380770156554,-0.12496027680058537,0.0017479826781899757,100.0,-0.09712471838841384,-0.09016582878537097,-0.07624804957928519,-0.06928915997624233
2024-04-30,15,0.0066346172243356,0.0024378183150289,0.0,0,0.4199286215407096,-0.12496027680058537,0.0020160359297517532,100.0,0.09299528253593263,0.14748417237006212,0.2564619520383211,0.31095084187245065
2024-05-01,16,0.0168437473475933,0.0044591201101518,0.4123,4,1.217542310180135,0.9722734107000074,0.00410658797972888,100.0,1.0703809704920584,1.0949078604400713,1.1439616403360966,1.1684885302841095
2024-05-02,16,0.0037209847941994,0.0048741112612083,0.9449,1,1.381299460916139,2.3896555643813455,0.006150952875578691,100.0,1.9863131229952629,1.8854775126487424,1.683806291955701,1.5829706816091804
2024-05-03,16,0.0051424661651253,0.0044547974014651,-0.1068,4,1.2158365522231434,-0.4091818577490775,0.002210733274361526,100.0,0.2408255062398109,0.4033273472370329,0.728331029231477,0.8908328702286993
2024-05-06,16,0.0187386330217123,0.0047696898797482,0.2618,3,1.3400943704936321,0.5717551716293325,0.003632280551216053,100.0,0.8790908511750524,0.9559247710614823,1.1095926108343421,1.1864265307207722
2024-05-07,16,-0.0109196826815605,0.0044177924918693,0.3487,2,1.2012342684317316,0.8030178624947255,0.003864450034258008,100.0,0.962304424869528,1.0021260654632287,1.0817693466506297,1.1215909872443306
2024-05-08,16,0.0034243590198457,0.0037295314632378,0.4763,3,0.9296437424063206,1.142593459208467,0.004163904058407601,100.0,1.0574135724876084,1.0361186008073937,0.9935286574469644,0.97223368576675
2024-05-09,16,-0.0077077541500329,0.0030858649266464,0.3942,2,0.6756503794443022,0.9241047719812086,0.0037086903153166796,100.0,0.824723014966446,0.7998775757127554,0.750186697205374,0.7253412579516835
2024-05-10,16,0.0029052589088678,0.0038526426961848,0.0359,6,0.9782239221997263,-0.029421374590371252,0.002586111546003471,100.0,0.3736367441256678,0.47440127380467756,0.675930333162697,0.7766948628417067
2024-05-13,16,0.0070948563516139,0.000725511914568,0.3816,2,-0.2557542613656872,0.8905730124311055,0.003092349241728543,100.0,0.4320421029123884,0.3174093755327092,0.08814392077335062,-0.02648880660632863
2024-05-14,16,0.0127392588183283,0.0016998757612834,0.0937,4,0.1287335690665401,0.12439891921883142,0.0022769038699625216,100.0,0.12613277915791488,0.12656624414268575,0.1274331741122275,0.12786663909699839
2024-05-15,16,0.0096804751083254,0.002427906113305,0.2763,3,0.4160172275081043,0.6103433076195305,0.003119346464433982,100.0,0.53261287557496,0.5131802675638174,0.47431505154153214,0.4548824435303896
2024-05-16,16,0.0107936328276991,0.0014289569322512,0.0416,2,0.021827926837538703,-0.014252245270086568,0.0020212652877973866,100.0,0.0001798235729635403,0.0037878407837260673,0.011003875205251121,0.014611892416013648
2024-05-17,16,0.0048845838755369,0.0010959330496107,0.1593,2,-0.109584615356222,0.2989769689400026,0.002370420956449082,100.0,0.13555233522151275,0.0946961767918903,0.012983859932645378,-0.027872298496977095
2024-05-20,16,0.0052566635422408,-0.0002589356363254,0.3781,3,-0.6442211613777118,0.8812586347782991,0.0028416945876797834,100.0,0.27106671631589474,0.11851873670029367,-0.18657722253090847,-0.33912520214650965
2024-05-21,16,-0.0082654375582933,-0.0010261321345826,-0.2127,3,-0.9469599361428969,-0.6910083130154194,0.0004997831559090703,100.0,-0.7933889622664104,-0.8189841245791581,-0.8701744492046536,-0.8957696115174014
2024-05-22,16,-0.0160448979586362,-0.0011922069954427,0.0,2,-1.0124937335602437,-0.12496027680058537,0.001236047313992288,100.0,-0.47997365950444876,-0.5687270051804145,-0.7462336965323462,-0.8349870422083121
2024-05-23,16,0.0082973083481192,2.5884250581350047e-05,-0.4454,2,-0.5318301066912224,-1.310281364389147,-9.540836362655503e-05,100.0,-0.9989008613099772,-0.9210557355401847,-0.7653654840005998,-0.6875203582308074
2024-05-24,16,0.0080576203763484,-0.0001060754882037,0.0,1,-0.5839019419105838,-0.12496027680058537,0.0014984969386049466,100.0,-0.3085369428445847,-0.3544311093555846,-0.4462194423775842,-0.4921136088885841
2024-05-28,16,-0.0028345307800918,0.0002729079094834,0.3789,3,-0.4343535931723238,0.8833876353846549,0.0029731278453622987,100.0,0.35629114396186334,0.22451702110616556,-0.039031224605230175,-0.1708053474609281
2024-05-29,16,-0.0215462632477283,-0.0005021262247624,-0.3504,3,-0.740185130119863,-1.0574625423844022,0.0001237721558256372,100.0,-0.9305515774785864,-0.8988238362521326,-0.8353683537992247,-0.8036406125727709
2024-05-30,16,0.0022659595124423,0.0005768739922046,-0.9715,1,-0.3144073738370802,-2.710365388143845,-0.0018826302843735045,100.0,-1.751982182421139,-1.5123863809904625,-1.0331947781291095,-0.7935989766984332
2024-05-31,16,0.0038839830085635,0.0012995349567292,0.0,0,-0.02924249695379193,-0.12496027680058537,0.0018381445145803808,100.0,-0.08667316486186799,-0.07710138687718865,-0.057957830907829966,-0.048386052923150624
2024-06-03,17,0.0035804200451821,0.0004175011768231,0.4087,2,-0.37729651758197025,0.9626929079714065,0.0031262312277968093,100.0,0.4266971377500557,0.2926981951947181,0.024700310084042776,-0.10929863247129493
2024-06-04,17,0.0093216691166162,0.0007403080183541,0.4648,1,-0.24991566024892248,1.1119890754921031,0.0034253529887883433,100.0,0.5672271811956928,0.4310367076215903,0.15865576047338517,0.02246528689928265
2024-06-05,17,0.0075251562520861,0.0026021019047502,0.0,1,0.4847555762768601,-0.12496027680058537,0.00224100474762144,100.0,0.11892606443039284,0.17989764973813738,0.30184082035362647,0.3628124056613711
2024-06-06,17,-0.0128444423899054,0.0003209772182455,0.5083,3,-0.4153852536771546,1.2277534834626969,0.003466285701032089,100.0,0.5704979886067563,0.4061841148927711,0.07755636746480082,-0.08675750624918432
2024-06-07,17,0.0043038786388933,0.0002809645505283,0.7964,2,-0.4311744107279349,1.99445982682656,0.004518143542916639,100.0,1.0242061318047622,0.7816427080493126,0.2965158605384136,0.053952436782964075
2024-06-10,17,0.0091993948444724,0.0012480387471488,0.5889,3,-0.04956310507548725,1.4422502945530382,0.0040281853432774595,100.0,0.845524934701628,0.6963435947387755,0.3979809148130704,0.24879957485021786
2024-06-11,17,0.0066244392655789,0.0006450746150223,0.4395,4,-0.28749513813611477,1.0446594313161026,0.0033048156590851033,100.0,0.5117976035352156,0.3785821465899939,0.11215123269955046,-0.02106422424567128
2024-06-12,17,-0.0147926919162273,-0.0018272424091553,0.9297,2,-1.2630812212724254,2.349204552860586,0.004408760538624479,100.0,0.9042902432073815,0.5430616657940803,-0.1793954890325219,-0.5406240664458231
2024-06-13,17,0.009305752813816,-0.0013878638795402,0.4974,2,-1.0897007144322985,1.1987458502011,0.002938628563107595,100.0,0.2833672243477405,0.054522567884400686,-0.403166745042279,-0.6320114015056189
2024-06-14,17,0.0025454245042055,0.0016804205202652,0.5037,1,0.12105645395718946,1.2155117299761515,0.0038370759371630274,100.0,0.7777296195685667,0.6682840919666705,0.44939303676287806,0.3399475091609819
2024-06-17,17,-0.0121305081993341,0.0014460528455244,0.0,0,0.028574041880526497,-0.12496027680058537,0.001911253709174031,100.0,-0.06354654932814062,-0.04819311746002944,-0.017486253723807063,-0.0021328218556958753
2024-06-17,17,-0.0121305081993341,0.0014460528455244,0.0,0,0.028574041880526497,-0.12496027680058537,0.001911253709174031,100.0,-0.06354654932814062,-0.04819311746002944,-0.017486253723807063,-0.0021328218556958753
2024-06-18,17,0.0069108000025153,0.0018110880940975,0.0,0,0.17261839577182495,-0.12496027680058537,0.002015376238686316,100.0,-0.005928807771621247,0.023829059485619787,0.08334479400010184,0.11310266125734288
2024-06-20,17,0.0188882648944854,0.0034037487249129,0.0,0,0.8010885844198427,-0.12496027680058537,0.0024696662125542027,100.0,0.24545926768758586,0.3380641538096286,0.5232739260537143,0.6158788121757571
2024-06-21,17,-0.0022824807092547,0.0010623166649503,0.0,0,-0.12284977379639113,-0.12496027680058537,0.0018017969322108689,100.0,-0.12411607559890768,-0.12390502529848825,-0.1234829246976494,-0.12327187439722999
2024-06-24,17,0.0268385801464319,0.0004664506026383,0.0,0,-0.357980880414157,-0.12496027680058537,0.0016318323002993676,100.0,-0.21816851824601402,-0.24147057860737117,-0.28807469933008545,-0.3113767596914427
2024-06-25,17,-0.0008151779766194,0.0017520867992946,0.0,0,0.14933625131630995,-0.12496027680058537,0.0019985467295268802,100.0,-0.015241665553827236,0.012187987257862291,0.06704729288124134,0.0944769456929309
2024-06-26,17,0.0083206966519355,0.0012275345099939,0.0,0,-0.057654158212291605,-0.12496027680058537,0.0018489236138498433,100.0,-0.09803782936526786,-0.09130721750643848,-0.07784599378877974,-0.07111538192995036
2024-06-27,17,-0.0175827722996473,-0.0004149998259952,0.0,0,-0.7058047083212713,-0.12496027680058537,0.0013804076813680021,100.0,-0.3572980494088598,-0.41538249256092835,-0.5315513788650655,-0.5896358220171342
2024-06-28,17,0.0046116583980619,0.0008559014488567,0.0,0,-0.20430203505543276,-0.12496027680058537,0.0017429191265372981,100.0,-0.15669698010252434,-0.16463115592800906,-0.18049950757897854,-0.18843368340446331
2024-07-01,18,0.0122957387939095,0.0027961645457241,0.1709,3,0.5613334625023505,0.3298474777321609,0.0029235802124777275,100.0,0.4224418716402367,0.4455904701172557,0.49188766707129356,0.5150362655483126
2024-07-02,18,0.0031310622580349,0.0011780135555512,0.496,1,-0.0771953228386186,1.1950200991399773,0.0034898773975918064,100.0,0.686133930348539,0.5589123881506793,0.3044693037549602,0.1772477615571006
2024-07-03,18,0.025723922997713,0.0025929502646062,0.0,1,0.48114430285397536,-0.12496027680058537,0.0022875982226920905,100.0,0.11748155506123893,0.178092013026695,0.29931292895760714,0.35992338692306325
2024-07-05,18,-0.0082372957840561,0.0013406351937726,0.0,0,-0.013024180742309136,-0.12496027680058537,0.0018856024548814401,100.0,-0.08018583837727487,-0.06899222877144726,-0.04660500955979201,-0.03541139995396438
2024-07-08,18,-0.000264430331299,0.0044705612795467,0.3907,2,1.2220570409073492,0.9147903943284021,0.0041951247726044055,100.0,1.037697052959981,1.0684237176178757,1.129877046933665,1.16060371159156
2024-07-09,18,0.0116412630304694,-0.001900704334997,0.9502,1,-1.2920695879708242,2.4037601933984525,0.00401848107002154,100.0,0.9254282808507418,0.5558453027138142,-0.18332065356004112,-0.5529036316969688
2024-07-10,18,-0.0293437838554382,8.884206972583279e-05,-0.2771,3,-0.5069867020706514,-0.862392861827057,0.0005583513911014135,100.0,-0.7202303979244947,-0.6846897819488542,-0.6136085499975731,-0.5780679340219326
2024-07-11,18,-0.0026945169083774,-0.0003320439848318,0.0,0,-0.673070005060147,-0.12496027680058537,0.001348668925640771,100.0,-0.34420416810441007,-0.3990151409303662,-0.5086370865822785,-0.5634480594082347
2024-07-12,18,0.0078889047726988,0.0008331197607362,0.0,0,-0.2132917793573816,-0.12496027680058537,0.0017226889350086677,100.0,-0.16029287782330387,-0.1691260280789835,-0.18679232859034273,-0.19562547884602238
2024-07-15,18,-0.0139924623072147,0.0031482763682544,0.0,0,0.7002781813264225,-0.12496027680058537,0.0024658590682417303,100.0,0.20513510645021776,0.28765895226291854,0.4527066438883201,0.5352304897010209
2024-07-16,18,-0.0157676711678504,0.0043983399698477,0.0,0,1.193558226249201,-0.12496027680058537,0.0028671321096977787,100.0,0.4024471244193292,0.5342989747243079,0.798002675334265,0.9298545256392439
2024-07-17,18,-0.0183957647532224,0.0026122783324159,0.0,0,0.48877123491190216,-0.12496027680058537,0.0022938025730512095,100.0,0.12053232788440967,0.1819054790556584,0.3046517813981559,0.3660249325694047
2024-07-18,18,-0.0001687836047494,0.0049275926247756,0.0,0,1.4024034186582766,-0.12496027680058537,0.0030370233234495586,100.0,0.48598520138295936,0.6387215709288456,0.9441943100206179,1.0969306795665041
2024-07-19,18,0.0225712060928344,0.0038392153175013,0.0,0,0.9729254254258425,-0.12496027680058537,0.002687651922038423,100.0,0.31419400408998577,0.42398257431262854,0.6435597147579141,0.753348284980557
2024-07-22,18,0.0006605972303077,0.0024846853434002,0.0,0,0.4384225364350603,-0.12496027680058537,0.0022528449556103525,100.0,0.1003928484936729,0.15673112981723747,0.2694076924643666,0.3257459737879312
2024-07-23,18,-0.0503878220915794,0.0031115868425691,0.0,0,0.6858003492743792,-0.12496027680058537,0.0024540816534425513,100.0,0.19934397362940043,0.2804200362368969,0.44257216145188977,0.5236482240593863
2024-07-24,18,-0.0309912525117397,0.0024685998293378,0.9071,1,0.43207512891979993,2.2890602857310363,0.005277097061723088,100.0,1.5462662230065416,1.360567707325418,0.9891706759631708,0.8034721602820472
2024-07-25,18,-0.0016736224060878,0.0025577210305797,0.0,0,0.4672427076703083,-0.12496027680058537,0.002276289564582245,100.0,0.11192091698777211,0.17114121543486147,0.2895818123290402,0.3488021107761296
2024-07-26,18,0.015149462968111,0.003698261462057,-0.525,3,0.9173044761741543,-1.522116924721544,0.0008890781484764646,100.0,-0.5463483643632646,-0.30240622427369485,0.1854780559054448,0.42942019599501474
2024-07-29,18,0.0044830199331045,0.0041416628677619,0.3113,1,1.092272425841803,0.7034870841475944,0.003824377812020184,100.0,0.859001220825278,0.8978797549946987,0.9756368233335404,1.0145153575029615
2024-07-30,18,0.0073404205031692,0.0056854927900978,-0.9267,2,1.7014738236525564,-2.591141354187923,0.00018543772616955514,100.0,-0.8740952830517311,-0.44483376526768326,0.4136892703004126,0.8429507880844606
2024-07-31,18,-0.0045469575561583,0.0053714459270845,0.0,1,1.5775496885144642,-0.12496027680058537,0.0031795011656575818,100.0,0.5560437093254346,0.7262947058569394,1.0667966989199493,1.2370476954514544
2024-08-01,19,-0.0240104235708713,-0.0009706682621215,0.0,1,-0.9250736725445238,-0.12496027680058537,0.0009613806875680382,100.0,-0.44500563509816077,-0.5250169746725546,-0.6850396538213422,-0.7650509933957361
2024-08-02,19,-0.0444616675376892,0.0006234970779444,0.0,0,-0.2960097196706408,-0.12496027680058537,0.0013722847703681131,100.0,-0.19338005394860758,-0.2104849982356131,-0.24469488680962417,-0.26179983109662974
2024-08-05,19,-0.0060283127240836,0.0030848905379825,-0.8153,4,0.6752658818209107,-2.2946780197528853,-0.0002592178362749839,100.0,-1.106700459123367,-0.8097060689659873,-0.21571728865122808,0.08127710150615153
2024-08-06,19,0.0041064377874135,0.0047547414368891,-0.2575,3,1.3341956557757058,-0.8102323469713413,0.0017214715478001633,100.0,0.0475388541274776,0.26198165440218224,0.6908672549515916,0.9053100552262965
2024-08-07,19,0.019441170617938,0.0075810522676731,0.0,0,2.449469096101384,-0.12496027680058537,0.0031656293889684587,100.0,0.9048114723602024,1.1622544096503993,1.677140284230793,1.9345832215209902
2024-08-08,19,0.0101217273622751,0.0101561680340493,-0.7038,2,3.4656199697852306,-1.997948560242053,0.0018733279129152169,100.0,0.1874788517688606,0.7338357047715888,1.8265494107770457,2.372906263779774
2024-08-09,19,-0.0084316479042172,0.0102359432631457,0.0,0,3.4970995909358993,-0.12496027680058537,0.0038499408101311788,100.0,1.3238636702940085,1.686069657067657,2.4104816306149535,2.7726876173886024
2024-08-12,19,0.0115225929766893,0.0082130185264104,-0.355,2,2.69884548311264,-1.0697042958709477,0.0023418808956898454,100.0,0.4377156157224874,0.8145705936208462,1.5682805494175636,1.9451355273159225
2024-08-13,19,-0.0230872556567192,0.0069123110669606,-0.1781,3,2.185581171432013,-0.5989290367905334,0.002498269963187968,100.0,0.5148750464984853,0.7933260673207398,1.350228108965249,1.6286791297875038
2024-08-14,19,0.0057991039939224,0.0070098870338226,-0.7535,2,2.2240850341600558,-2.130212722911904,0.0009242285288060542,100.0,-0.38849362008311994,0.04693615562407594,0.9177957070384677,1.353225482745664
2024-08-15,19,0.0102913957089185,0.0054829446534567,0.3211,2,1.621547527251317,0.7295673415754522,0.003517255358255316,100.0,1.086359415845798,1.1755574344133846,1.3539534715485575,1.443151490116144
2024-08-16,19,0.0227663032710552,0.0058779809559636,-0.0107,3,1.77743041576864,-0.15343565991059346,0.0026969160555988907,100.0,0.6189107703611,0.8119973779290233,1.19817059306487,1.3912572006327935
2024-08-19,19,0.0030597739387303,0.0053432711033398,0.0737,3,1.5664317915492516,0.07117390405993776,0.0027936623318762024,100.0,0.6692770590556634,0.8188028478045947,1.1178544253024574,1.267380214051389
2024-08-20,19,-0.0079551739618182,0.0049473351432258,0.1839,1,1.4101938945793344,0.3644437375854418,0.0029978834460296965,100.0,0.7827438003829988,0.8873188160823882,1.0964688474811666,1.2010438631805558
2024-08-21,19,-0.0123608103021979,0.0033350069942825,0.3723,2,0.7739628254342886,0.8658233803822201,0.0031059123319597394,100.0,0.8290791584030475,0.8198931029082543,0.8015209919186681,0.792334936423875
2024-08-22,19,0.0111112119629979,0.0022321641582349,0.4004,2,0.338776677293552,0.9406045266804656,0.0028997465750931614,100.0,0.6998733869257001,0.6396906019870088,0.5193250321096261,0.45914224717093477
2024-08-23,19,0.0032604420557618,0.0014438117254773,0.0,1,0.027689687039619323,-0.12496027680058537,0.0015837249700641114,100.0,-0.0639002912645035,-0.04863529488048302,-0.018105302112442087,-0.002840305728421616
2024-08-26,19,-0.008907132782042,0.0010744725918645,-0.1538,1,-0.11805299692306087,-0.5342606433724776,0.0010610741914132602,100.0,-0.3677775847927109,-0.32615682014776926,-0.24291529085788588,-0.20129452621294422
2024-08-27,19,-0.0111124496906995,0.0002557259617621,0.4866,2,-0.441133657749055,1.1700043420152972,0.002629882852636895,100.0,0.5255491421095564,0.3644353421331211,0.042207742180250696,-0.11890605779618457
2024-08-28,19,-0.0065704132430255,-0.000226226485682,0.0,0,-0.6313140010714703,-0.12496027680058537,0.001153264275586133,100.0,-0.32750176650893936,-0.37813713893602785,-0.47940788379020477,-0.5300432562172933
2024-08-29,19,0.0098900012671947,0.0006991457525889,-0.005,3,-0.26615845323953635,-0.13826653059030877,0.0013778872428185048,100.0,-0.18942329964999982,-0.20221249191492258,-0.22779087644476806,-0.24058006870969084
2024-08-30,19,-0.0368466563522815,0.0011000695853742,0.1716,3,-0.10795232197159482,0.3317103532627222,0.0019720464982311858,100.0,0.15584528316899537,0.11187901564556368,0.02394648059870029,-0.020019786924731428
2024-09-03,20,-0.005782872904092,-0.0012923617861831,0.0,0,-1.0520152103976514,-0.12496027680058537,0.00045750079109231254,100.0,-0.49578225023941186,-0.5884877435991184,-0.7738987303185315,-0.8666042236782383
2024-09-04,20,0.0050496188923716,-0.0017995658413311,0.0,0,-1.252159938065532,-0.12496027680058537,0.0003023870949811231,100.0,-0.575840141306564,-0.6885601074330586,-0.9140000396860479,-1.0267200058125427
2024-09-05,20,-0.0401933975517749,-0.0018215231680115,0.0,0,-1.2608243860804065,-0.12496027680058537,0.0002956720814406182,100.0,-0.5793059205125138,-0.6928923314404959,-0.9200651532964601,-1.0336515642244424
2024-09-06,20,-0.0133360615000128,-0.0021588156082471,0.0,0,-1.3939213179960843,-0.12496027680058537,0.00019252094030859385,100.0,-0.6325446932787849,-0.7594407973983348,-1.0132330056374346,-1.1401291097569846
2024-09-09,20,-0.0003361959825269,-0.0022911565461,0.0,0,-1.4461435758763999,-0.12496027680058537,0.0001520482906741294,100.0,-0.6534335964309111,-0.7855519263384926,-1.0497885861536553,-1.181906916061237
2024-09-10,20,0.0168169997632503,-0.0020237482235571,0.0,0,-1.340623193402611,-0.12496027680058537,0.00023382739488184167,100.0,-0.6112254434413956,-0.7327917351015981,-0.9759243184220032,-1.097490610082206
2024-09-11,20,0.0233527589589357,-0.0016221130349477,0.0,0,-1.1821363583109434,-0.12496027680058537,0.00035665590534266606,100.0,-0.5478307094047286,-0.6535483175557644,-0.864983533857836,-0.9707011420088718
2024-09-12,20,0.0179066285490989,-0.0013156741945999,0.0,0,-1.0612143790291035,-0.12496027680058537,0.0004503713649805117,100.0,-0.49946191769199266,-0.5930873279148444,-0.780338148360548,-0.8739635585833999
2024-09-13,20,0.0038104564882814,-0.0012206829289302,0.0,0,-1.0237304496217534,-0.12496027680058537,0.00047942169722205435,100.0,-0.48446834592905264,-0.5743453632111694,-0.7540993977754029,-0.8439764150575199
2024-09-16,20,0.007971747778356,1.883484993225003e-05,0.0,0,-0.5346118280887855,-0.12496027680058537,0.0008584923732614723,100.0,-0.2888208973158654,-0.32978605244468545,-0.4117163627023254,-0.45268151783114546
2024-09-17,20,0.0030754993204027,0.0016506560064116,0.0,0,0.10931125898303382,-0.12496027680058537,0.0013575376951686265,100.0,-0.03125166248713769,-0.007824508908775778,0.03902979824794805,0.06245695182630999
2024-09-18,20,0.0145798092707991,0.00355171262391,0.0,0,0.8594757246031187,-0.12496027680058537,0.001938920898760656,100.0,0.26881412376089625,0.36725772390126665,0.5641449241820075,0.6625885243223779
2024-09-19,20,0.0089429719373583,0.0045920125126102,0.0,0,1.26998217817647,-0.12496027680058537,0.002257066542831387,100.0,0.4330167051902368,0.5725109506879423,0.8514994416833533,0.990993687181059
2024-09-20,20,-0.0106362765654921,0.0049019968979996,0.0,0,1.392303243564942,-0.12496027680058537,0.002351866304912301,100.0,0.4819451313456256,0.6336714833821784,0.9371241874552838,1.0888505394918366
2024-09-23,20,0.0027184274513274,0.005278098481242,0.0,0,1.5407144169171427,-0.12496027680058537,0.0024668861003927928,100.0,0.5413096006865059,0.7078770700582787,1.0410120088018242,1.2075794781735971
2024-09-24,20,-0.0049294019117951,0.0054097678264936,0.0,0,1.5926716616988312,-0.12496027680058537,0.0025071533628470656,100.0,0.5620924985991813,0.733855692449123,1.0773820801490062,1.249145273998948
2024-09-25,20,0.0076784989796578,0.0044558280831536,0.0,0,1.216243263296849,-0.12496027680058537,0.0022154184724119917,100.0,0.41152113923838834,0.5456414932481318,0.8138822012676187,0.9480025552773621
2024-09-26,20,0.0074970964342355,0.0025724632582822,0.0,0,0.4730600490712436,-0.12496027680058537,0.0016394457920942801,100.0,0.11424785354814622,0.17404988613532912,0.2936539513096949,0.3534559838968778
2024-09-27,20,0.0115890251472592,0.0005967494948962,0.0,0,-0.30656442180801613,-0.12496027680058537,0.0010352308589011165,100.0,-0.1976019348035577,-0.21576234930430074,-0.25208317830578686,-0.27024359280653
2024-09-30,20,0.0068735517561435,-0.0005774205633243,0.0,0,-0.7698965741303163,-0.12496027680058537,0.0006761448939032074,100.0,-0.3829347957324778,-0.44742842546545086,-0.5764156849313969,-0.6409093146643702
2024-10-01,21,-0.0067669334821403,-0.0018029211577759,-0.0053,3,-1.2534839592149452,-0.13906490581769218,0.0004032062384529498,100.0,-0.5848325271765934,-0.6962744325163187,-0.9191582431957692,-1.0306001485354945
2024-10-02,21,0.0,-0.0022822031434987,-0.3224,3,-1.4426105277724859,-0.9829475211619512,-0.0005294939659888905,100.0,-1.166812723806165,-1.2127790244672185,-1.3047116257893254,-1.350677926450379
2024-10-03,21,0.0072349510155618,-0.0015332574157057,0.9388,1,-1.1470735792687654,2.3734219347578827,0.002833318578476138,100.0,0.9652237291472234,0.6131741777445586,-0.09092492506077099,-0.4429744764634358
2024-10-04,21,-0.0244223792105913,-0.0050511001770963,-0.2704,1,-2.535228256485413,-0.8445624817488275,-0.0012298585396885115,100.0,-1.5208287916434617,-1.6898953691171203,-2.028028524064437,-2.1970951015380957
2024-10-07,21,0.0085901208221912,-0.00366284788388,-0.7107,4,-1.9874184068993106,-2.0163111904718716,-0.0019094818756436904,100.0,-2.004754077042847,-2.001864798685591,-1.9960862419710788,-1.9931969636138227
2024-10-08,21,-0.0153304142877459,0.0002587345622632,0.1918,1,-0.43994645208332267,0.3854676185732048,0.0015114915058630869,100.0,0.055301990310593796,-0.02723941675505895,-0.1923222308863644,-0.2748636379520172
2024-10-09,21,0.0013592721661552,0.0004550486495567,-0.6312,3,-0.36248013622892544,-1.8047417552152691,-0.00047763457302118476,100.0,-1.2278371076207315,-1.0836109457220973,-0.7951586219248284,-0.6509324600261942
2024-10-10,21,0.0071570067666471,0.0027679802728381,0.0,1,0.5502118368685812,-0.12496027680058537,0.0017861669999446237,100.0,0.14510856866708127,0.21262578003399793,0.3476602027678312,0.41517741413474796
2024-10-11,21,0.0105366669595241,-0.0054118783450044,-0.7582,2,-2.6775927494968372,-2.142720601474244,-0.0025518168930927622,100.0,-2.356669460683281,-2.4101566754855406,-2.5171311050900593,-2.5706183198923185
2024-10-14,21,0.0030309630092233,-0.0033101672632425,0.9537,1,-1.8482492380908426,2.4130745710512587,0.0023379052523362664,100.0,0.7085450473944181,0.282412666480208,-0.5698520953482121,-0.9959844762624224
2024-10-15,21,-0.0018131566466763,-0.0032118088913531,-0.4355,3,-1.80943663524224,-1.2839349818854948,-0.0010895094124202048,100.0,-1.494135643228193,-1.5466858085638675,-1.6517861392352164,-1.704336304570891
2024-10-16,21,-0.0135021060705184,-0.0001329985150084,0.1021,3,-0.5945258748486778,0.14675342558556673,0.0011708902004019311,100.0,-0.1497582945881311,-0.22388622463155555,-0.3721420847184044,-0.4462700147618289
2024-10-17,21,0.0030075449030846,-0.0061577420680478,0.0,1,-2.971913526727834,-0.12496027680058537,-0.0008886241161630744,100.0,-1.2637415767714848,-1.5484369017642097,-2.1178275517496594,-2.4025228767423843
2024-10-18,21,0.0039776088669896,-0.0019459565705392,0.0,1,-1.3099262992234848,-0.12496027680058537,0.00037353103514416457,100.0,-0.5989466857697451,-0.717443288012035,-0.9544364924966149,-1.0729330947389049
2024-10-21,21,0.0065214191563427,-0.0033845813611727,0.1413,2,-1.877613335664047,0.25107445529699834,0.0002940265300643923,100.0,-0.6004006610874199,-0.8132694401835243,-1.2390069983757332,-1.451875777471838
2024-10-22,21,-0.0142908841371536,-0.0009780332958384,0.1692,3,-0.9279799439999117,0.32532335144365493,0.0010846286083630152,100.0,-0.17599796673377174,-0.3013282962781284,-0.5519889553668417,-0.6773192849111984
2024-10-23,21,-0.0003685639821924,-0.0010428955863004,-0.4505,1,-0.9535748605402458,-1.323853743254665,-0.000476872376428355,100.0,-1.1757421901688974,-1.1387143018974555,-1.0646585253545715,-1.0276306370831296
2024-10-24,21,0.015671158209443,-0.0003515205938736,0.5448,3,-0.6807555520761845,1.3248891361276778,0.002207021365954936,100.0,0.5226312608461328,0.3220667920257466,-0.07906214561502584,-0.2796266144354121
2024-10-25,21,0.0087735094130039,0.0001453442387696,0.3444,2,-0.4846907225311946,0.7915744842355633,0.0018572419263892324,100.0,0.28106840152886015,0.15344188085218435,-0.1018111605011672,-0.22943768117784305
2024-10-28,21,0.0177540797740221,-0.0010968231416521,0.0,1,-0.9748548873265283,-0.12496027680058537,0.0006279927431421139,100.0,-0.4649181210109626,-0.5499075820635568,-0.7198865041687453,-0.8048759652213398
2024-10-29,21,0.0281708799302577,-0.0016956889416286,-0.7942,2,-1.211169702299625,-2.2385256287602524,-0.0015277606490665654,100.0,-1.8275832581760016,-1.7248476655299387,-1.5193764802378134,-1.4166408875917507
2024-10-30,21,-0.0192021280527114,-0.0035706448757875,0.3084,3,-1.9510347349678072,0.6957694569495548,0.0006540806619756248,100.0,-0.36295221981739,-0.6276326390091262,-1.1569934773925985,-1.421673896584335
2024-10-31,21,0.0010518644703552,0.00161943311903,0.9328,1,0.09699058404250765,2.3574544302102147,0.003763161960646781,100.0,1.453268891743132,1.2272225071263612,0.7751297378928198,0.5490833532760491
2024-11-01,22,-0.0119679644703865,0.0013442130610109,0.805,5,-0.011612340168927968,2.0173465833448843,0.00290369886467011,100.0,1.2057630139393594,1.002867121587978,0.5970753368852156,0.3941794445338345
2024-11-04,22,0.0029544930439442,0.0024637866030013,0.0,0,0.4301758107567352,-0.12496027680058537,0.0017340322344713036,100.0,0.09709415822234287,0.15260776697807493,0.26363498448953904,0.3191485932452711
2024-11-05,22,0.0398843511939048,0.0023951824898561,0.0,0,0.4031043561755295,-0.12496027680058537,0.0017142003174772044,100.0,0.08626557638986058,0.13907203968747206,0.244684966282695,0.29749142958030655
2024-11-06,22,0.0240214113146066,0.0012654974025388,0.4775,2,-0.04267385055748204,1.1457869601180006,0.0022734170490719507,100.0,0.6704026358478076,0.5515565547802593,0.31386439264516275,0.1950183115776145
2024-11-07,22,-0.0132779702544212,0.0015056802647015,-0.3742,2,0.05210325749229227,-1.1208003104234856,0.0007629076624702421,100.0,-0.6516388832571745,-0.5343485264655967,-0.2997678128824411,-0.1824774560908633
2024-11-08,22,0.0112138865515589,0.0011254289825866,0.0,0,-0.09794540345944618,-0.12496027680058537,0.0013471429355701114,100.0,-0.11415432746412969,-0.11145284013001577,-0.10604986546178793,-0.10334837812767401
2024-11-11,22,0.0070417677052319,0.0014079015826159,0.9311,1,0.01351940253467315,2.352930303921709,0.00315603082949448,100.0,1.4171659433668944,1.183224853228191,0.7153426729507838,0.4814015828120803
2024-11-12,22,-0.0150864152237772,0.0012264895128312,-0.2372,3,-0.05806651822877703,-0.756208956585064,0.000936340865248994,100.0,-0.47695198124254923,-0.40713773740692055,-0.26750924973566315,-0.19769500590003444
2024-11-13,22,-0.0184480808675289,0.001279939074082,0.0,1,-0.036975109806603526,-0.12496027680058537,0.001391808352391433,100.0,-0.08976621000299263,-0.08096769330359445,-0.06337065990479808,-0.054572143205399895
2024-11-14,22,-0.0175987873226404,0.0002561362540687,0.9041,1,-0.4409717547809395,2.2810765334572025,0.0027729950098074677,100.0,1.1922572181619457,0.9200523893381315,0.37564273169050316,0.10343790286668891
2024-11-15,22,0.016290821135044,-0.0001306160033151,-0.8491,2,-0.5935857263045541,-2.3846282953714155,-0.0005910693929399699,100.0,-1.668211267744671,-1.489107010837985,-1.1308984970246125,-0.9517942401179265
2024-11-18,22,0.0160865504294633,-0.0006655154840182,0.572,2,-0.8046591785145799,1.3972751567437731,0.001890505996712946,100.0,0.5165014226404319,0.2963079891145966,-0.14407887793707402,-0.36427231146290934
2024-11-19,22,-0.0120142884552478,-0.0019550312375639,-0.0978,1,-1.3135071987488351,-0.3852306009275754,0.0002752273877216771,100.0,-0.7565412400560794,-0.8493688998382053,-1.0350242194024573,-1.1278518791845833
2024-11-20,22,-0.047448419034481,-0.0035415751283292,0.7284,2,-1.9395636975631128,1.8134947752863217,0.0013492302494482048,100.0,0.3122713861465479,-0.0630344611383955,-0.8136461557082824,-1.188952002993226
2024-11-21,22,-0.0171213038265705,-0.0032540304341894,-0.9705,2,-1.8260974231577134,-2.7077041373858997,-0.0017191810798225478,100.0,-2.3550614516946253,-2.2669007802718064,-2.090579437426169,-2.0024187660033506
2024-11-22,22,0.0175407417118549,-0.0014966335772472,-0.3029,1,-1.1326216676564063,-0.9310531313820298,2.7270410528733866e-05,100.0,-1.0116805458917804,-1.031837399519218,-1.0721511067740932,-1.092307960401531
2024-11-25,22,0.0087682455778121,0.0044225942957032,-0.1344,2,1.2031290792300604,-0.48263237866835074,0.0020509618930141527,100.0,0.19167220449101374,0.36024835028085483,0.6974006418605371,0.8659767876503782
2024-11-26,22,0.0006504605407826,0.0026514433142827,-0.2012,2,0.504225891770986,-0.6604039292990556,0.0014150447664960635,100.0,-0.1945520008710389,-0.07808901876403479,0.15483694544997348,0.27129992755697774
2024-11-27,22,-0.001654592109844,-0.0041923074655148,0.0,1,-2.1963452534059416,-0.12496027680058537,-0.0001900959120779283,100.0,-0.9535142674427278,-1.1606527651032634,-1.5749297604243346,-1.7820682580848703
2024-11-29,22,0.015034195035696,-0.0092603736293121,-0.5502,2,-4.1962242209745835,-1.5891804438217498,-0.0026758058091520005,100.0,-2.631997954682883,-2.8927023323981667,-3.4141110878287333,-3.674815465544017
2024-12-02,23,-0.0008747901883907,-0.0020670347510041,0.0,0,-1.357704228460661,-0.12496027680058537,0.00030715886863627063,100.0,-0.6180578574646156,-0.7413322526306232,-0.9878810429626382,-1.111155438128646
2024-12-03,23,0.0176842287182807,-0.0020726776344836,0.0,0,-1.3599309326161246,-0.12496027680058537,0.00030533310245069623,100.0,-0.618948539126801,-0.742445604708355,-0.9894397358714627,-1.1129368014530168
2024-12-04,23,-0.0099214576184749,-0.001474446769631,0.0,0,-1.123866665555983,-0.12496027680058537,0.000498891889936367,100.0,-0.5245228323027444,-0.6244134711782842,-0.8241947489293636,-0.9240853878049036
2024-12-05,23,0.0119902146980166,-0.0006794462864262,0.0,0,-0.8101563282826957,-0.12496027680058537,0.0007561158792361471,100.0,-0.3990386973934295,-0.46755830254164055,-0.6045975128380625,-0.6731171179862736
2024-12-06,23,0.0049280766397714,6.988118383559995e-05,0.0,0,-0.5144687426898557,-0.12496027680058537,0.0009985622742567646,100.0,-0.2807636631562935,-0.31971450974522053,-0.39761620292307454,-0.4365670495120016
2024-12-09,23,0.0558819137513637,0.0012572410398115,0.0,0,-0.04593184396824153,-0.12496027680058537,0.001382734919859868,100.0,-0.09334890366764784,-0.08544606038441345,-0.06964037381794469,-0.061737530534710296
2024-12-10,23,0.0552463792264461,0.0019700541963665,0.0,0,0.23534704891275782,-0.12496027680058537,0.0016133670359754658,100.0,0.019162653484751907,0.05519338605608622,0.12725485119875485,0.16328558377008917
2024-12-11,23,-0.0176047310233116,0.0019796655793698,0.0,0,0.2391397386875781,-0.12496027680058537,0.0016164768180838122,100.0,0.02067972939468002,0.05708973094349636,0.12990973404112904,0.1663197355899454
2024-12-12,23,-0.0111482413485646,0.0016730158637302,0.0,0,0.11813454718095254,-0.12496027680058537,0.0015172596920054857,100.0,-0.027722347207970205,-0.003412864809816417,0.04520609998649116,0.06951558238464496
2024-12-13,23,0.0360341779887676,0.0015652508229813,0.0,0,0.0756100355689289,-0.12496027680058537,0.0014823920984956783,100.0,-0.044732151852779664,-0.024675120615828237,0.015438941858074616,0.03549597309502604
2024-12-16,23,-0.0063054063357412,0.0022821729874103,0.0,0,0.35851035922040375,-0.12496027680058537,0.001714353692290527,100.0,0.06842797760781029,0.1167750412099092,0.21346916841410699,0.26181623201620596
2024-12-17,23,-0.0359225571155548,0.0020241257549287,0.0,0,0.2566838999358663,-0.12496027680058537,0.001630861996412418,100.0,0.02769739389399531,0.06586181156764048,0.1421906469149308,0.18035506458857598
2024-12-18,23,0.000583796063438,0.0027349400148751,0.0,0,0.5371740203035075,-0.12496027680058537,0.0018608473655502163,100.0,0.13989344204105175,0.20610687175146106,0.33853373117227964,0.4047471608826889
2024-12-19,23,0.0153838023543357,0.0035234059544144,0.0,0,0.8483058007827572,-0.12496027680058537,0.0021159570902358196,100.0,0.26434615423275165,0.3616727619910859,0.5563259775077544,0.6536525852660887
2024-12-20,23,0.0168225541710853,0.0044351601787866,0.0,0,1.2080876264303575,-0.12496027680058537,0.002410956984963592,100.0,0.40825888449179176,0.5415636748148861,0.8081732554610747,0.9414780457841689
2024-12-23,23,0.0076041803695261,0.0042841876671673,0.0,0,1.148513275798315,-0.12496027680058537,0.0023621095282214555,100.0,0.3844291442389748,0.5117764994988648,0.7664712100186448,0.893818565278535
2024-12-24,23,-0.0026005837135016,0.0045869553798674,0.0,0,1.267986613580101,-0.12496027680058537,0.002460070624519088,100.0,0.43221847935168917,0.5715131683897579,0.850102546465895,0.9893972355039637
2024-12-26,23,-0.0145194940268993,0.0027064798271148,0.0,0,0.5259435175682724,-0.12496027680058537,0.0018516390151320956,100.0,0.13540124094695777,0.20049162038384352,0.33067237925761506,0.3957627586945009
2024-12-27,23,-0.0078852865844964,-0.0001183580841916,0.0,0,-0.5887487029017503,-0.12496027680058537,0.0009376570842754479,100.0,-0.31047564724105137,-0.35685448985116786,-0.4496121750714008,-0.4959910176815173
2024-12-30,23,-0.0101444125175476,-0.0008774283576804,0.0,0,-0.888280837209842,-0.12496027680058537,0.0006920583858714298,100.0,-0.43028850096428806,-0.5066205570052137,-0.659284669087065,-0.7356167251279907
2024-12-31,23,0.0006867047632113,-0.0005466346990452,0.0,0,-0.7577483502357678,-0.12496027680058537,0.000799087332780002,100.0,-0.3780755061746584,-0.4413543135181766,-0.567911928205213,-0.6311907355487314
2025-01-02,24,0.01245838124305,0.001758360995376,0.6199,1,0.15181207392320975,1.5247490680493234,0.0023785607597947957,100.0,0.9755742703988779,0.8382805709862666,0.5636931721610438,0.42639947274843254
2025-01-03,24,0.0264874584972858,0.0025003284334828,0.0,1,0.4445953616967836,-0.12496027680058537,0.0019637039979407793,100.0,0.10286197859836223,0.15981754244809912,0.2737286701475729,0.33068423399730984
2025-01-06,24,-0.0070097125135362,0.0022575142005008,0.4272,1,0.348779904306785,1.011926046993383,0.0023397908767880445,100.0,0.7466675899187438,0.680352975650084,0.5477237471127644,0.4814091328441047
2025-01-07,24,-0.0078776627779006,0.0030779644167155,0.0,0,0.6725328069554625,-0.12496027680058537,0.0021577304751097715,100.0,0.19403695670183374,0.27378626507743853,0.4332848818286481,0.5130341902042529
2025-01-08,24,-0.0098480219021439,0.0027791896582294,-0.3595,2,0.5546351047105771,-1.0816799242816988,0.001672250354816282,100.0,-0.4271539126847884,-0.26352240978556085,0.06374059601289428,0.22737209891212196
2025-01-10,24,-0.0053634070791304,0.0028559317788918,0.9504,1,0.5849178492681888,2.404292443550041,0.003101287560614633,100.0,1.6765426058373,1.494605146409115,1.1307302275527444,0.9487927681245594
2025-01-13,24,-0.0070676570758223,0.0029133187506886,0.0,0,0.6075629754760292,-0.12496027680058537,0.002102426409075726,100.0,0.16804902411006045,0.24130134933772193,0.38780599979304486,0.4610583250207063
2025-01-14,24,0.0310555603355169,0.0037641572035252,0.0,0,0.9433071965719192,-0.12496027680058537,0.002388220910172963,100.0,0.30234671254841644,0.4091734598856669,0.6228269545601678,0.7296537018974183
2025-01-15,24,-0.01350037753582,0.0035853017561628,-0.1657,1,0.8727301291353841,-0.5659295273920193,0.0021506339771514785,100.0,0.009534335218942092,0.15340030087168238,0.441132232177163,0.5849981978299034
2025-01-16,24,0.0160178132355213,0.0034090542015421,0.0,0,0.8031821464967266,-0.12496027680058537,0.0022689427029509617,100.0,0.2462966925183394,0.3391109348480706,0.524739419507533,0.6175536618372642
2025-01-17,24,0.0104592870920896,0.0030535014008425,0.0197,2,0.6628796040677056,-0.07253363686907512,0.0021706174757984294,100.0,0.2216316595056372,0.29517298359931526,0.4422556317866714,0.5157969558803496
2025-01-21,24,0.0016156987985596,0.0029796080827501,-0.1732,3,0.6337210082797363,-0.5858889080766044,0.0019391484492439696,100.0,-0.09804494153406812,0.023916050101565944,0.2678380333728341,0.3897990250084682
2025-01-22,24,-0.0019659975077956,0.0032209984674262,-0.0287,5,0.7289746094926551,-0.20133817355359776,0.0021750297358420585,100.0,0.17078693966490338,0.2638182179695287,0.44988077457877923,0.5429120528834045
2025-01-23,24,0.0112636750563979,0.0026767758552523,0.0,1,0.5142222127034293,-0.12496027680058537,0.002022972244111821,100.0,0.1307127190010205,0.19463096795142196,0.32246746585222485,0.3863857148026264
2025-01-24,24,-0.0419558882713317,0.0020683810552086,0.766,2,0.2741472165881677,1.9135578037850416,0.002639208617893269,100.0,1.257793568906292,1.0938525101866046,0.7659703927472299,0.6020293340275426
2025-01-27,24,0.0181950591504573,0.0031307861248035,-0.332,3,0.693376462034561,-1.0084955284382202,0.0018198107166633567,100.0,-0.3277467322491077,-0.15755953320182958,0.18281486489272664,0.3530020639400048
2025-01-28,24,0.0005632488755509,0.0031830641220355,-0.9598,2,0.7140055666578823,-2.679228754275892,0.0011648259504407918,100.0,-1.3219350259023823,-0.982611593809005,-0.30396472962225,0.03535870247112738
2025-01-29,24,0.0279412809759378,0.0032647167645465,-0.4809,2,0.7462260225727275,-1.4047557662961834,0.001705285221714578,100.0,-0.544363050748619,-0.3292648718617279,0.10093148591205425,0.31602966479894534
2025-01-30,24,0.015681704506278,0.0033642085111817,0.0,0,0.785485859581904,-0.12496027680058537,0.0022538791481008223,100.0,0.2392181777524104,0.3302627913906593,0.5123520186671572,0.6033966323054062
2025-01-31,24,-0.0136751206591725,0.0024275569868507,0.0,0,0.4158794608274,-0.12496027680058537,0.0019392602516396947,100.0,0.09137561825060879,0.14545959201340733,0.2536275395390044,0.30771151330180296
2025-02-03,25,0.02559270337224,0.0020693382908619,0.0,0,0.2745249455656851,-0.12496027680058537,0.0019058717691809916,100.0,0.03483381214592281,0.07478233438254986,0.15467937885580393,0.194627901092431
2025-02-03,25,0.02559270337224,0.0020693382908619,0.4533,1,0.2745249455656851,1.0813846917757393,0.0020505859029957435,100.0,0.7586407932917175,0.6779548186707122,0.5165828694287014,0.4358968948076959
2025-02-04,25,-0.0729237273335456,-0.0006994285117525,0.0,0,-0.8180413934858191,-0.12496027680058537,0.0009078293976393501,100.0,-0.4021927234746789,-0.47150083514320223,-0.6101170584802489,-0.6794251701487724
2025-02-04,25,-0.0729237273335456,-0.0006994285117525,0.7778,1,-0.8180413934858191,1.944960562728789,0.001156138802627468,100.0,0.8397597802429456,0.5634595846214849,0.010859193378563337,-0.26544100224289746
2025-02-05,25,0.0014111191267147,0.0008165449749338,0.0,0,-0.2198322554377765,-0.12496027680058537,0.0014542841486924164,100.0,-0.16290906825546184,-0.17239626611918094,-0.19137066184661916,-0.20085785971033832
2025-02-05,25,0.0014111191267147,0.0008165449749338,-0.6616,1,-0.2198322554377765,-1.8856437782567874,0.0012430711089133743,100.0,-1.219319169129183,-1.052738016847282,-0.7195757122834797,-0.5529945600015788
2025-02-06,25,-0.0326722413301467,0.0064413017827857,0.0,0,1.9997190436485095,-0.12496027680058537,0.0034818097671564705,100.0,0.7249114513790527,0.9373793834239621,1.362315247513781,1.5747831795586906
2025-02-06,25,-0.0326722413301467,0.0064413017827857,-0.9659,1,1.9997190436485095,-2.6954623838993546,0.003173450221928876,100.0,-0.8173898128802088,-0.3478716701254225,0.5911646153841502,1.0606827581389369
2025-02-07,25,0.0060969213955104,0.0102991602455213,0.0,0,3.5220452623932332,-0.12496027680058537,0.004872431110053601,100.0,1.3338419388769422,1.698542492796324,2.4279436006350874,2.79264415455447
2025-02-07,25,0.0060969213955104,0.0102991602455213,-0.4861,2,3.5220452623932332,-1.4185942702374956,0.004717245713081726,100.0,0.5576615428147961,1.0517254960778688,2.0398534026040145,2.5339173558670876
2025-02-10,25,-0.0061670979484915,0.007429043061252,0.0,0,2.3894856615973277,-0.12496027680058537,0.0038378555154293956,100.0,0.88081809855858,1.1322626923983712,1.6351518800779536,1.8865964739177452
2025-02-10,25,-0.0061670979484915,0.007429043061252,0.6274,1,2.3894856615973277,1.5447084487339084,0.004038150347892169,100.0,1.8826193338792763,1.9670970551656182,2.1360524977383015,2.220530219024644
2025-02-11,25,-0.0092274164780974,0.0078137979836699,0.0,0,2.5413114768379743,-0.12496027680058537,0.003976546038181145,100.0,0.9415484246548387,1.2081756000186945,1.7414299507464064,2.0080571261102627
2025-02-11,25,-0.0092274164780974,0.0078137979836699,-0.9657,2,2.5413114768379743,-2.6949301337477656,0.0036682503421191425,100.0,-0.6004334895134695,-0.07680932845489563,0.9704389936622523,1.4940631547208265
2025-02-12,25,0.0137792686000466,0.0002554204617589,0.0,0,-0.44125420925948233,-0.12496027680058537,0.0012520186349155166,100.0,-0.25147784978414417,-0.2831072430300339,-0.3463660295218132,-0.3779954227677029
2025-02-12,25,0.0137792686000466,0.0002554204617589,-0.1167,3,-0.44125420925948233,-0.43552824025272985,0.00121476264679246,100.0,-0.43781862785543085,-0.4383912247561061,-0.4395364185574566,-0.44010901545813186
2025-02-13,25,-0.0048889489844441,0.0033080542944832,0.0,0,0.7633271834150802,-0.12496027680058537,0.002352385017156019,100.0,0.23035470728568086,0.3191834533072474,0.4968409453503805,0.5856696913719471
2025-02-13,25,-0.0048889489844441,0.0033080542944832,0.3626,1,0.7633271834150802,0.8400092480301565,0.002468143554374702,100.0,0.8093364221841259,0.8016682157226184,0.786331802799603,0.7786635963380955
2025-02-14,25,-0.0078819869086146,0.001037261007775,0.0,0,-0.1327368352877013,-0.12496027680058537,0.0015338444614807999,100.0,-0.12807090019543174,-0.12884855604414333,-0.1304038677415665,-0.13118152359027813
2025-02-14,25,-0.0078819869086146,0.001037261007775,0.948,1,-0.1327368352877013,2.3979054417309738,0.0018364895063878914,100.0,1.3856485309235038,1.1325843032216363,0.6264558478179012,0.3733916201160337
2025-02-18,25,0.0081624183803796,-0.0001889184426819,0.0,0,-0.616592099638924,-0.12496027680058537,0.001091850196917211,100.0,-0.32161300593592085,-0.3707761882197547,-0.4691025527874224,-0.5182657350712563
2025-02-18,25,0.0081624183803796,-0.0001889184426819,-0.3943,1,-0.616592099638924,-1.1742914506581739,0.0009659715669521622,100.0,-0.9512117102504739,-0.895441775148549,-0.7839019049446989,-0.728131969842774
2025-02-19,25,-0.0038323241751641,0.0055145796460784,0.0,0,1.6340308205506935,-0.12496027680058537,0.003147759258386231,100.0,0.5786361621399263,0.7545352718750541,1.1063334913453098,1.282232601080438
2025-02-19,25,-0.0038323241751641,0.0055145796460784,0.0,1,1.6340308205506935,-0.12496027680058537,0.003147759258386231,100.0,0.5786361621399263,0.7545352718750541,1.1063334913453098,1.282232601080438
2025-02-20,25,-0.0265495795756578,0.0009475516550621,0.0,0,-0.1681365009365615,-0.12496027680058537,0.0015015074170440829,100.0,-0.14223076645497582,-0.14654838886857344,-0.15518363369576865,-0.15950125610936627
2025-02-20,25,-0.0265495795756578,0.0009475516550621,0.7864,1,-0.1681365009365615,1.967847319247113,0.001752562336152666,100.0,1.1134537911736433,0.8998554091552758,0.47265864511854094,0.2590602631001735
2025-02-21,25,-0.0022820937447249,-0.0006262028253627,0.0,0,-0.7891462478101724,-0.12496027680058537,0.0009342246641649501,100.0,-0.3906346652044202,-0.4570532623053789,-0.5898904565072962,-0.656309053608255
2025-02-21,25,-0.0022820937447249,-0.0006262028253627,-0.4505,1,-0.7891462478101724,-1.323853743254665,0.0007904044186684894,100.0,-1.1099707450768679,-1.0564999955324188,-0.9495584964435202,-0.8960877468990709
2025-02-24,25,-0.0213668327778577,0.0044928098750363,0.0,0,1.230836424747172,-0.12496027680058537,0.0027794474437193174,100.0,0.4173584038185176,0.5529380739732933,0.8240974142828447,0.9596770844376206
2025-02-24,25,-0.0213668327778577,0.0044928098750363,0.0,1,1.230836424747172,-0.12496027680058537,0.0027794474437193174,100.0,0.4173584038185176,0.5529380739732933,0.8240974142828447,0.9596770844376206
2025-02-25,25,-0.0153346173465251,0.0060131818415173,0.0,0,1.8307812203313236,-0.12496027680058537,0.0033274876909583874,100.0,0.6573363220521783,0.8529104717653692,1.2440587711917508,1.4396329209049419
2025-02-25,25,-0.0153346173465251,0.0060131818415173,-0.838,1,1.8307812203313236,-2.3550884119582296,0.003059959687127013,100.0,-0.6807405590424082,-0.262153595813453,0.5750203306444576,0.9936072938734131
2025-02-26,25,-0.024489015340805,0.0032694929778151,0.0,0,0.7481107352327017,-0.12496027680058537,0.0023384850282147838,100.0,0.22426812801272944,0.3115752292160581,0.48618943162271555,0.5734965328260443
2025-02-26,25,-0.024489015340805,0.0032694929778151,0.0724,2,0.7481107352327017,0.06771427807460968,0.002361598426159165,100.0,0.33987286093784647,0.4079125066536557,0.5439917980852741,0.6120314438010833
2025-02-27,25,0.0105637069791555,0.0071677847105759,0.0,0,2.28639208236368,-0.12496027680058537,0.0037436811329398254,100.0,0.8395806668651209,1.0807159027815474,1.5629863746144004,1.804121610530827
2025-02-27,25,0.0105637069791555,0.0071677847105759,0.0,0,2.28639208236368,-0.12496027680058537,0.0037436811329398254,100.0,0.8395806668651209,1.0807159027815474,1.5629863746144004,1.804121610530827
2025-02-28,25,-0.0192036926746368,0.0060603321602764,0.0,0,1.8493869227339597,-0.12496027680058537,0.0033444837109586423,100.0,0.6647786030132328,0.8622133229666872,1.257082762873596,1.4545174828270508
2025-02-28,25,-0.0192036926746368,0.0060603321602764,0.0,0,1.8493869227339597,-0.12496027680058537,0.0033444837109586423,100.0,0.6647786030132328,0.8622133229666872,1.257082762873596,1.4545174828270508
2025-03-03,26,0.0234118551015853,0.002516255932017,0.1642,2,0.4508804156591929,0.31201709765393154,0.000944404929923288,100.0,0.3675624248560361,0.3814487566565622,0.4092214202576145,0.42310775205814066
2025-03-03,26,0.0234118551015853,0.002516255932017,0.1642,2,0.4508804156591929,0.31201709765393154,0.000944404929923288,100.0,0.3675624248560361,0.3814487566565622,0.4092214202576145,0.42310775205814066
2025-03-04,26,0.0122864758595824,0.0026453251336653,0.8914,2,0.5018116334836876,2.247278648831305,0.0009434627006436441,100.0,1.5490918426922577,1.3745451411574963,1.0254517380879726,0.8509050365532111
2025-03-04,26,0.0122864758595824,0.0026453251336653,0.8914,2,0.5018116334836876,2.247278648831305,0.0009434627006436441,100.0,1.5490918426922577,1.3745451411574963,1.0254517380879726,0.8509050365532111
2025-03-05,26,-0.003872400149703,0.002559582804418,0.0,0,0.467977370995776,-0.12496027680058537,0.0009553372321939635,100.0,0.11221478231795919,0.17150854709759533,0.2900960766568676,0.34938984143650376
2025-03-05,26,-0.003872400149703,0.002559582804418,0.0,0,0.467977370995776,-0.12496027680058537,0.0009553372321939635,100.0,0.11221478231795919,0.17150854709759533,0.2900960766568676,0.34938984143650376
2025-03-06,26,0.0087611256167292,0.0028800930971146,-0.5451,2,0.5944520010690617,-1.575608064956232,0.0010177629027856479,100.0,-0.7075840385461145,-0.4905780319435852,-0.05656601873852646,0.160439987864003
2025-03-06,26,0.0087611256167292,0.0028800930971146,-0.3903,1,0.5944520010690617,-1.163646447626395,0.001013498310897448,100.0,-0.4604070681482123,-0.28459722327866666,0.06702246646042465,0.24283231132997038
2025-03-07,26,-0.0448577292263507,0.0030327894868196,0.7899,1,0.6547066008168064,1.9771616968999197,0.001003571210584601,100.0,1.4481796584666742,1.3159341488583631,1.0514431296417404,0.9191976200334291
2025-03-07,26,-0.0448577292263507,0.0030327894868196,0.7899,1,0.6547066008168064,1.9771616968999197,0.001003571210584601,100.0,1.4481796584666742,1.3159341488583631,1.0514431296417404,0.9191976200334291
2025-03-10,26,-0.0110327741131186,0.0031645829926335,-0.2216,3,0.7067128398478042,-0.714693444761127,0.0010509314716380099,100.0,-0.14613093091755447,-0.0039903024566613765,0.2802909544651248,0.422431582926018
2025-03-10,26,-0.0110327741131186,0.0031645829926335,-0.2216,3,0.7067128398478042,-0.714693444761127,0.0010509314716380099,100.0,-0.14613093091755447,-0.0039903024566613765,0.2802909544651248,0.422431582926018
2025-03-11,26,0.0187150947749614,0.0034225284905124,-0.4238,1,0.8084991542554519,-1.252798348017542,0.0010946562242028913,100.0,-0.42827934710834437,-0.22214959688104502,0.19010990357355373,0.39623965380085324
2025-03-11,26,0.0187150947749614,0.0034225284905124,-0.4238,1,0.8084991542554519,-1.252798348017542,0.0010946562242028913,100.0,-0.42827934710834437,-0.22214959688104502,0.19010990357355373,0.39623965380085324
2025-03-12,26,-0.0260308030992746,0.0041256196940185,0.4746,3,1.0859417259840027,1.1380693329199612,0.0011739047924044907,100.0,1.1172182901455778,1.112005529451982,1.1015800080647902,1.0963672473711945
2025-03-12,26,-0.0260308030992746,0.0041256196940185,0.2397,2,1.0859417259840027,0.5129415298787551,0.001180376062653445,100.0,0.7421416083208541,0.799441627931379,0.9140416671524284,0.9713416867629532
2025-03-13,26,0.0167732033878564,0.0040177206186444,0.0,1,1.043364323778368,-0.12496027680058537,0.0011710195394941364,100.0,0.342369563430996,0.45920202348889133,0.692866943604682,0.8096994036625774
2025-03-13,26,0.0167732033878564,0.0040177206186444,0.0,1,1.043364323778368,-0.12496027680058537,0.0011710195394941364,100.0,0.342369563430996,0.45920202348889133,0.692866943604682,0.8096994036625774
2025-03-14,26,-0.0072513208724558,0.0033675254465879,0.0,1,0.786794735421574,-0.12496027680058537,0.001074845094571055,100.0,0.23974172808827837,0.3309172293104943,0.5132682317549262,0.6044437329771422
2025-03-14,26,-0.0072513208724558,0.0033675254465879,0.0,1,0.786794735421574,-0.12496027680058537,0.001074845094571055,100.0,0.23974172808827837,0.3309172293104943,0.5132682317549262,0.6044437329771422
2025-03-17,26,-0.0220342129468917,0.0031598717117549,0.8287,2,0.7048537497659255,2.0804182263081734,0.0010212998364626895,100.0,1.5301924356912744,1.3926359880370494,1.1175230927286,0.9799666450743751
2025-03-17,26,-0.0220342129468917,0.0031598717117549,0.8287,2,0.7048537497659255,2.0804182263081734,0.0010212998364626895,100.0,1.5301924356912744,1.3926359880370494,1.1175230927286,0.9799666450743751
2025-03-18,26,0.0200411025434732,0.0023218567160756,-0.0595,3,0.3741697156193681,-0.283304696898294,0.0009218128438855274,100.0,-0.020314931891229127,0.045432509360537054,0.17692739186406947,0.24267483311583574
2025-03-18,26,0.0200411025434732,0.0023218567160756,-0.0595,3,0.3741697156193681,-0.283304696898294,0.0009218128438855274,100.0,-0.020314931891229127,0.045432509360537054,0.17692739186406947,0.24267483311583574
2025-03-19,26,-0.0066507547162473,0.0018950545779381,0.3734,2,0.20575190263348167,0.8687507562159592,0.0008467558825833365,100.0,0.6035512147829681,0.5372513294247204,0.4046515587082249,0.3383516733499772
2025-03-19,26,-0.0066507547162473,0.0018950545779381,0.3734,2,0.20575190263348167,0.8687507562159592,0.0008467558825833365,100.0,0.6035512147829681,0.5372513294247204,0.4046515587082249,0.3383516733499772
2025-03-20,26,0.0073095764964818,0.0022013823412226,0.0,1,0.32663005046650184,-0.12496027680058537,0.0009023535556002921,100.0,0.05567585410624952,0.10083488683295824,0.19115295228637566,0.23631198501308442
2025-03-20,26,0.0073095764964818,0.0022013823412226,0.0,1,0.32663005046650184,-0.12496027680058537,0.0009023535556002921,100.0,0.05567585410624952,0.10083488683295824,0.19115295228637566,0.23631198501308442
2025-03-21,26,0.0225013867020607,0.0016701638609038,-0.4781,1,0.11700913557746825,-1.3973042641739382,0.000836948896747488,100.0,-0.7915789042733755,-0.6401475642982349,-0.3372848843479537,-0.18585354437281304
2025-03-21,26,0.0225013867020607,0.0016701638609038,-0.4781,1,0.11700913557746825,-1.3973042641739382,0.000836948896747488,100.0,-0.7915789042733755,-0.6401475642982349,-0.3372848843479537,-0.18585354437281304
2025-03-24,26,0.0171754918992519,0.0016433461945371,0.5714,3,0.10642677828522407,1.3956784062890064,0.0008040694067119341,100.0,0.8799777550874934,0.7510525922871152,0.49320226668635875,0.36427710388598056
2025-03-24,26,0.0171754918992519,0.0016433461945371,0.4057,2,0.10642677828522407,0.9547091556975724,0.0008086342831710731,100.0,0.615396204732633,0.5305679669913983,0.36091149150892854,0.2760832537676937
2025-03-25,26,-0.0322466902434825,0.0016780306844839,-0.2845,2,0.12011341529895223,-0.8820861174358475,0.0008327790331872696,100.0,-0.48120630434192757,-0.38098635106844764,-0.18054644452148766,-0.08032649124800773
2025-03-25,26,-0.0322466902434825,0.0016780306844839,-0.2845,2,0.12011341529895223,-0.8820861174358475,0.0008327790331872696,100.0,-0.48120630434192757,-0.38098635106844764,-0.18054644452148766,-0.08032649124800773
2025-03-26,26,-0.0170845538377761,0.0010627501612481,0.1607,3,-0.12267871444150696,0.3027027200011252,0.0007295041988671861,100.0,0.13255014622407232,0.09001200277980911,0.00493571589128268,-0.03760242755298053
2025-03-26,26,-0.0170845538377761,0.0010627501612481,0.1607,3,-0.12267871444150696,0.3027027200011252,0.0007295041988671861,100.0,0.13255014622407232,0.09001200277980911,0.00493571589128268,-0.03760242755298053
2025-03-27,26,-0.0487549118697643,0.0009292137486727,0.5827,1,-0.17537271137899293,1.4257505398537813,0.0006981262945154511,100.0,0.7853012393606715,0.6251889142373942,0.3049642639908393,0.14485193886756195
2025-03-27,26,-0.0487549118697643,0.0009292137486727,0.5827,1,-0.17537271137899293,1.4257505398537813,0.0006981262945154511,100.0,0.7853012393606715,0.6251889142373942,0.3049642639908393,0.14485193886756195
2025-03-28,26,0.0020085624419152,0.0010440982730079,-0.3357,1,-0.1300388233649999,-1.0183421562426154,0.0007404206261687924,100.0,-0.6630208230915692,-0.5741904898038076,-0.39652982322828456,-0.307699489940523
2025-03-28,26,0.0020085624419152,0.0010440982730079,-0.3357,1,-0.1300388233649999,-1.0183421562426154,0.0007404206261687924,100.0,-0.6630208230915692,-0.5741904898038076,-0.39652982322828456,-0.307699489940523
2025-03-31,26,0.0157139264047145,0.0010139651564833,0.0,2,-0.14192947041205625,-0.12496027680058537,0.0007267152341510115,100.0,-0.13174795424517372,-0.13344487360632082,-0.13683871232861497,-0.13853563168976207
2025-03-31,26,0.0157139264047145,0.0010139651564833,0.0,2,-0.14192947041205625,-0.12496027680058537,0.0007267152341510115,100.0,-0.13174795424517372,-0.13344487360632082,-0.13683871232861497,-0.13853563168976207
2025-04-01,27,-0.0001910302235046,0.0011066323973711,-0.9047,1,-0.105362610382101,-2.5325938375131396,0.002502907970326682,100.0,-1.5617013466607241,-1.3189782239476202,-0.8335319785214126,-0.5908088558083087
2025-04-02,27,-0.0402444414794445,0.0007666905977821,-0.3614,2,-0.2395049899847573,-1.0867363007217938,0.0012931538547835673,100.0,-0.7478437764269792,-0.6631206453532755,-0.4936743832058682,-0.40895125213216466
2025-04-03,27,-0.0339703522622585,0.0001102558598688,0.0,0,-0.49853673572475793,-0.12496027680058537,0.0004405850925219994,100.0,-0.2743908603702544,-0.31174850626267164,-0.38646379804750614,-0.42382144393992344
2025-04-04,27,0.0078983679413795,9.81362098937e-05,0.1718,2,-0.5033191975743356,0.33224260341431117,6.864693144764238e-05,100.0,-0.001982116981147558,-0.08553829708001223,-0.2526506572777416,-0.3362068373766063
2025-04-07,27,-0.0139692509546875,0.000256036747108,-0.2352,3,-0.4410110206214788,-0.7508864550691747,0.0009641459244180875,100.0,-0.6269362812900964,-0.5959487378453268,-0.5339736509557875,-0.502986107511018
2025-04-08,27,0.0968209207057952,0.0009443279711267,0.2976,3,-0.16940857937676573,0.6670279487637522,-0.00010862583389969772,100.0,0.33245333750754497,0.2488096846934932,0.08152237906538963,-0.002121273748662167
2025-04-09,27,-0.0371117144823074,0.0008603556052151,0.8683,2,-0.20254440732692025,2.1858037563227826,-0.0013490224895681023,100.0,1.2304644908629014,0.9916296744979312,0.5139600417679906,0.2751252254030203
2025-04-10,27,0.0282685682177543,0.0012355415979215,0.0842,3,-0.0544945296241198,0.09911703701835692,0.0003840812878759204,100.0,0.037672410361366225,0.02231125369711856,-0.00841105963137678,-0.023772216295624458
2025-04-11,27,0.0122821247205138,0.0006079769663813,0.4766,1,-0.30213401712182225,1.1433918344358505,-0.0005321475444497554,100.0,0.5651814938127814,0.4206289086570141,0.1315237383454796,-0.013028846810287709
2025-04-14,27,-0.0173509251326322,0.0013226737798394,0.3262,1,-0.02011182577137225,0.7431397204409701,-0.00012824944989817702,100.0,0.43783910195603315,0.3615139473347989,0.20886363809233047,0.13253848347109623
2025-04-15,27,-0.0190647337585687,0.0009933407152726,0.5862,1,-0.1500679565450452,1.435064917506588,-0.0007257162678149212,100.0,0.8010117678859346,0.6424984804807714,0.3254719056704447,0.1669586182652814
2025-04-16,27,-0.0141524346545338,0.0001727323851654,0.2339,1,-0.47388325156151573,0.4975062754826759,-5.701464676051616e-05,100.0,0.10895046466499925,0.011811511960580084,-0.1824663934482582,-0.2796053461526774
2025-04-17,27,-0.0230882447212934,0.0014781605841556,-0.3113,4,0.0412438826263736,-0.9534076377487652,0.0012641937155557306,100.0,-0.5555470295987097,-0.45608187756119584,-0.2571515734861681,-0.1576864214486542
2025-04-21,27,0.0257331635802984,0.0009444572467412,-0.6069,3,-0.169357566707613,-1.7400733617972133,0.0018424894686697604,100.0,-1.111787043761373,-0.9547154642524132,-0.640572305234493,-0.48350072572553304
2025-04-22,27,0.025615694001317,0.0008921190728863,0.0,0,-0.19001041726450874,-0.12496027680058537,0.0005275231482473351,100.0,-0.1509803329861547,-0.15748534703254705,-0.17049537512533172,-0.17700038917172406
2025-04-23,27,0.0252976957708597,0.000397695899224,0.1026,3,-0.38511175851158386,0.14808405096453908,0.00025122762639034034,100.0,-0.0651942728259101,-0.11851385377352239,-0.22515301566874696,-0.2784725966163593
2025-04-24,27,0.0168257355690002,-0.0006266932540708,0.4279,2,-0.7893397729194985,1.0137889225239445,-0.0005643837821773668,100.0,0.2925374443465672,0.11222457480222298,-0.24840116428646558,-0.42871403383080997
2025-04-25,27,-0.0083353957161307,-0.0009903555669277,0.7498,3,-0.9328423609431243,1.870445541506338,-0.0012991925493395417,100.0,0.7491303805265529,0.4688015902816068,-0.09185599020828572,-0.3721847804532319
2025-04-28,27,-0.002801819704473,-0.0010430875167638,0.0284,5,-0.9536505970607615,-0.04938075527495637,0.0002510791167668301,100.0,-0.41108869198927844,-0.501515676167859,-0.6823696445250199,-0.7727966287036006
2025-04-29,27,-0.0084915552288293,-0.0010661255076916,0.0,0,-0.9627414794649137,-0.12496027680058537,0.0003097792083411771,100.0,-0.46007275786631674,-0.5438508781327496,-0.7114071186656151,-0.7951852389320481
2025-04-30,27,0.0157429967075586,-0.0005918970243494,0.9493,1,-0.7756090429484488,2.401365067716302,-0.0016852289030026939,100.0,1.1305754234504017,0.8128780123839267,0.17748319025097647,-0.1402142208154986
2025-05-01,28,0.0169250275939703,0.0027175630394528,-0.7911,1,0.530316997024045,-2.230275751410624,0.002278778827978422,100.0,-1.1260386520367565,-0.8499793771932895,-0.2978608275063558,-0.0218015526628888
2025-05-02,28,0.0010974542237818,0.0017637919682513,0.0321,1,0.15395515731551696,-0.03953412747056106,0.0006083602970440617,100.0,0.03786158644387015,0.057210514922477945,0.09590837187969355,0.11525730035830135
2025-05-05,28,-0.0059680226258933,-0.0013244854942951,0.7997,2,-1.0646913527638293,2.0032419543277773,-0.001194043857699138,100.0,0.7760686314911346,0.469275300781974,-0.1443113606363473,-0.451104691345508
2025-05-06,28,-0.0725969597697258,0.0008257586309557,0.0,0,-0.2161965103040145,-0.12496027680058537,0.000564924427936208,100.0,-0.16145477020195703,-0.17057839355229992,-0.18882564025298576,-0.19794926360332865
2025-05-07,28,0.0191571898758411,0.0002320764306333,0.0416,3,-0.4504658563369893,-0.014252245270086568,0.0004197815712814712,100.0,-0.18873768969684768,-0.23235905080353794,-0.3196017730169185,-0.3632231341236088
2025-05-08,28,-0.0099171381443738,0.0015131739066223,-0.1754,3,0.05506027825396876,-0.5917436597440827,0.0009747477710575594,100.0,-0.33302208454486215,-0.268341690745057,-0.1389809031454467,-0.07430050934564154
2025-05-09,28,0.0373813435435295,0.0043875615066876,-0.2715,3,1.1893050020252207,-0.8474898575825668,0.0014773633570293596,100.0,-0.03277191373945176,0.17090757222132696,0.5782665441428845,0.7819460301036633
2025-05-12,28,0.0067524537444114,0.0031843661199458,0.0263,2,0.7145193401865759,-0.05496938186664021,0.0007775348813992858,100.0,0.25282610695464625,0.32977497915996784,0.48367272357061103,0.5606215957759327
2025-05-13,28,0.0366076119244098,0.0016172244005219,-0.0733,3,0.09611901497713474,-0.32002995735793066,0.0007923226163041427,100.0,-0.1535703684239045,-0.11195547119039796,-0.028725676723384885,0.01288922051012166
2025-05-14,28,-0.0085264015942811,-0.0004893943370391,0.2278,2,-0.7351610768316171,0.48127264585921337,-1.4355220673064099e-05,100.0,-0.005300843217118878,-0.12694421548620188,-0.370230960024368,-0.49187433229345107
2025-05-15,28,0.0136009911075234,-0.0013378135686427,0.0,1,-1.0699506636537222,-0.12496027680058537,0.00032405244971705333,100.0,-0.5029564315418401,-0.5974554702271537,-0.7864535475977811,-0.8809525862830948
2025-05-16,28,0.0021058914717286,-0.0021983501958538,-0.5868,1,-1.409521822743027,-1.6865822215625252,0.001343278478732985,100.0,-1.5757580620347258,-1.5480520221527763,-1.4926399423888763,-1.4649339025069268
2025-05-19,28,-0.0153715806081891,-0.0014392420925092,0.0,0,-1.1099747606241064,-0.12496027680058537,0.00031276034252686693,100.0,-0.5189660703299938,-0.6174675187123458,-0.81447041547705,-0.9129718638594022
2025-05-20,28,0.0279302094131708,0.000490842756058,-0.0298,3,-0.34835564013094494,-0.2042655493873369,0.0005842636081532886,100.0,-0.2619015856847801,-0.27631059475914094,-0.30512861290786253,-0.31953762198222335
2025-05-21,28,0.01370429713279,-0.0008230399179625,0.0,0,-0.8668189436284832,-0.12496027680058537,0.00038136255362643603,100.0,-0.42170374353174456,-0.4958896102145343,-0.6442613435801138,-0.7184472102629037
2025-05-22,28,-0.0140458336099982,0.0011710871341484,0.0,1,-0.07992851613884147,-0.12496027680058537,0.000603370087255978,100.0,-0.10694757253588781,-0.10244439646971343,-0.09343804433736463,-0.08893486827119025
2025-05-23,28,0.0262954905629158,0.003184015479294,0.895,1,0.7143809759975449,2.256859151559906,-0.0008731972404113893,100.0,1.6398678813349614,1.4856200637787254,1.1771244286662532,1.0228766111100172
2025-05-27,28,-0.0031231062021106,0.0020455445515347,-0.029,2,0.2651358418518881,-0.2021365487809812,0.0007558294761199623,100.0,-0.01522759252783347,0.03149964653545345,0.1249541246620273,0.17168136372531426
2025-05-28,28,-0.0029010153375566,0.0009603126706555,0.4078,2,-0.1631009536754865,0.9602977822892562,-0.00019499213648471693,100.0,0.510938287903359,0.39859841430688486,0.17391866711393628,0.06157879351746204
2025-05-29,28,-0.0006980948382988,0.003563221143211,0.4916,1,0.86401703186985,1.1833105958050207,-6.444428153441512e-05,100.0,1.0555931702309524,1.0236638138374354,0.9598051010504012,0.9278757446568842
2025-05-30,28,-0.0157796256244182,0.0034565289490349,-0.4243,2,0.8219158697617648,-1.2541289733965144,0.001664059549049433,100.0,-0.4237110361332027,-0.21610655181737481,0.19910241681428098,0.406706901130109
2025-06-02,29,-0.0168610718101263,0.0024055601422494,-0.4778,4,0.40719941888452704,-1.396505888946555,0.0017420927440883844,100.0,-0.675023765814122,-0.49465323503101394,-0.13391217346479756,0.04645835731831066
2025-06-03,29,0.0112528763711452,0.0020654714971801,0.0,0,0.2729990934741321,-0.12496027680058537,0.0007945819929046339,100.0,0.03422347130930162,0.07401940833677337,0.15361128239171684,0.1934072194191886
2025-06-04,29,0.000952290429268,0.0030437517216725,0.6837,2,0.6590323420781313,1.6945368664061942,-0.0003505066896685124,100.0,1.280335056674969,1.1767846042421628,0.9696836993765501,0.8661332469437439
2025-06-05,29,0.0325187183916568,0.0012152008652955,0.2394,2,-0.06252106322667157,0.5121431546513717,0.00022203258533979073,100.0,0.28227746750015437,0.22481104571235008,0.1098782021367414,0.05241178034893709
2025-06-06,29,0.0151034109294414,0.0007267587375149,0.0,0,-0.2552622600959328,-0.12496027680058537,0.00060200198491531,100.0,-0.17708107011872434,-0.19011126844825907,-0.21617166510732855,-0.22920186343686333
2025-06-09,29,0.0142542552202939,0.0007424232488468,-0.7978,1,-0.24908098192445066,-2.248106131488853,0.0021046594403740515,100.0,-1.448496071663092,-1.248593556706652,-0.8487885267937714,-0.6488860118373312
2025-06-10,29,-0.0069989399053156,-0.000794640316359,0.2959,1,-0.8556123484305205,0.6625038224752462,-0.00017335058881368342,100.0,0.05525735411293947,-0.09655426297763714,-0.40017749715879036,-0.5519891142493673
2025-06-11,29,-0.0093037094920873,-0.0003539891422206,0.4685,2,-0.6817296510243902,1.1218357032964985,-0.0004345657196445404,100.0,0.40040956156814306,0.22005302613605415,-0.14066004472812355,-0.3210165801602124
2025-06-12,29,-0.0058622066862881,0.0012064865025215,0.0,1,-0.06595978526861664,-0.12496027680058537,0.0006710130376229696,100.0,-0.10136008018779788,-0.095460031034601,-0.08365993272820725,-0.07775988357501039
2025-06-13,29,0.0120226945728063,0.0010542457001079,0.0,0,-0.1260346084679669,-0.12496027680058537,0.0006491124956781505,100.0,-0.12539000946753798,-0.12549744263427615,-0.12571230896775243,-0.1258197421344906
2025-06-16,29,-0.0046388478949666,0.001475947665793,0.9499,1,0.04037065628179202,2.4029618181710686,-0.0010766787326810356,100.0,1.4579253534153578,1.2216662372264302,0.7491480048485749,0.5128888886596473
2025-06-17,29,-0.0149473333731293,0.0015386138872092,0.5665,1,0.06509899528464301,1.3826382775750774,-0.00034661237813718047,100.0,0.8556225646589036,0.7238686364298602,0.46036077997177327,0.3286068517427299
2025-06-18,29,-0.0385414771735668,0.0010111327701615,0.0,0,-0.14304714126518353,-0.12496027680058537,0.0006429105017600546,100.0,-0.13219502258642463,-0.13400370903288444,-0.13762108192580408,-0.1394297683722639
2025-06-20,29,-0.0087014632299542,-0.0013200677500371,0.0,0,-1.062948093394253,-0.12496027680058537,0.00030755654956732384,100.0,-0.5001554034380524,-0.5939541850974192,-0.7815517484161526,-0.8753505300755196
2025-06-23,29,0.0095648616552352,0.0024079734020064,-0.9648,1,0.4081517007362872,-2.692535008065615,0.002658329560509471,100.0,-1.4522603245448542,-1.142191653664664,-0.5220543119042835,-0.21198564102409323
2025-06-24,29,0.0234453305602073,0.0034440674198318,0.0,0,0.8169985010156648,-0.12496027680058537,0.0009928993779310604,100.0,0.25182323432591475,0.3460191121075397,0.5344108676707897,0.6286067454524149
2025-06-25,29,0.0167565885931253,0.0031762161711177,0.0,2,0.7113033381216254,-0.12496027680058537,0.0009543677397996571,100.0,0.2095451691682989,0.29317153066052,0.46042425364496214,0.5440506151371832
2025-06-26,29,0.0287541914731264,0.0001548558451392,0.2734,1,-0.4809374050109469,0.6026256804214908,5.55404608278522e-06,100.0,0.1692004462485157,0.060844137705271945,-0.15586847938121556,-0.26422478792445936
2025-06-27,29,-0.0128831025213003,0.0001540507172238,0.0,0,-0.4812551116730486,-0.12496027680058537,0.000519615293426097,100.0,-0.2674782107495707,-0.303107694236817,-0.37436666121130957,-0.40999614469855594
2025-06-30,29,-0.0022129733115434,0.0006539200685799,0.0,3,-0.2840046871521057,-0.12496027680058537,0.000591523806273805,100.0,-0.18857804094119351,-0.20448248197634553,-0.2362913640466496,-0.2521958050818016
2025-07-01,30,0.0159235689789056,-0.0007101508404412,0.9514,1,-0.8222724668252054,2.406953694307986,-0.0014741821161229117,100.0,1.1152632298547092,0.7923406137413902,0.14649538151475194,-0.17642723459856713
2025-07-02,30,0.0049821017310023,0.0014296466416471,0.0,1,0.022100088895020877,-0.12496027680058537,0.0007604597887526587,100.0,-0.06613613052234288,-0.051430093952782245,-0.022018020813661,-0.007311984244100372
2025-07-03,30,-0.0152620812878012,0.0014416542638243,0.0,1,0.026838344132142828,-0.12496027680058537,0.0007624198963115344,100.0,-0.0642408284274941,-0.04906096633422127,-0.018701242147675632,-0.0035213800544028097
2025-07-07,30,-0.0137451076880097,0.001177674443975,0.0,1,-0.0773291376087859,-0.12496027680058537,0.0007193281973355474,100.0,-0.10590782112386558,-0.10114470720468563,-0.09161847936632575,-0.0868553654471458
2025-07-08,30,0.012961664237082,0.001716220934079,0.0,1,0.1351834389456467,-0.12496027680058537,0.0008072397780366186,100.0,-0.020902790502092546,0.005111581072530659,0.05714032422177707,0.08315469579640028
2025-07-09,30,0.0056619048118591,0.002756608969437,-0.4142,2,0.5457246755390491,-1.2272503407412731,0.0017978718055177761,100.0,-0.5180603342291442,-0.340762832601112,0.013832170654952458,0.19112967228298466
2025-07-10,30,0.014469176530838,0.0047070433945276,0.0,0,1.3153738194716804,-0.12496027680058537,0.0012954574805482972,100.0,0.45117336170832095,0.5952067713355476,0.8832735905900007,1.0273070002172273
2025-07-11,30,0.0076029617339372,0.0020669380828038,0.4199,2,0.2735778139659693,0.9924989164603869,3.239440763746961e-05,100.0,0.7049304754626198,0.6330383652131781,0.4892541447142945,0.41736203446485287
2025-07-14,30,0.0024235052987933,0.0002798413150903,0.2817,1,-0.43161764387751966,0.6247140617124318,1.4535611668606589e-05,100.0,0.20218137947645123,0.09654820891745608,-0.1147181322005342,-0.22035130275952935
2025-07-15,30,0.0053297039121389,-0.0020049047192027,0.2475,2,-1.3331874720020411,0.5336992857907236,-0.0002906506353259062,100.0,-0.21305541732638233,-0.3997440931056588,-0.7731214446642116,-0.9598101204434882
2025-07-16,30,0.0033337855711579,-0.0015444642513897,-0.9633,1,-1.1514958409861689,-2.6885431319286983,0.0021838960631742742,100.0,-2.0737242155516866,-1.9200194864574336,-1.6126100282689277,-1.458905299174675
2025-07-17,30,0.0080619426444172,-0.0006223013152873,0.8523,1,-0.7876066964922978,2.1432237441956676,-0.0012634599034618663,100.0,0.9708915679204815,0.6778085238516849,0.09164243571409192,-0.20144060835470473
2025-07-18,30,0.0272344462573528,-0.0007959615502758,0.6201,2,-0.8561337125635149,1.5252813182009124,-0.0008316682120983911,100.0,0.5727153058951414,0.33457380281869875,-0.14170920333418674,-0.3798507064106294
2025-07-21,30,0.0065228058956563,-0.0007542947563446,0.0,0,-0.8396918307616821,-0.12496027680058537,0.0004039562296655293,100.0,-0.4108528983850241,-0.48232605378113375,-0.625272364573353,-0.6967455199694628
2025-07-22,30,-0.0058011561632156,-0.000906914864697,0.5254,2,-0.8999163295857703,1.273260871423551,-0.0006621175704088709,100.0,0.40398999101982236,0.18667227091889033,-0.2479631692829739,-0.4652808893839061
2025-07-23,30,0.0101980846375226,-0.0012323289142684,0.3716,3,-1.0283260015308524,0.8639605048516588,-0.0004104595291268225,100.0,0.10704590229865424,-0.08218274833959682,-0.460640049616099,-0.6498687002543502
2025-07-24,30,0.0052557648159563,-0.0015744627489784,0.9529,2,-1.1633333668682995,2.4109455704449028,-0.0016182436700424821,100.0,0.9812339955196219,0.6238061017883016,-0.0910496856743388,-0.448477579405659
2025-07-25,30,-0.0031058499589562,-0.0006520290873011,-0.9349,1,-0.7993373929910446,-2.612963610403069,0.0022732970038253013,100.0,-1.8875131234382594,-1.7061505016970568,-1.3434252582146518,-1.1620626364734497
2025-07-28,30,0.01646070741117,0.0012878445444123,0.0006,4,-0.03385557992452735,-0.12336352634581856,0.0007361232198489667,100.0,-0.08756034777730207,-0.07860955313517295,-0.060707963850914703,-0.05175716920878559
2025-07-29,30,0.003984672948718,0.0008740275476204,0.9474,1,-0.19714940474043413,2.3963086912762073,-0.0012076564267436232,100.0,1.3589254528695507,1.0995796432678866,0.5808880240645583,0.32154221446289416
2025-07-30,30,-0.0235587935894727,0.0004329226750798,0.1138,3,-0.37121113333180433,0.17789005945351954,0.0003722438811635006,100.0,-0.04175041766061001,-0.0966605369391424,-0.2064807754962072,-0.26139089477473954
2025-07-31,30,-0.0144345266744494,0.000666065454585,-0.9194,1,-0.27921206976322716,-2.5717142236549266,0.0024577453090953803,100.0,-1.6547133620982468,-1.4254631467090768,-0.966962715930737,-0.7377125005415671
2025-08-01,31,0.031248290091753,0.0023250377934145,0.9095,1,0.37542498132795726,2.2954472875501035,-0.00017810082703498405,100.0,1.5274383650612449,1.3354361344390304,0.9514316731946011,0.7594294425723865
2025-08-04,31,-0.0018970612436532,0.0020820871597298,0.8846,4,0.27955569968080113,2.229182143677281,-0.00018369177309542138,100.0,1.449331566078689,1.254368921679041,0.864443632879745,0.6694809884800972
2025-08-05,31,0.0072944601997733,0.0034432522233256,-0.114,3,0.8166768212477823,-0.4283428632062792,0.0012842127716089858,100.0,0.06966501057534547,0.19416697902075156,0.4431709159115639,0.56767288435697
2025-08-06,31,0.0021928788628429,-0.0001776874216196,-0.0522,2,-0.612160294275518,-0.2638775663652978,0.0006544421774191374,100.0,-0.4031906575293859,-0.4380189303204079,-0.5076754759024519,-0.542503748693474
2025-08-07,31,0.0249337926506996,6.577718295020006e-05,0.4784,2,-0.5160881976828119,1.1481820858001508,2.1788728785708772e-05,100.0,0.48247397240696566,0.31604694405866945,-0.016807112637923116,-0.18323414098621935
2025-08-08,31,-0.0020851537119597,-0.0021279620269174,-0.0018,3,-1.3817463726853458,-0.1297505281648858,0.00029363927091471194,100.0,-0.6305488659730699,-0.7557484504251158,-1.0061476193292078,-1.131347203781254
2025-08-11,31,0.0116417873650789,0.0016310822599073,0.9538,1,0.10158738113982511,2.413340696127053,-0.0003397645441275028,100.0,1.4886393701321619,1.257464038633439,0.7951133756359935,0.5639380441372708
2025-08-12,31,-0.0067866779863834,-0.0014001257293294,-0.9276,1,-1.0945392888913448,-2.5935364798700733,0.0015731441913348606,100.0,-1.9939376034785818,-1.844037884380709,-1.5442384461849632,-1.3943387270870904
2025-08-13,31,0.0048524504527449,0.0014331941821835,-0.2599,2,0.023499962431799668,-0.8166193487904085,0.001162080788888048,100.0,-0.4805716243015252,-0.39655969317930445,-0.2285358309348628,-0.144523899812642
2025-08-14,31,0.00473044347018,-0.0005768079213228,0.2326,2,-0.7696548231716959,0.49404664949734783,0.00023413328265756486,100.0,-0.011433939570269724,-0.13780408683717402,-0.39054438137098274,-0.5169145286378872
2025-08-15,31,-0.0019617569632828,0.0016163615447675,-0.2165,4,0.09577852868127762,-0.7011210658956092,0.001135210156624392,100.0,-0.38236122806485445,-0.30267126860716576,-0.14329134969178842,-0.06360139023409975
2025-08-18,31,-0.0094839660450816,0.0021387560948836,0.7006,3,0.3019174857873348,1.7395120042154595,5.719855947276017e-05,100.0,1.1644741968442096,1.0207147450013971,0.7331958413157722,0.5894363894729597
2025-08-19,31,-0.0111623806878924,0.0018582958209073,0.0,1,0.1912467516184874,-0.12496027680058537,0.0008987980342214198,100.0,0.0015225345670437374,0.03314323740895101,0.09638464309276554,0.12800534593467283
2025-08-20,31,0.0021573430858552,0.0016844541620638,0.0,0,0.12264814497601424,-0.12496027680058537,0.0008723078306177348,100.0,-0.025916908089945526,-0.0011560659122855643,0.04836561844303435,0.07312646062069432
2025-08-21,31,0.031739629805088,0.0036255417989378,0.9112,1,0.8886090092839195,2.29997141383861,1.792572180485234e-05,100.0,1.7354264520167335,1.5942902115612647,1.3120177306503265,1.1708814901948577
2025-08-22,31,0.0116453887894749,0.0027544901872486,0.9491,1,0.5448885957013965,2.400832817564713,-0.0001626456747070167,100.0,1.6584551288193865,1.4728607066330548,1.1016718622603914,0.9160774400740599
2025-08-25,31,-0.0064751487225294,0.0013874585593952,0.4132,2,0.005452504658587999,0.9746685363821576,0.0003054872184053073,100.0,0.5869821236927297,0.4900605205203728,0.2962173141756589,0.19929571100330193
2025-08-26,31,0.0016414185520261,-0.0009661268522531,0.0,1,-0.9232816142356172,-0.12496027680058537,0.0004684090689260569,100.0,-0.4442888117745981,-0.5241209455181013,-0.6837852130051075,-0.7636173467486108
2025-08-27,31,0.0200501196086406,-0.001217798344911,-0.2359,1,-1.0225921813506345,-0.752749330599736,0.0007278251832597639,100.0,-0.8606864709000954,-0.8876707559751853,-0.9416393261253649,-0.9686236112004548
2025-08-28,31,0.0060008293949067,0.0004376484052842,-0.293,2,-0.36934634148877477,-0.9047067488783774,0.001052158975568871,100.0,-0.6905625859225364,-0.6370265451835762,-0.5299544637056555,-0.47641842296669534
2025-08-29,31,-0.0073270369321107,0.0014286408696415,0.304,3,0.021703207280779756,0.6840599536145981,0.00044960095286422733,100.0,0.4191172550810708,0.35288158044768897,0.22041023118092526,0.15417455654754345
2025-09-02,32,0.0913650393486023,0.0020201332830765,0.224,3,0.25510845474084104,0.47115989297902355,0.0009329852159902474,100.0,0.3847393176837506,0.3631341738599323,0.3199238862122958,0.29831874238847755
2025-09-03,32,0.0071099787019193,0.0022338514412694,0.2639,5,0.33944248585720815,0.5773437982210164,0.0009471285644807176,100.0,0.4821832732754931,0.4583931420391123,0.4108128795663506,0.3870227483299698
2025-09-04,32,0.0116229327395558,0.0014213989219569,-0.0156,3,0.018845506060910077,-0.16647578862452242,0.0009629385310080565,100.0,-0.09234727075034943,-0.07381514128180618,-0.036750882344719675,-0.01821875287617642
2025-09-05,32,-0.0031944171059876,0.0015887996145465,-0.6225,5,0.08490248192634085,-1.7815888736211505,0.0013213826924385304,100.0,-1.0349923314021539,-0.8483431958474048,-0.47504492473790655,-0.2883957891831574
2025-09-08,32,0.0238848216831684,0.0016915913169213,-0.228,1,0.1254644945315418,-0.7317254496119731,0.001123892887866771,100.0,-0.3888494719545671,-0.3031304775402156,-0.13169248871151268,-0.045973494297161174
2025-09-09,32,-0.001919635455124,0.0015201070076727,0.0,1,0.057796107369572546,-0.12496027680058537,0.0009710102973728006,100.0,-0.0518577231325222,-0.033582084715506416,0.0029691921185251713,0.021244830535540965
2025-09-10,32,0.0050173648633062,0.0012744568251946,0.0,2,-0.03913842691623518,-0.12496027680058537,0.0009297899365759681,100.0,-0.0906315368468453,-0.08204935185841028,-0.06488498188154024,-0.056302796893105224
2025-09-11,32,0.0017889050068333,0.0012421158338838,0.0,0,-0.05190031009266326,-0.12496027680058537,0.0009243630839805004,100.0,-0.09573629011741652,-0.08843029344662431,-0.0738183001050399,-0.06651230343424769
2025-09-12,32,0.0448920242488384,0.0015245983107888,-0.6321,1,0.059568393355699786,-1.8071368808974193,0.0013158352179554013,100.0,-1.0604547711961718,-0.8737842437708597,-0.500443188920236,-0.31377266149492405
2025-09-15,32,-0.0017884869594126,0.0014217994754928,0.8968,2,0.01900356607156139,2.2616494029242062,0.00046635864502982057,100.0,1.3645910681831483,1.1403264844978838,0.6917973171273548,0.46753273344209034
2025-09-16,32,-0.0064898962154984,0.0015566971582302,0.5091,3,0.07223472560286068,1.2298824840690525,0.000700031533133397,100.0,0.7668233806825758,0.6510586048359566,0.4195290531427182,0.30376427729609906
2025-09-17,32,0.0100188413634896,0.0018413650999718,-0.0163,2,0.18456582212578493,-0.1683386641550837,0.0010337903317928223,100.0,-0.027176869642736246,0.008113578985350617,0.07869447624152434,0.1139849248696112
2025-09-18,32,0.0106733571738004,0.0018082692717143,0.7831,3,0.17150607730255515,1.9590651917458959,0.0005930990579144386,100.0,1.2440415459685594,1.0652856345242254,0.7077738116355573,0.5290179001912233
2025-09-19,32,-0.0085976747795939,0.0017067171596863,0.3445,1,0.13143321195448257,0.7918406093113578,0.0008148018397450642,100.0,0.5276776503686077,0.46163691063292017,0.3295554311615451,0.2635146914258576
2025-09-22,32,-0.0034451321698725,0.0015809887285285,0.0,1,0.08182027538826167,-0.12496027680058537,0.00098122631461444,100.0,-0.04224805592504655,-0.02157000070616185,0.019786109731607555,0.040464164950492265
2025-09-23,32,-0.0179607346653938,0.0018535791627072,-0.2543,2,0.18938553962426147,-0.8017163445459183,0.001165390510696885,100.0,-0.40527559087784637,-0.30616540246082846,-0.10794502562679248,-0.008834837209774488
2025-09-24,32,-0.0054625668562948,0.0016660857360604,0.2153,2,0.11539989137310215,0.4480070113849048,0.0008783113374999518,100.0,0.31496416338018374,0.2817034513790035,0.21518202737664294,0.1819213153754627
2025-09-25,32,0.0030513936653733,0.0020834138580538,-0.0695,2,0.28007922009050473,-0.30991720447774085,0.0011033647495095125,100.0,-0.0739186346504426,-0.014918992193618058,0.10308029272003107,0.16207993517685562
2025-09-26,32,-0.0100997211411595,0.002076205654157,0.4286,2,0.27723483430285834,1.0156517980545057,0.0008310242099145384,100.0,0.7202850125538467,0.646443316178682,0.4987599234283525,0.4249182270531878
2025-09-29,32,-0.0038926135748624,0.0018161351905929,0.0,1,0.17461000002524638,-0.12496027680058537,0.0010206841400009826,100.0,-0.005132166070252672,0.024824861612330502,0.08473891697749683,0.11469594466008003
2025-09-30,32,0.0074043166823685,0.001916879411874,0.2814,3,0.214364068486972,0.6239156864850484,0.0008844145394197938,100.0,0.4600950392858178,0.41913987748601017,0.33722955388639486,0.2962743920865873
2025-10-01,33,0.003225831547752,0.0017718670102353,0.0,1,0.15714160084330536,-0.12496027680058537,0.0012164594007069178,100.0,-0.012119525743029075,0.016090662021359996,0.07251103755013813,0.10072122531452722
2025-10-02,33,-0.0013838779414072,0.0023556037018592,0.952,1,0.38748640977966936,2.4085504447627524,0.0006798614377750399,100.0,1.600124830769519,1.3980184272712108,0.9938056202745942,0.791699216776286
2025-10-03,33,0.020705098286271,0.002666734052994,0.8246,2,0.5102596777869925,2.0695070982006,0.0008229717595786381,100.0,1.445808130035157,1.2898833879937963,0.9780339039110748,0.8221091618697141
2025-10-06,33,-0.0186479222029447,0.0026181715892136,0.0,0,0.4910967373697017,-0.12496027680058537,0.0013714820593986297,100.0,0.12146252886752947,0.18306823028455818,0.3062796331186156,0.3678853345356443
2025-10-07,33,-0.0046386593021452,0.0026645619308084,0.2302,2,0.5094025497753261,0.4876596476782806,0.0012243711058627378,100.0,0.49635680851709874,0.49853109872680335,0.5028796791462125,0.505053969355917
2025-10-08,33,-0.0126318456605076,0.0028309269213906,0.0237,3,0.5750508335293429,-0.06188863383729639,0.0013944332075981611,100.0,0.19288715310935936,0.2565810998460233,0.3839689933193511,0.4476629400560151
2025-10-09,33,-0.020535746589303,0.0031429770069015,-0.4606,2,0.6981870323617709,-1.3507323759099064,0.0017789660912407486,100.0,-0.5311646126012355,-0.3262726717740677,0.08351120988026772,0.28840315070743555
2025-10-10,33,0.032041247934103,0.0029523469379029,0.6559,2,0.6229636526238053,1.6205540953353321,0.0009893255016382753,100.0,1.2215179182507212,1.1217588739795687,0.9222407854372633,0.8224817411661107
2025-10-13,33,0.0053245886228978,0.0031836357565415,0.0,1,0.714231135896471,-0.12496027680058537,0.0014750615044252574,100.0,0.21071628827823718,0.2946354295479428,0.4624737120873541,0.5463928533570598
2025-10-14,33,0.0227337647229433,0.0029702965056031,0.1227,5,0.6300466230824394,0.2015751911992272,0.0013530412260653287,100.0,0.3729637639525121,0.4158109071408333,0.5015051935174757,0.544352336705797
2025-10-15,33,0.0017129391198977,0.002465451450783,0.0,1,0.43083276628083805,-0.12496027680058537,0.001343507400530708,100.0,0.09735694043198402,0.15293624474012635,0.26409485335641103,0.3196741576645534
2025-10-16,33,0.0073173027485609,0.0016980807648479,-0.0409,2,0.1280252563685213,-0.2338054328005229,0.001230590752274324,100.0,-0.08907315713290523,-0.0528900882160008,0.019476049617808036,0.05565911853471246
2025-10-17,33,0.012830588966608,0.0011592372555725,0.0,1,-0.08460452512654346,-0.12496027680058537,0.0011042403536634376,100.0,-0.10881797613096861,-0.10478240096356442,-0.09671125062875602,-0.09267567546135184
2025-10-20,33,-0.0237380433827638,0.0011468629631537,0.6686,2,-0.08948746989227639,1.6543519799612294,0.0006500193975868469,100.0,0.956816200019827,0.7824322550344766,0.43366436506377537,0.2592804200784248
2025-10-21,33,0.0049109891988337,0.0012821389506156,0.0404,2,-0.036107029819364714,-0.017445746179620185,0.001099443757581075,100.0,-0.024910259635517996,-0.02677638799949245,-0.03050864472744135,-0.03237477309141581
2025-10-22,33,0.0055226366966962,0.0014720790890834,0.0622,3,0.03884410060041195,0.040569520343573896,0.0011195000557420074,100.0,0.039879352446309115,0.039706810471992926,0.03936172652336053,0.03918918454904434
2025-10-23,33,0.0270271338522434,0.0023482614096072,0.0456,4,0.38458911219634123,-0.003607242238307827,0.0012912167190002287,100.0,0.1516712995355518,0.1904909349790167,0.2681302058659465,0.30694984130941144
2025-10-24,33,0.03597242385149,0.0024424827528974,0.6376,3,0.4217692271853988,1.5718532064649442,0.0009083009083616949,100.0,1.111819614753126,0.9968112168251715,0.7667944209692623,0.651786023041308
2025-10-27,33,-0.0066846450790762,0.0020189162720512,0.3595,2,0.25462821737334523,0.8317593706805281,0.0010187012743742665,100.0,0.6009069093576549,0.5431937940269367,0.42776756336550004,0.3700544480347818
2025-10-28,33,0.0265450645238161,0.0012700875782924,-0.9753,1,-0.04086254903726078,-2.720478141024034,0.001783820090669499,100.0,-1.648631904229325,-1.3806703450306475,-0.8447472266332928,-0.5767856674346155
2025-10-29,33,0.0251666381955146,0.000782905279451,0.4639,4,-0.23310661242072855,1.109593949809953,0.0007217223832314078,100.0,0.5725137249176804,0.4382436686946122,0.1697035562484759,0.03543350002540774
2025-10-30,33,-0.0010303218150511,0.00029038070045,-0.4873,2,-0.4274587606998438,-1.4217877711470293,0.001274487436107117,100.0,-1.0240561669681552,-0.9246232659234366,-0.7257574638339994,-0.6263245627892808
2025-10-31,33,0.0089974915608763,7.635276108570001e-05,0.2115,2,-0.5119150326925549,0.43789425850471503,0.0007629140510007573,100.0,0.05797054202580704,-0.03701038709391993,-0.2269722453333739,-0.3219531744531009
2025-11-03,34,-0.0217820517718791,0.0050512811848417,0.0,1,1.4512114140179315,-0.12496027680058537,0.002030627696318587,100.0,0.5055083995268215,0.6631255686086731,0.9783599067723765,1.1359770758542282
2025-11-04,34,0.0243928413838148,0.0055310421473986,0.6358,3,1.6405269887299918,1.567062955100644,0.0018922380568135574,100.0,1.596448568552383,1.603794971915318,1.6184877786411875,1.6258341820041224
2025-11-05,34,0.0015476606786251,0.0052179590340768,0.9408,4,1.516983153034673,2.378744436273772,0.001718002078664271,100.0,2.0340399229781325,1.9478637946542223,1.7755115380064026,1.6893354096824929
2025-11-06,34,-0.0207902994006872,0.0054266972318,-0.2124,3,1.5993520720390833,-0.690209937788036,0.0021832110097094316,100.0,0.22561486614281173,0.45457106712552364,0.9124834690909475,1.1414396700736595
2025-11-07,34,0.0404190123081207,0.0050506963142649,-0.9509,1,1.450980621773417,-2.655543622530184,0.002379939711677264,100.0,-1.0129339248087437,-0.6022815003783836,0.2190233484823365,0.6296757729126967
2025-11-10,34,0.0041709374636411,0.0042980613091841,0.0,0,1.1539878698498234,-0.12496027680058537,0.0018810886778614045,100.0,0.38661898185957816,0.514513796524619,0.7703034258547007,0.8981982405197417
2025-11-11,34,-0.0157907102257013,0.0043288461119559,0.0,0,1.1661356748693898,-0.12496027680058537,0.0018872004778001327,100.0,0.3914781038674047,0.5205876990344023,0.7788068893683973,0.9079164845353949
2025-11-12,34,-0.0283910389989614,0.002887029981162,0.1996,2,0.5971893229702547,0.4062253744851733,0.001527605160891054,100.0,0.4826109538792059,0.501707348727714,0.5399001384247303,0.5589965332732385
2025-11-13,34,-0.0077539281919598,0.0024137104076687,-0.0363,1,0.4104155458776181,-0.22156367931397736,0.0015203219937742708,100.0,0.03122801076266085,0.09442593328182036,0.22082177832013944,0.284019700839299
2025-11-14,34,0.031149374321103,0.0026624784631601,-0.9744,1,0.5085804051949713,-2.7180830153418842,0.001914435170964221,100.0,-1.4274176471271418,-1.1047513050734565,-0.4594186209660854,-0.13675227891239983
2025-11-17,34,-0.0025962588842958,0.0035049462412176,0.6281,3,0.841021524892016,1.5465713242644699,0.001492820639213762,100.0,1.2643514045154882,1.1937964245782429,1.0526864647037522,0.9821314847665068
2025-11-18,34,0.0300055928528308,0.0030659006759233,0.2693,4,0.6677724070907447,0.5917145523139177,0.0015375041749526403,100.0,0.6221376942246485,0.6297434797023311,0.6449550506576965,0.6525608361353793
2025-11-19,34,-0.0114749651402235,0.0023038261886394,0.9013,4,0.3670547981284708,2.2736250313349573,0.001153965579879396,100.0,1.5109969380523625,1.320339914731714,0.9390258680904167,0.7483688447697681
2025-11-20,34,0.0352737307548522,0.0020997915733314,0.4572,2,0.28654193136181116,1.0917635697317236,0.0012766518223145378,100.0,0.7696749143837586,0.6891527505467674,0.5281084228727848,0.44758625903579363
2025-11-21,34,0.0631381943821907,0.0023883812602674,-0.0533,3,0.40042056406065774,-0.26680494219903694,0.001521540327827161,100.0,8.52603048409617e-05,0.0668078109308104,0.20025291218274932,0.2669754628087188
2025-11-24,34,0.0152552546933293,0.0032153151471232,-0.2251,4,0.7267319488065901,-0.7240078224139334,0.0017488455218581406,100.0,-0.14371191392572397,0.001362063196328367,0.29151001744043303,0.4365839945624854
2025-11-25,34,-0.0107902009040117,0.0044603574562882,-0.8377,2,1.218030571862957,-2.354290036730846,0.0022211402418039193,100.0,-0.9253617932933249,-0.5681297324339446,0.146334389284816,0.5035664501441963
2025-11-26,34,0.0007187941810116,0.0052118187620944,0.2135,4,1.5145601774073083,0.4432167600206044,0.0019840446577655733,100.0,0.871754126975286,0.9788884687139563,1.1931571521912971,1.3002914939299677
2025-11-28,34,-0.016521917656064,0.006126048773498,0.3169,3,1.8753189584166294,0.7183900883920846,0.0021275530083243155,100.0,1.1811616364019026,1.296854523404357,1.528240297409266,1.6439331844117206
2025-12-01,35,0.0029215721879154,0.0047695659714245,0.3487,2,1.3400454757786724,0.8030178624947255,0.0018243877820377284,100.0,1.0178289078083043,1.071531669136699,1.1789371917934883,1.2326399531218832
2025-12-02,35,0.0120959840714931,0.0030039445164499,0.4725,4,0.6433242613409379,1.1324807063282771,0.0013817067885971042,100.0,0.9368181283333414,0.8879024838346075,0.7900711948371396,0.7411555503384057
2025-12-03,35,-0.00628855638206,0.0076549314174334,0.1362,2,2.4786221010094285,0.23750207643148039,0.0025555846720797665,100.0,1.1339500862626597,1.3580620887204544,1.8062860936360439,2.030398096093839
2025-12-04,35,0.0114916218444705,0.0026964506669884,0.0,1,0.5219859712871209,-0.12496027680058537,0.001681494611268618,100.0,0.13381822243449715,0.19851284724326776,0.327902096860809,0.39259672166957965
2025-12-05,35,-0.0228616669774055,-0.0004571905723147,-0.2257,3,-0.7224533438093234,-0.7256045728687003,0.0012316557110886388,100.0,-0.7243440812449495,-0.7240289583390118,-0.7233987125271364,-0.7230835896211988
2025-12-08,35,0.0107101406902074,0.0031255277780535,0.0,0,0.691301497594549,-0.12496027680058537,0.0017661237519742616,100.0,0.20154443295746838,0.28317061039698177,0.44642296527600867,0.5280491427155222
2025-12-09,35,0.0098713412880897,0.0040430010882875,0.318,3,1.0533400971592766,0.7213174642258238,0.0017045023939586356,100.0,0.8541265173992049,0.8873287806925502,0.9537333072792407,0.986935570572586
2025-12-10,35,-0.0242965519428253,0.0046615498213741,-0.3217,3,1.2974218754423898,-0.9810846456313899,0.0023144833987420593,100.0,-0.06968203720187793,0.1581686149055,0.6138699191202559,0.841720571227634
2025-12-11,35,-0.010050200857222,0.0075933486387369,-0.0536,3,2.454321292792022,-0.26760331742642035,0.002688223221037936,100.0,0.8211665266609567,1.0933589876828007,1.637743909726489,1.9099363707483337
2025-12-12,35,-0.0034595599863678,0.0050677982434962,-0.1168,3,1.457729110737282,-0.4357943653285243,0.002238306361697558,100.0,0.3216150250977983,0.5109673727043789,0.88967206791754,1.0790244155241209
2025-12-15,35,-0.0053532994352281,0.0025106021438237,0.5818,3,0.4486494084605031,1.4233554141716311,0.0012010251189371651,100.0,1.03347301188718,0.9360024113160671,0.7410612101738414,0.6435906096027287
2025-12-16,35,-0.0321297124028205,0.0044995283000231,-0.4491,2,1.2334875418383944,-1.3201279921935425,0.002379711387966993,100.0,-0.2986817785807677,-0.04332022517757406,0.4674028816288132,0.722764435032007
2025-12-17,35,0.0193448048084974,0.0048386739190496,0.9545,1,1.3673157454398168,2.4152035716576146,0.0013758968151037355,100.0,1.9960484411704953,1.8912596585487158,1.681682093305156,1.5768933106833765
2025-12-18,35,0.0155392857268452,0.0015116879510611,-0.052,3,0.05447391430812809,-0.2633453162137089,0.0014874846955885172,100.0,-0.13621762400497409,-0.1044357009527904,-0.040871854848423005,-0.009089931796239306
2025-12-19,35,0.0085297403857111,0.000551455614404,-0.1875,1,-0.3244375663227769,-0.6239447939152134,0.001401456268220361,100.0,-0.5041419028782388,-0.4741911801189952,-0.41428973460050783,-0.38433901184126423
2025-12-22,35,0.0147524289786815,0.0050082951957349,0.0629,3,1.4342489725784513,0.04243239587413517,0.002089489984448441,100.0,0.5991590265558616,0.7383406842262933,1.0167039995671565,1.1558856572375882
2025-12-23,35,-0.0008271345868706,0.0017757245076679,-0.9729,1,0.15866378459812963,-2.714091139204967,0.0022420507627446784,100.0,-1.5649891696837281,-1.2777136773034186,-0.7031626925427993,-0.4158872001624897
